id,audio_path,text,source,label_source,cohere_transcript
etib_val_001,arabic_sentence_ending_training/data/etib_validation/audio/etib_val_001.wav,ذَهَبَ الْمُدِيرُ إِلَى مَكْتَبِ الْمُتَرْجِمِ,etib_validation,gold_diacritized_text,
etib_val_002,arabic_sentence_ending_training/data/etib_validation/audio/etib_val_002.wav,قَرَأَ الطَّالِبُ نَصًّا عَرَبِيًّا بِصَوْتٍ وَاضِحٍ,etib_validation,gold_diacritized_text,
etib_val_003,arabic_sentence_ending_training/data/etib_validation/audio/etib_val_003.wav,حَضَرَ الْمُتَرْجِمُ الاجْتِمَاعَ فِي الصَّبَاحِ,etib_validation,gold_diacritized_text,
etib_val_004,arabic_sentence_ending_training/data/etib_validation/audio/etib_val_004.wav,كَتَبَتِ الطَّالِبَةُ تَرْجَمَةً دَقِيقَةً لِلنَّصِّ,etib_validation,gold_diacritized_text,
etib_val_005,arabic_sentence_ending_training/data/etib_validation/audio/etib_val_005.wav,يَشْرَحُ الأُسْتَاذُ قَاعِدَةَ الإِعْرَابِ بِمِثَالٍ بَسِيطٍ,etib_validation,gold_diacritized_text,
etib_val_006,arabic_sentence_ending_training/data/etib_validation/audio/etib_val_006.wav,اسْتَمَعَتِ الطَّالِبَةُ إِلَى خِطَابٍ قَصِيرٍ,etib_validation,gold_diacritized_text,
etib_val_007,arabic_sentence_ending_training/data/etib_validation/audio/etib_val_007.wav,قَدَّمَ الْمُتَرْجِمُ عَرْضًا مُهِمًّا أَمَامَ اللَّجْنَةِ,etib_validation,gold_diacritized_text,
etib_val_008,arabic_sentence_ending_training/data/etib_validation/audio/etib_val_008.wav,فَهِمَ الطُّلَّابُ مَعْنَى الْجُمْلَةِ بَعْدَ الشَّرْحِ,etib_validation,gold_diacritized_text,
etib_val_009,arabic_sentence_ending_training/data/etib_validation/audio/etib_val_009.wav,تَحْتَاجُ التَّرْجَمَةُ إِلَى دِقَّةٍ وَتَرْكِيزٍ,etib_validation,gold_diacritized_text,
etib_val_010,arabic_sentence_ending_training/data/etib_validation/audio/etib_val_010.wav,سَأَلَتِ الأُسْتَاذَةُ الطَّالِبَ عَنْ سَبَبِ الْخَطَإِ,etib_validation,gold_diacritized_text,
etib_val_011,arabic_sentence_ending_training/data/etib_validation/audio/etib_val_011.wav,يُصَحِّحُ النِّظَامُ نِهَايَةَ الْكَلِمَةِ بِحَذَرٍ,etib_validation,gold_diacritized_text,
etib_val_012,arabic_sentence_ending_training/data/etib_validation/audio/etib_val_012.wav,وَضَعَ الْمُدَرِّبُ تَمْرِينًا جَدِيدًا فِي الْمِنَصَّةِ,etib_validation,gold_diacritized_text,
etib_val_013,arabic_sentence_ending_training/data/etib_validation/audio/etib_val_013.wav,يَقْرَأُ الطَّالِبُ الْجُمْلَةَ ثُمَّ يُعِيدُهَا بِبُطْءٍ,etib_validation,gold_diacritized_text,
etib_val_014,arabic_sentence_ending_training/data/etib_validation/audio/etib_val_014.wav,تَظْهَرُ النَّتِيجَةُ بَعْدَ التَّحْلِيلِ الصَّوْتِيِّ,etib_validation,gold_diacritized_text,
etib_val_015,arabic_sentence_ending_training/data/etib_validation/audio/etib_val_015.wav,يُرَكِّزُ التَّمْرِينُ عَلَى الضَّمَّةِ وَالْفَتْحَةِ وَالْكَسْرَةِ,etib_validation,gold_diacritized_text,
asc_test_ARA NORM  0001,arabic_sentence_ending_training\data\raw\arabic_speech_corpus\arabic-speech-corpus\test set\wav\ARA NORM  0001.wav,أَتاحَت لِلبائِعِ لمُتَجَوِّلِ أَن يَكُونَ جاذِبَن لِلمُواطِنِ لأَقَلِّ دَخلَن,arabic_speech_corpus_wordtier,gold_diacritized_text,
asc_test_ARA NORM  0002,arabic_sentence_ending_training\data\raw\arabic_speech_corpus\arabic-speech-corpus\test set\wav\ARA NORM  0002.wav,أَحرَزَت مُنتَخَباتُ لبَرازِيلِ وَألمانيا وَرُوسيا فَوزَن فِي مُقابَلاتِهِم لإِعدادِيَّةِ لَّتِي أُقِيمَت ِستِعدادَن لِنِهائِيّاتِ كَأسِ لعالَم أَلَّتِي سَتَنطَلِقُ بَعدَ أَقَلِّ مِن أُسبُوع,arabic_speech_corpus_wordtier,gold_diacritized_text,
asc_test_ARA NORM  0003,arabic_sentence_ending_training\data\raw\arabic_speech_corpus\arabic-speech-corpus\test set\wav\ARA NORM  0003.wav,أَخفَقَ مَجلِسُ لنُّوّابِ للُّبنانِيُّ فِي ختِيارِ رَئِيسِن جَدِيدِن لِلبِلادِ خَلَفَن لِلرَّئِيسِ لحالِيِّ لَّذِي تَنتَهِي وِلايَتُهُ فِي لخامِسِ والعِشرِين مِن مايُو أَيارَ لمُقبِل,arabic_speech_corpus_wordtier,gold_diacritized_text,
asc_test_ARA NORM  0004,arabic_sentence_ending_training\data\raw\arabic_speech_corpus\arabic-speech-corpus\test set\wav\ARA NORM  0004.wav,إِذ سَيَحضُرُ لِقاءَ هَذا لعامِ خَمسُن وَ^َلا^ُونَ مِنهُم,arabic_speech_corpus_wordtier,gold_diacritized_text,
asc_test_ARA NORM  0005,arabic_sentence_ending_training\data\raw\arabic_speech_corpus\arabic-speech-corpus\test set\wav\ARA NORM  0005.wav,أَعلَنَتِ لحُكُومَةُ لمِصرِيَّةُ عَن وَقفِ تَقدِيمِ لدَّعمِ لنَّقدِيِّ لِمُزارِعِي لقُطنِ إِعتِبارَن مِنَ لمُوسِمِ لزِّراعِيِّ لمُقبِل,arabic_speech_corpus_wordtier,gold_diacritized_text,
asc_test_ARA NORM  0006,arabic_sentence_ending_training\data\raw\arabic_speech_corpus\arabic-speech-corpus\test set\wav\ARA NORM  0006.wav,أَعلَنَت وِزارَةُ لصِّحَّةِ لسَّعُودِيَّةُ ليَومَ عَن وَفاتَينِ جَدِيدَتَينِ بِالفَيرُوسِ لتَّاجِيِ كُورُونا نُوفِل,arabic_speech_corpus_wordtier,gold_diacritized_text,
asc_test_ARA NORM  0007,arabic_sentence_ending_training\data\raw\arabic_speech_corpus\arabic-speech-corpus\test set\wav\ARA NORM  0007.wav,إِفتُتِحَتِ لجُمُعَةَ فَعّالِيّاتُ لدَّورَةِ لرّابِعَةَ عَشرَةَ مِنَ لمِهرَجانِ لدَّولِيِّ لِلفِيلمِ بِمُرّاكِش,arabic_speech_corpus_wordtier,gold_diacritized_text,
asc_test_ARA NORM  0008,arabic_sentence_ending_training\data\raw\arabic_speech_corpus\arabic-speech-corpus\test set\wav\ARA NORM  0008.wav,أَكَّدَت عَشرُ دُوَلِن عَرَبِيَّةِن شارَكَتِ لخَمِيسَ لماضِيَ فِي جتِماعِ جدَّة مُوافَقَتَها عَلى لإِنضِمامِ إِلى حِلفِن مَعَ لوِلاياتِ لمُتَّحِدَةِ لِشَنِّ حَملَةِن عَسكَرِيَّةِن مُنَسَّقَةِن ضِدَّ تَنظِيمِ أَلدَّولَةِ لإِسلامِيَّةِ,arabic_speech_corpus_wordtier,gold_diacritized_text,
asc_test_ARA NORM  0009,arabic_sentence_ending_training\data\raw\arabic_speech_corpus\arabic-speech-corpus\test set\wav\ARA NORM  0009.wav,إِلتَحَقَ لُوكا زِيدانَ إِبنُ لنَّجمِ لدَّولِيِّ لفَرَنسِيِّ لجَزائِرِيِّ لأصلِ زَينِ لدِّينِ زِيدان بِالفَرِيق,arabic_speech_corpus_wordtier,gold_diacritized_text,
asc_test_ARA NORM  0010,arabic_sentence_ending_training\data\raw\arabic_speech_corpus\arabic-speech-corpus\test set\wav\ARA NORM  0010.wav,أَلمَشاكِلُ لَّتِي يَترُكُها خَلفَهُ دائِمَن,arabic_speech_corpus_wordtier,gold_diacritized_text,
asc_test_ARA NORM  0011,arabic_sentence_ending_training\data\raw\arabic_speech_corpus\arabic-speech-corpus\test set\wav\ARA NORM  0011.wav,أَلَّذِي يَتَضَمَّنُ مَزايا بَرمَجِيَّةَن وَبَصَرِيَّةَن عَدِيدَةَن تَهدِفُ لِمُواكَبَةِ لتَّطَوُّرِ لحاصِلِ فِي لفَضاءِ لإِلكترُونِي وَتَسهِيلِ ستِفادَةِ لقُرّاءِ مِن خَدَماتِ لمَوقِع,arabic_speech_corpus_wordtier,gold_diacritized_text,
asc_test_ARA NORM  0012,arabic_sentence_ending_training\data\raw\arabic_speech_corpus\arabic-speech-corpus\test set\wav\ARA NORM  0012.wav,أَلفِكرَةُ وَإِن بَدَت جَدِيدَةَن عَلى مُجتَمَعِن يَعِيشُ واقِعَن سَيِئََن لا تُشَجِّعُ عَلى لضَّحِك,arabic_speech_corpus_wordtier,gold_diacritized_text,
asc_test_ARA NORM  0013,arabic_sentence_ending_training\data\raw\arabic_speech_corpus\arabic-speech-corpus\test set\wav\ARA NORM  0013.wav,مُشِيرََن إِلى خِدمَةِ لقُرأانِ لكَرِيمِ وَتَعزِيزِ عَلاقَةِ لمُسلِمِينَ بِهِ,arabic_speech_corpus_wordtier,gold_diacritized_text,
asc_test_ARA NORM  0014,arabic_sentence_ending_training\data\raw\arabic_speech_corpus\arabic-speech-corpus\test set\wav\ARA NORM  0014.wav,إِنَّهُ عِندَما يَكُونُ أَحَدُ لزَّوجَينِ يَستَخدِمُ أَحَدَ أَشكالِ لتِّكنُولُوجيا أَك^َرَ مِنَ لأاخَر,arabic_speech_corpus_wordtier,gold_diacritized_text,
asc_test_ARA NORM  0015,arabic_sentence_ending_training\data\raw\arabic_speech_corpus\arabic-speech-corpus\test set\wav\ARA NORM  0015.wav,وَذَلِكَ بِحُضُورِ رَئيِسِ لهَيئَةِ,arabic_speech_corpus_wordtier,gold_diacritized_text,
asc_test_ARA NORM  0016,arabic_sentence_ending_training\data\raw\arabic_speech_corpus\arabic-speech-corpus\test set\wav\ARA NORM  0016.wav,وَذَلِكَ فِي بُطُولَةَ كَأسِ لعالَمِ لِلأَندِيَةِ بَعدَ نُسخَةِن تارِيخِيَّةِن أَلعامَ لماضِيَ إِنتَهَت بِتَتوِيجِ بايرِن مِيُونِيخَ لأَلمانِيَّ عَلى حِسابِ لرَّجاءِ لمَغرِبِيِّ فِي أَوَّلِ تَأَهُّلِن لِفَرِيقِن عَرَبِيِّن إِلى نِهائِيِّ لمُسابَقَةِ,arabic_speech_corpus_wordtier,gold_diacritized_text,
asc_test_ARA NORM  0017,arabic_sentence_ending_training\data\raw\arabic_speech_corpus\arabic-speech-corpus\test set\wav\ARA NORM  0017.wav,بَل يَجِبُ لبَح^ُ فِيما تُمَ^ِّلُهُ مِن إِضافَةِن حَقِيقِيَّةِن لِلإِقتِصادِ لمَصرِيِّ فِي مَجالاتِ لتَّوظِيف بِاعتِبارِ أَنَّ مُشكِلَةَ لبِطالَةِ مِنَ لمُشكِلاتِ لرَّئِيسِيَّةِ فِي مِصر,arabic_speech_corpus_wordtier,gold_diacritized_text,
asc_test_ARA NORM  0018,arabic_sentence_ending_training\data\raw\arabic_speech_corpus\arabic-speech-corpus\test set\wav\ARA NORM  0018.wav,تَحتَضِنُ قاعَةُ ذا فِينيُو- وَسَطَ بَيرُوتَ مَعرِضَ لفَنِّ لإِستِ^نائِيِّ,arabic_speech_corpus_wordtier,gold_diacritized_text,
asc_test_ARA NORM  0019,arabic_sentence_ending_training\data\raw\arabic_speech_corpus\arabic-speech-corpus\test set\wav\ARA NORM  0019.wav,تَربِيَةُ لحَمامِ هِوايَةُن وَمِهنَةُن لِبَعضِ لنّاس,arabic_speech_corpus_wordtier,gold_diacritized_text,
asc_test_ARA NORM  0020,arabic_sentence_ending_training\data\raw\arabic_speech_corpus\arabic-speech-corpus\test set\wav\ARA NORM  0020.wav,تَسعى شَبَكَةُ لتَّواصُلِ لإِجتِماعِيِّ لصّاعِدَةُ إِيلو إِلى مُنافَسَةِ شَبَكَةِ فيسبُوك عَبرَ لتَّخَلِّي عَنِ لإِعلاناتِ والحِفاظِ عَلى لخُصُوصِيَّةِ وَحِمايَةِ لبَيانات,arabic_speech_corpus_wordtier,gold_diacritized_text,
asc_test_ARA NORM  0021,arabic_sentence_ending_training\data\raw\arabic_speech_corpus\arabic-speech-corpus\test set\wav\ARA NORM  0021.wav,جَمعُ لمُؤَنَّ^ِ لسَّالِمِ مِ^لَ فازَت إِحدى لطَّالِباتِ فِي مُسابَقَةِ لقِراءاتِ لقُرأانِيَّةِ,arabic_speech_corpus_wordtier,gold_diacritized_text,
asc_test_ARA NORM  0022,arabic_sentence_ending_training\data\raw\arabic_speech_corpus\arabic-speech-corpus\test set\wav\ARA NORM  0022.wav,حَتّى لأَمسِ لقَرِيب كانَ لكَ^ِيرُ مِنَ لأُوكرانِيِّين يُشَكِّكُونَ فِي نتِماءِ تَتارِ شِبهِ جَزِيرَةِ لقَرم,arabic_speech_corpus_wordtier,gold_diacritized_text,
asc_test_ARA NORM  0023,arabic_sentence_ending_training\data\raw\arabic_speech_corpus\arabic-speech-corpus\test set\wav\ARA NORM  0023.wav,حَذَّرَتِ لأُمَمُ لمُتَّحِدَةُ مِن أَنَّ لعالَمَ سَيُواجِهُ خِلالَ لعُقُودِ لمُقبِلَةِ تَفاقُمَ أَزمَةِن مُزدَوِجَةِن فِي لمِياه والكَهرَباء,arabic_speech_corpus_wordtier,gold_diacritized_text,
asc_test_ARA NORM  0024,arabic_sentence_ending_training\data\raw\arabic_speech_corpus\arabic-speech-corpus\test set\wav\ARA NORM  0024.wav,حُضُورُ بَعضِ لزُّعَماءِ فِي أَلمَسِيرَةِ لجُمهُورِيَّةِ بِبارِيس,arabic_speech_corpus_wordtier,gold_diacritized_text,
asc_test_ARA NORM  0025,arabic_sentence_ending_training\data\raw\arabic_speech_corpus\arabic-speech-corpus\test set\wav\ARA NORM  0025.wav,حَي^ُ كانَ لعَرَبُ أوَّلَ مَن عَرَفَ قِيمَتَها لعِلاجِيَّةَ فِي لقَرنِ لعاشِرِ قَبلَ لمِيلاد فِي مَملَكَةِ سَبَأ,arabic_speech_corpus_wordtier,gold_diacritized_text,
asc_test_ARA NORM  0026,arabic_sentence_ending_training\data\raw\arabic_speech_corpus\arabic-speech-corpus\test set\wav\ARA NORM  0026.wav,دَخَلَتِ لتِّكنُولُوجيا فِي كُلِّ بَيتِن وَأُسرَةِن وَأَصبَحَت تُشَكِّلُ لجُزءَ لكَبِيرَ مِن حَياتِنا,arabic_speech_corpus_wordtier,gold_diacritized_text,
asc_test_ARA NORM  0027,arabic_sentence_ending_training\data\raw\arabic_speech_corpus\arabic-speech-corpus\test set\wav\ARA NORM  0027.wav,دُونَ تَحمِيلِ لجِسمِ جُهدَن كَبِيرَن فِي لبِدايَةِ قَد يَتَسَبَّبُ فِي نُفُورِ لشَّخصِ مِنَ لإِستِمرار,arabic_speech_corpus_wordtier,gold_diacritized_text,
asc_test_ARA NORM  0028,arabic_sentence_ending_training\data\raw\arabic_speech_corpus\arabic-speech-corpus\test set\wav\ARA NORM  0028.wav,رَغمَ لنِّزاعِ لدّامِي أَلَّذِي يَعصِفُ بِالبِلاد مُنذُ ^َلأَ^ِ سَنَوات,arabic_speech_corpus_wordtier,gold_diacritized_text,
asc_test_ARA NORM  0029,arabic_sentence_ending_training\data\raw\arabic_speech_corpus\arabic-speech-corpus\test set\wav\ARA NORM  0029.wav,رَفَضَ مَجلِسُ لأَمنِ لدَّولِيُّ مَشرُوعَ لقَرارِ لفِلِسطِينِيِّ لرّامِي إِلى إِنهاءِ لإِحتِلالِ لإِسرائِيلِيِّ فِي عامَين,arabic_speech_corpus_wordtier,gold_diacritized_text,
asc_test_ARA NORM  0030,arabic_sentence_ending_training\data\raw\arabic_speech_corpus\arabic-speech-corpus\test set\wav\ARA NORM  0030.wav,رَمزُ لدَّولَةِ لتُّركِيَّةِ لعِلمانِيَّةِ َلَّتِي تَأَسَّسَت عَقِبَ نهِيارِ لدَّولَةِ لعُ^مانِيَّةِ,arabic_speech_corpus_wordtier,gold_diacritized_text,
asc_test_ARA NORM  0031,arabic_sentence_ending_training\data\raw\arabic_speech_corpus\arabic-speech-corpus\test set\wav\ARA NORM  0031.wav,شارَكَ مَوقِعُ أَلجَزِيرَةِ لِتَعَلُّمِ لعَرَبِيَّةِ فِي لمُؤتَمَرِ لدَّولِيِّ ل^ّانِي لِلُّغَةِ لعَرَبِيَّةِ أَلَّذِي نَظَّمَتهُ جامِعَةُ مَولانا مالِك إِبراهِيم أَلإِسلامِيَّةُ لحُكُومِيَةُ بِمَدِينَةِ مالانق بِالتَّعاوُنِ مَعَ جامِعَةِ دارِ لسَّلام بِمَدِينَةِ كُونتُور فِي أَندُونِيسيا,arabic_speech_corpus_wordtier,gold_diacritized_text,
asc_test_ARA NORM  0032,arabic_sentence_ending_training\data\raw\arabic_speech_corpus\arabic-speech-corpus\test set\wav\ARA NORM  0032.wav,شَرَعَ لإِتِّحادُ لتُّونُسِيُّ لِلفُرُوسِيَّةِ فِي تَنفِيذ خُطَّةِن تَرنُو إِلى لمُضِيِّ بِهَذِهِ لرِّياضَةِ نَحوَ بُلُوغِ لعالَمِيَّةِ,arabic_speech_corpus_wordtier,gold_diacritized_text,
asc_test_ARA NORM  0033,arabic_sentence_ending_training\data\raw\arabic_speech_corpus\arabic-speech-corpus\test set\wav\ARA NORM  0033.wav,شَهِدَ عامُ أَلفَينِ وَأَربَعَةَ عَشرَةَ عِدَّةَ إِنجازاتِن طِبِّيَّةِن,arabic_speech_corpus_wordtier,gold_diacritized_text,
asc_test_ARA NORM  0034,arabic_sentence_ending_training\data\raw\arabic_speech_corpus\arabic-speech-corpus\test set\wav\ARA NORM  0034.wav,عادَ إِرتِفاعُ أَسعارِ لأدوِيَةِ وَشُحُّ لمُنقِذِ لِلحَياةِ مِنها لِيُطِلَّ بِرَأسِهِ فِي لسُّودانِ مِن جَدِيدِن,arabic_speech_corpus_wordtier,gold_diacritized_text,
asc_test_ARA NORM  0035,arabic_sentence_ending_training\data\raw\arabic_speech_corpus\arabic-speech-corpus\test set\wav\ARA NORM  0035.wav,عَلى عتِبارِها تُساعِدُ عَلى تَوسِيعِ مَدارِكِ لأَطفال وَتَجعَلُ مِنهُم أُناسَن مُ^َقَّفِينَ مُستَقبَلَن وَمُواكِبِينَ لِعَصرِ تِكنُولُوجيا لمَعلُومات,arabic_speech_corpus_wordtier,gold_diacritized_text,
asc_test_ARA NORM  0036,arabic_sentence_ending_training\data\raw\arabic_speech_corpus\arabic-speech-corpus\test set\wav\ARA NORM  0036.wav,وَذَلِكَ عَلى خِلافِ نُظَرائِهِ لسّابِقِين,arabic_speech_corpus_wordtier,gold_diacritized_text,
asc_test_ARA NORM  0037,arabic_sentence_ending_training\data\raw\arabic_speech_corpus\arabic-speech-corpus\test set\wav\ARA NORM  0037.wav,فَتَحَت أَكادِيمِيَّةُ لمُوسِيقى لعَرَبِيَّةِ رَسمِيَّن يَومَ لسَّبت أَبوابَها فِي برُوكسِل بِحُضُورِ مَجمُوعَةِن مِنَ لوُزَراء وَرِجالِ لفَنِّ لبَلجِيكِيِّينَ والعَرَب,arabic_speech_corpus_wordtier,gold_diacritized_text,
asc_test_ARA NORM  0038,arabic_sentence_ending_training\data\raw\arabic_speech_corpus\arabic-speech-corpus\test set\wav\ARA NORM  0038.wav,فَتَحظى بِتَعَلُّمِن يَمحُو أُمِّيَّتَها وَيُضِيءُ لَها طَرِيقَ لمَعرِفَةِ والتِّكنُولُوجيا,arabic_speech_corpus_wordtier,gold_diacritized_text,
asc_test_ARA NORM  0039,arabic_sentence_ending_training\data\raw\arabic_speech_corpus\arabic-speech-corpus\test set\wav\ARA NORM  0039.wav,فَهَذا لمَنزِلُ لمُتَواضِع أَصبَحَ مَحَجََّن لِعَدَدِن كَبِيرِن مِنَ لنِّساءِ لمَرِيضاتِ بِالسَّرَطان,arabic_speech_corpus_wordtier,gold_diacritized_text,
asc_test_ARA NORM  0040,arabic_sentence_ending_training\data\raw\arabic_speech_corpus\arabic-speech-corpus\test set\wav\ARA NORM  0040.wav,حَدَ^َ ذَلِكَ فِي حَي يَعقُوبَ لمَنصُور- لشَّعبِيِّ,arabic_speech_corpus_wordtier,gold_diacritized_text,
asc_test_ARA NORM  0041,arabic_sentence_ending_training\data\raw\arabic_speech_corpus\arabic-speech-corpus\test set\wav\ARA NORM  0041.wav,فِي حِينِ كانَ لمَركَزُ لأَوَّلُ فِي لوَ^بِ لعالِي مِن نَصِيبِ لكُرُواتِيَّةِ أانا سِيمِيتش,arabic_speech_corpus_wordtier,gold_diacritized_text,
asc_test_ARA NORM  0042,arabic_sentence_ending_training\data\raw\arabic_speech_corpus\arabic-speech-corpus\test set\wav\ARA NORM  0042.wav,قالَ باحِ^ُونَ إِنَّ رِياحَن أَقوى مِنَ لمُعتاد خَفَّفَت مِن حَرارَةِ سَطحِ لمُحِيطِ لهادِي هِيَ سَبَبُ لتَّباطُئِ لمُؤَقَّت فِي رتِفاعِ دَرَجَةِ حَرارَةِ لأَرض مُنذُ بِدايَةِ لقَرنِ لحادِي والعِشرِين,arabic_speech_corpus_wordtier,gold_diacritized_text,
asc_test_ARA NORM  0043,arabic_sentence_ending_training\data\raw\arabic_speech_corpus\arabic-speech-corpus\test set\wav\ARA NORM  0043.wav,قَبلَ أَن يُسلِمَ لِيُدافِعَ عَن دِينِه مُحِبََّن وَمُحتَرِمَن لِأَصلِهِ وَماضِيه,arabic_speech_corpus_wordtier,gold_diacritized_text,
asc_test_ARA NORM  0044,arabic_sentence_ending_training\data\raw\arabic_speech_corpus\arabic-speech-corpus\test set\wav\ARA NORM  0044.wav,كَما تَمَّ تَحسِينُ واجِهاتِ لتَّنَقُّل واختِيارِ وَسائِلِ لنَّقلِ لمُناسِبَةِ بِشَكلِن كَبِير,arabic_speech_corpus_wordtier,gold_diacritized_text,
asc_test_ARA NORM  0045,arabic_sentence_ending_training\data\raw\arabic_speech_corpus\arabic-speech-corpus\test set\wav\ARA NORM  0045.wav,كَما تُوُفِّيَتِ لرِّوائِيَّةُ لبارِزَةُ والأُستاذَةُ لجامِعِيَّةُ لمِصرِيَّةُ رَضوى عاشُور عَن ^َمانِي وَسِتِّينَ عامَن,arabic_speech_corpus_wordtier,gold_diacritized_text,
asc_test_ARA NORM  0046,arabic_sentence_ending_training\data\raw\arabic_speech_corpus\arabic-speech-corpus\test set\wav\ARA NORM  0046.wav,كَما شارَكَت طالِباتُن مِن مَدارِسَ فِلَسطِينِيَّةِن أَلفَنّانَةَ لتُّركِيَّةَ فِي عَمَلِ لَوحات,arabic_speech_corpus_wordtier,gold_diacritized_text,
asc_test_ARA NORM  0047,arabic_sentence_ending_training\data\raw\arabic_speech_corpus\arabic-speech-corpus\test set\wav\ARA NORM  0047.wav,لامَسَ مُذَنَّبُن يُطلَقُ عَلَيهِ إِسمُ سايدِينغ سبرِينغ كَوكَبَ لمِرِّيخِ عِندَ مُرُورِهِ بِمُحاذاتِه,arabic_speech_corpus_wordtier,gold_diacritized_text,
asc_test_ARA NORM  0048,arabic_sentence_ending_training\data\raw\arabic_speech_corpus\arabic-speech-corpus\test set\wav\ARA NORM  0048.wav,لَقَد ساهَمَتِ لتِّكنُلُوجيا فِي تَقلِيلِ لنِّزاعاتِ لأُسَرِيَّةِ وَأَعطَت لِكُلِّ فَردِن نَوعَن مِنَ لإِستِقلالِيَّةِ,arabic_speech_corpus_wordtier,gold_diacritized_text,
asc_test_ARA NORM  0049,arabic_sentence_ending_training\data\raw\arabic_speech_corpus\arabic-speech-corpus\test set\wav\ARA NORM  0049.wav,لَكِنَّ مَصدَرَن فِي لوَفدِ قال إِنَّ لسِّعرَ سَيَنخَفِضُ بَعدَ نخِفاضِ أَسعارِ لنَّفطِ فِي لعالَم,arabic_speech_corpus_wordtier,gold_diacritized_text,
asc_test_ARA NORM  0050,arabic_sentence_ending_training\data\raw\arabic_speech_corpus\arabic-speech-corpus\test set\wav\ARA NORM  0050.wav,لَم يَمنَع ضَعفُ مَوارِدِ لتَّموِيل وارتِفاعُ كُلفَةِ لمُشارَكاتِ لدَّولِيَّةِ رِياضَةَ لفُرُوسِيَّةِ فِي تُونُسَ مِن أَن تَستَقطِبَ لمِئات مِن عُشّاقِها فِي بَلَدِن يَكادُ لإِهتِمامُ فِيهِ يَقتَصِر عَلى رِياضاتِن شَعبِيَّةِن مُعَيَّنَةِن,arabic_speech_corpus_wordtier,gold_diacritized_text,
asc_test_ARA NORM  0051,arabic_sentence_ending_training\data\raw\arabic_speech_corpus\arabic-speech-corpus\test set\wav\ARA NORM  0051.wav,لِيَضَعا بِذَلِكَ حَدََن لِلعَدِيدِ مِنَ لتَّقارِير أَلَّتِي أَكَّدَت إِمكانِيَّةَ رَحِيلِ للّاعِبِ لمُشاغِبِ قَرِيبََن,arabic_speech_corpus_wordtier,gold_diacritized_text,
asc_test_ARA NORM  0052,arabic_sentence_ending_training\data\raw\arabic_speech_corpus\arabic-speech-corpus\test set\wav\ARA NORM  0052.wav,مُضِيفَن نُحاوِلُ خَلقَ فُرَصِ عَمَلِن بِأَيدِينا,arabic_speech_corpus_wordtier,gold_diacritized_text,
asc_test_ARA NORM  0053,arabic_sentence_ending_training\data\raw\arabic_speech_corpus\arabic-speech-corpus\test set\wav\ARA NORM  0053.wav,وَذَلِكَ مُقارَنَةَن مَعَ لمَحاصِيلِ لزِّراعِيَّةِ لأُخرى,arabic_speech_corpus_wordtier,gold_diacritized_text,
asc_test_ARA NORM  0054,arabic_sentence_ending_training\data\raw\arabic_speech_corpus\arabic-speech-corpus\test set\wav\ARA NORM  0054.wav,مُلقِيَن لضَّوءَ عَلى قَضِيَّةِ لفِتنَةِ لطّائِفِيَّةِ فِي لمُجتَمَعِ لمِصرِيِّ بِأُسلُوبِن بَسِيطِن مِن خِلالِ عَلاقاتِ لأَطفال فِي لمَدرَسَةِ بِزَمِيلِهِمُ لمَسِيحِيِّ,arabic_speech_corpus_wordtier,gold_diacritized_text,
asc_test_ARA NORM  0055,arabic_sentence_ending_training\data\raw\arabic_speech_corpus\arabic-speech-corpus\test set\wav\ARA NORM  0055.wav,مِمّا يَدعَمُ نَتائِجَ دِراساتِن سابِقَةِن تُحَذِّرُ مِن مَخاطِرِ لإِفراطِ فِي ستِعمالِ لجَوّال,arabic_speech_corpus_wordtier,gold_diacritized_text,
asc_test_ARA NORM  0056,arabic_sentence_ending_training\data\raw\arabic_speech_corpus\arabic-speech-corpus\test set\wav\ARA NORM  0056.wav,مِن بَينِها أَلإِستِقرارُ وَنَوعِيَّةُ لرِّعايَةِ لصِّحِّيَّةِ وال^َّقافَةِ والبِيئَةِ والتَّعلِيمِ والبِنيَةِ لتَّحتِيَّةِ,arabic_speech_corpus_wordtier,gold_diacritized_text,
asc_test_ARA NORM  0057,arabic_sentence_ending_training\data\raw\arabic_speech_corpus\arabic-speech-corpus\test set\wav\ARA NORM  0057.wav,مِنها أَقمِشَةُن وَأَدَواتُن مَعدَنِيَّةُن وَخَشَبِيَّةُن وَقِنانُن بلاستِيكِيَّةُن وَزُجاجِيَّةُن وَأَوراقُ صُحُف,arabic_speech_corpus_wordtier,gold_diacritized_text,
asc_test_ARA NORM  0058,arabic_sentence_ending_training\data\raw\arabic_speech_corpus\arabic-speech-corpus\test set\wav\ARA NORM  0058.wav,هَل لِلصِّيامِ تَأ^ِيرُن عَلى عَمَلِ لمُسلِمِينَ فِي لشَّرِكاتِ بِأُورُوبّا,arabic_speech_corpus_wordtier,gold_diacritized_text,
asc_test_ARA NORM  0059,arabic_sentence_ending_training\data\raw\arabic_speech_corpus\arabic-speech-corpus\test set\wav\ARA NORM  0059.wav,هُناكَ فِكرَةُن طُرِحَت بادِئَ لأَمر بِعَقدِ قِمَّةِن أُورُوبِيَّةِن فِي سَرَيِيفُو بِهَذِهِ لمُناسَبَةِ,arabic_speech_corpus_wordtier,gold_diacritized_text,
asc_test_ARA NORM  0060,arabic_sentence_ending_training\data\raw\arabic_speech_corpus\arabic-speech-corpus\test set\wav\ARA NORM  0060.wav,وَ يُمكِنُ أَن تُحصَدَ ل^ِّمار عَلى مَدى فَترَةِن زَمَنِيَّةِن طَوِيلَةِن,arabic_speech_corpus_wordtier,gold_diacritized_text,
asc_test_ARA NORM  0061,arabic_sentence_ending_training\data\raw\arabic_speech_corpus\arabic-speech-corpus\test set\wav\ARA NORM  0061.wav,وَأحرَزَ لمَركَزَ ل^ّالِ^ أَلرِّوائِيُّ لجَزائِرِيُّ أَحمَدُ طِيباوِي عَن رِوايَتِهِ مَوتُن ناعِم,arabic_speech_corpus_wordtier,gold_diacritized_text,
asc_test_ARA NORM  0062,arabic_sentence_ending_training\data\raw\arabic_speech_corpus\arabic-speech-corpus\test set\wav\ARA NORM  0062.wav,واختَتَمَ لبَرازِيلِيُّونَ مُباراياتِهِمِ لإِعدادِيَّةَ بِالفَوزِ عَلى صِربيا بِهَدَفِن وَحِيدِن سَجَّلَهُ لمُهاجِمُ فَريدُن فِي لشَّوطِ ل^ّانِي مِنَ لمُباراةِ أَلَّتِي أُقِيمَت فِي ساوباولُو,arabic_speech_corpus_wordtier,gold_diacritized_text,
asc_test_ARA NORM  0063,arabic_sentence_ending_training\data\raw\arabic_speech_corpus\arabic-speech-corpus\test set\wav\ARA NORM  0063.wav,واشتَهَرَ لرّاحِلُ بِمَقالاتِهِ وَكُتُبِهِ لرَّصِينَةِ أَلَّتِي تَضَمَّنَت قِراءاتِن مُستَقبَلِيَّةَن لِلأافاقِ لسِّياسِيَّةِ والإِجتِماعِيَّةِ فِي لعالَمِ لعَرَبِيِّ لإِسلامِيِّ,arabic_speech_corpus_wordtier,gold_diacritized_text,
asc_test_ARA NORM  0064,arabic_sentence_ending_training\data\raw\arabic_speech_corpus\arabic-speech-corpus\test set\wav\ARA NORM  0064.wav,وَأَصبَحَ هَذا لصَّرحُ مَتحَفَن رَسمِيَّن,arabic_speech_corpus_wordtier,gold_diacritized_text,
asc_test_ARA NORM  0065,arabic_sentence_ending_training\data\raw\arabic_speech_corpus\arabic-speech-corpus\test set\wav\ARA NORM  0065.wav,وأَضافَ لبَيانُ َنَّ فَرِيقََن مِن لأَطِبّاءِ والمُمَرِّضات وإِختِصاصِيِّينَ أاخَرِينَ فِي مَجالِ لصِّحَّةِ يَعتَنُونَ بِماندِيلّا عَلى مَدارِ لسّاعَةِ,arabic_speech_corpus_wordtier,gold_diacritized_text,
asc_test_ARA NORM  0066,arabic_sentence_ending_training\data\raw\arabic_speech_corpus\arabic-speech-corpus\test set\wav\ARA NORM  0066.wav,واعتَبَرُوها فَلسَفَةَن رُوحِيَّةَن مُتَكامِلَةَن لِتَحرِيرِ لجِسمِ والفِكر,arabic_speech_corpus_wordtier,gold_diacritized_text,
asc_test_ARA NORM  0067,arabic_sentence_ending_training\data\raw\arabic_speech_corpus\arabic-speech-corpus\test set\wav\ARA NORM  0067.wav,أَلتَّوَحُّدُ هُوَ مَجمُوعَةُ ضطِراباتِن عَصَبِيَّةِن فِي لتَّطَوُّر تَشمَلُ أَعراضُها وُجُودَ مَشاكِلَ فِي لسُّلُوكِ لاجتِماعِيِّ لِلشَّخصِ لمُصاب,arabic_speech_corpus_wordtier,gold_diacritized_text,
asc_test_ARA NORM  0068,arabic_sentence_ending_training\data\raw\arabic_speech_corpus\arabic-speech-corpus\test set\wav\ARA NORM  0068.wav,والعَمَلُ لرَّئِيسِيُّ لَهُ هُوَ رِوايَتَهُ لمَلحَمِيَّةُ مائَةُ عامِن مِنَ لعُزلَةِ أَلَّتِي نالَ عَنها جائِزَةَ نُوبِلَ فِي لأَدَب عامَ أَلفِن وَتِسعِمِئَةِن وَإِ^نانِ وَ^َمانُون,arabic_speech_corpus_wordtier,gold_diacritized_text,
asc_test_ARA NORM  0069,arabic_sentence_ending_training\data\raw\arabic_speech_corpus\arabic-speech-corpus\test set\wav\ARA NORM  0069.wav,والمِيكُونغ وَسأَلُوين فِي جَنُوبِ شَرقِ أاسيا,arabic_speech_corpus_wordtier,gold_diacritized_text,
asc_test_ARA NORM  0070,arabic_sentence_ending_training\data\raw\arabic_speech_corpus\arabic-speech-corpus\test set\wav\ARA NORM  0070.wav,وَأنَّ أَهَمَّ مُعَوِّقاتِ نَجاحِها تَكمُنُ فِي عَدَمِ تَفَرُّغِ أَصحابِها لِإِدارَتِها,arabic_speech_corpus_wordtier,gold_diacritized_text,
asc_test_ARA NORM  0071,arabic_sentence_ending_training\data\raw\arabic_speech_corpus\arabic-speech-corpus\test set\wav\ARA NORM  0071.wav,وَأَوضَحَ لباحِ^ُونَ أَنَّ سُوءَ لتَّغذِيَةِ هُوَ لسَّبَبُ لرَّئِيسِيُّ لِتَوَقُّفِ لنُّمُو عِندَ لأَطفال,arabic_speech_corpus_wordtier,gold_diacritized_text,
asc_test_ARA NORM  0072,arabic_sentence_ending_training\data\raw\arabic_speech_corpus\arabic-speech-corpus\test set\wav\ARA NORM  0072.wav,وَأَوضَحَتِ لمَجَلَّةُ أَنَّ لسَّبَبَ فِي ذَلِكَ يَرجِعُ إِلى تَضَيُّقِ لشُّعَبِ لهَوائِيَّةِ وَتَشَنُّجِها بِفِعلِ لهَواءِ لبارِد,arabic_speech_corpus_wordtier,gold_diacritized_text,
asc_test_ARA NORM  0073,arabic_sentence_ending_training\data\raw\arabic_speech_corpus\arabic-speech-corpus\test set\wav\ARA NORM  0073.wav,وَباتَ أَتلِتِيكُو مَدرِيد فِي صَدارَةِ لتَّرتِيبِ لعامِّ بِأَربَعِ نِقاط,arabic_speech_corpus_wordtier,gold_diacritized_text,
asc_test_ARA NORM  0074,arabic_sentence_ending_training\data\raw\arabic_speech_corpus\arabic-speech-corpus\test set\wav\ARA NORM  0074.wav,وَبِالتّالِي تُساعِدُ عَلى لوِقايَةِ مِنَ لإِمساك,arabic_speech_corpus_wordtier,gold_diacritized_text,
asc_test_ARA NORM  0075,arabic_sentence_ending_training\data\raw\arabic_speech_corpus\arabic-speech-corpus\test set\wav\ARA NORM  0075.wav,وَذَلِكَ بِزِيارَةِ جُمهُورِن خاصِّن جِدَّن سَنَوِيَّن,arabic_speech_corpus_wordtier,gold_diacritized_text,
asc_test_ARA NORM  0076,arabic_sentence_ending_training\data\raw\arabic_speech_corpus\arabic-speech-corpus\test set\wav\ARA NORM  0076.wav,وَبِسَبَبِ شُكُوكِن بِأَنَّ لطّائِرَةَ كانَت تُقِلُّ ِدوارد سنُودُن أَلَّذِي تَتَّهِمُهُ واشِنطُن بِالتَّجَسُّس,arabic_speech_corpus_wordtier,gold_diacritized_text,
asc_test_ARA NORM  0077,arabic_sentence_ending_training\data\raw\arabic_speech_corpus\arabic-speech-corpus\test set\wav\ARA NORM  0077.wav,وَبَعَ^ُوا رِسالَةَن إِلى لرَّئِيسِ تَتَضَمَّنُ مَطالِبَ لِعَودَتِهِم,arabic_speech_corpus_wordtier,gold_diacritized_text,
asc_test_ARA NORM  0078,arabic_sentence_ending_training\data\raw\arabic_speech_corpus\arabic-speech-corpus\test set\wav\ARA NORM  0078.wav,وَبَعدَ شُهُورِن مِنَ لحَيرَةِ والقَلَق تَعَرَّفَ كُومار عَلى مَركَزِ عَبدِ للهِ بنِ زَيدِ ل^َّقافِيِّ لِلتَّعرِيفِ بِالإِسلام,arabic_speech_corpus_wordtier,gold_diacritized_text,
asc_test_ARA NORM  0079,arabic_sentence_ending_training\data\raw\arabic_speech_corpus\arabic-speech-corpus\test set\wav\ARA NORM  0079.wav,وَبِهَذا يَبقى مِئَةُن وَسِتَّةُن وَ^ّلأَ^ُونَ مُحتَجَزَن فِي لمُعتَقَلِ لمُ^ِيرِ لِلجَدَل,arabic_speech_corpus_wordtier,gold_diacritized_text,
asc_test_ARA NORM  0080,arabic_sentence_ending_training\data\raw\arabic_speech_corpus\arabic-speech-corpus\test set\wav\ARA NORM  0080.wav,وَتُستَخدَمُ فِي بَعضِ لدُّوَل وَسائِلُ عِلاجِن مُختَلِفَةُن,arabic_speech_corpus_wordtier,gold_diacritized_text,
asc_test_ARA NORM  0081,arabic_sentence_ending_training\data\raw\arabic_speech_corpus\arabic-speech-corpus\test set\wav\ARA NORM  0081.wav,وَتَطَوَّرَ ستِخدامُ لطّائِراتِ لعامِلَةِ بِدُونِ طَيّار وَبَدَأَتِ لسّاعاتُ لذَّكِيَّةُ َلإِنتِشارَ وَكَذَلِكَ لطِّباعَةُ ل^ُّلا^ِيَّةُ لأَبعاد,arabic_speech_corpus_wordtier,gold_diacritized_text,
asc_test_ARA NORM  0082,arabic_sentence_ending_training\data\raw\arabic_speech_corpus\arabic-speech-corpus\test set\wav\ARA NORM  0082.wav,وَجاءَ هَذا لقَرار بَعدَ إِعلانِ لسَّعُودِيَّةِ تَخفِيضَ أَعدادِ لحُجَّاجِ هَذا لعام,arabic_speech_corpus_wordtier,gold_diacritized_text,
asc_test_ARA NORM  0083,arabic_sentence_ending_training\data\raw\arabic_speech_corpus\arabic-speech-corpus\test set\wav\ARA NORM  0083.wav,وَجاءَتِ لأَرقامُ صادِمَةَن فِي ما يَخُصُّ لشَّرقَ لأَوسَط,arabic_speech_corpus_wordtier,gold_diacritized_text,
asc_test_ARA NORM  0084,arabic_sentence_ending_training\data\raw\arabic_speech_corpus\arabic-speech-corpus\test set\wav\ARA NORM  0084.wav,وَصَدَرَتِ لرَّسائِل بِإِسمِ مُبدِعِي وَفَنّانِي مِصرَ,arabic_speech_corpus_wordtier,gold_diacritized_text,
asc_test_ARA NORM  0085,arabic_sentence_ending_training\data\raw\arabic_speech_corpus\arabic-speech-corpus\test set\wav\ARA NORM  0085.wav,وَفِي فتِتاحِ لمُؤتَمَرِ قالَتِ لشّاعِرَةُ شَرِيفَةَ لسَّيِّد إِنَّ لعَقّادَ ِتَّخَذَ مِنَ لقِراءَةِ والإِطِّلاعِ عَلى كُلِّ لعُلُوم وَمُختَلَفِ لحَضارات سِلاحَن يُحَطِّمُ بِهِ لصَّنَمِيَّةَ وَيَكسِرُ لمُحَرَّمات,arabic_speech_corpus_wordtier,gold_diacritized_text,
asc_test_ARA NORM  0086,arabic_sentence_ending_training\data\raw\arabic_speech_corpus\arabic-speech-corpus\test set\wav\ARA NORM  0086.wav,وَفِي كُوريا لجَنُوبِيَّةِ تَقُومُ لحُكُومَةُ بِتَموِيلِ مُستَشفَياتِن لِعِلاجِ هَذا لإِدمانِ لَّذِي يُعتَبَرُ مُشكِلَةَن قَومِيَّةَن,arabic_speech_corpus_wordtier,gold_diacritized_text,
asc_test_ARA NORM  0087,arabic_sentence_ending_training\data\raw\arabic_speech_corpus\arabic-speech-corpus\test set\wav\ARA NORM  0087.wav,وَكانَ لأَمَلُ أَن تَكُونَ هَذِهِ لدِّيمُقراطِيّاتُ مَصحُوبَةَن بِأَداءِن تَنمَوِيِّن مُختَلِف,arabic_speech_corpus_wordtier,gold_diacritized_text,
asc_test_ARA NORM  0088,arabic_sentence_ending_training\data\raw\arabic_speech_corpus\arabic-speech-corpus\test set\wav\ARA NORM  0088.wav,وَكَتَبُوا فِي دَورِيَّةِ لكُلِّيَّةِ لأَمِيرِكِيَّةِ لِأَمراضِ لقَلب أَنَّ لسُّمنَةَ تَرتَبِطُ بِحُدُو^ِ تَغَيِيرات فِي لقَلبِ لَدى لبالِغِين,arabic_speech_corpus_wordtier,gold_diacritized_text,
asc_test_ARA NORM  0089,arabic_sentence_ending_training\data\raw\arabic_speech_corpus\arabic-speech-corpus\test set\wav\ARA NORM  0089.wav,وَكُلُّ ذَلِكَ بِمُحتَوىَن مُنخَفِضِن لِلغايَةِ مِنَ لسُّعراتِ لحَرارِيَّةِ,arabic_speech_corpus_wordtier,gold_diacritized_text,
asc_test_ARA NORM  0090,arabic_sentence_ending_training\data\raw\arabic_speech_corpus\arabic-speech-corpus\test set\wav\ARA NORM  0090.wav,وَكُلَّما زادَت كَمِيَّةُ لسُّكَّرِ لمُتَناوَلَةِ مَعَ لتَّمرِ تَقِلُّ فائِدَتُهُ لغِذائِيَّةُ,arabic_speech_corpus_wordtier,gold_diacritized_text,
asc_test_ARA NORM  0091,arabic_sentence_ending_training\data\raw\arabic_speech_corpus\arabic-speech-corpus\test set\wav\ARA NORM  0091.wav,وَلا يَزالُ هَذا لبَلَدُ مُتَمَسِّكَن بِتَقوِيمِ لكَنِيسَةِ لقِبطِيَّةِ أَلمَعرُوفِ مَحَلِّيَّن بِالتَّقوِيمِ لإِ^يُوبِيِّ,arabic_speech_corpus_wordtier,gold_diacritized_text,
asc_test_ARA NORM  0092,arabic_sentence_ending_training\data\raw\arabic_speech_corpus\arabic-speech-corpus\test set\wav\ARA NORM  0092.wav,وَلَعِبَتِ لخِبرَةُ دَورَها فِي تَتوِيجِ عاشُورَ لخامِسِ عالَمِيَّن,arabic_speech_corpus_wordtier,gold_diacritized_text,
asc_test_ARA NORM  0093,arabic_sentence_ending_training\data\raw\arabic_speech_corpus\arabic-speech-corpus\test set\wav\ARA NORM  0093.wav,تَتَوالى لعَمَلياتُ لسِّرِّيَةَ بِالحُدُو^,arabic_speech_corpus_wordtier,gold_diacritized_text,
asc_test_ARA NORM  0094,arabic_sentence_ending_training\data\raw\arabic_speech_corpus\arabic-speech-corpus\test set\wav\ARA NORM  0094.wav,وَمِن تِلكَ لسِّلَع أَلشّايُ لصِّينِيُّ والوَرَقُ والبارُودُ والبُوصِلَةُ,arabic_speech_corpus_wordtier,gold_diacritized_text,
asc_test_ARA NORM  0095,arabic_sentence_ending_training\data\raw\arabic_speech_corpus\arabic-speech-corpus\test set\wav\ARA NORM  0095.wav,وَمَنَحَ أابائُهُمُ لقُدرَةَ عَلى لتَّحَكُّمِ فِي كَيفِيَّةِ ستِخدامِ هَذِهِ لخِدمَةِ,arabic_speech_corpus_wordtier,gold_diacritized_text,
asc_test_ARA NORM  0096,arabic_sentence_ending_training\data\raw\arabic_speech_corpus\arabic-speech-corpus\test set\wav\ARA NORM  0096.wav,وَيَأمُلُ لباحِ^ُونَ تَطوِيرَ حُبُوبِن أَو نُسخَةِن مِنَ لدَّواء قابِلَةَن لِلحَقنِ خِلالَ خَمسِ سَنَوات,arabic_speech_corpus_wordtier,gold_diacritized_text,
asc_test_ARA NORM  0097,arabic_sentence_ending_training\data\raw\arabic_speech_corpus\arabic-speech-corpus\test set\wav\ARA NORM  0097.wav,وَيَستَخدِمُ لبَرنامَجُ نِظامَن سَحابِيَّن لِلذَّكاءِ لصُّنعِيِّ يَسمَحُ لَهُ بِتَحلِيلِ لإِيماءاتِ والتَّعابِير,arabic_speech_corpus_wordtier,gold_diacritized_text,
asc_test_ARA NORM  0098,arabic_sentence_ending_training\data\raw\arabic_speech_corpus\arabic-speech-corpus\test set\wav\ARA NORM  0098.wav,وَيُعتَبَرُ مِهرَجانُ قَرطاجَ لسِّينَمائِيُّ مِن أَعرَقِ مِهرَجاناتِ أَفرِيقيا,arabic_speech_corpus_wordtier,gold_diacritized_text,
asc_test_ARA NORM  0099,arabic_sentence_ending_training\data\raw\arabic_speech_corpus\arabic-speech-corpus\test set\wav\ARA NORM  0099.wav,وَيَقُولُ لعُلَماءُ إِنَّهُ مِن غَيرِ لمُرَجَّحِ أَن تُطَوِّرَ لبَكتِيريا لمُعدِيَةُ مُقاوَمَةَن ضِدَّ لعِلاجِ لجَدِيد أَلَّذِي أَصبَحَ مُتاحَن بِالفِعل فِي شَكلِ مَرهَمِن لِلأَمراضِ لجِلدِيَّةِ,arabic_speech_corpus_wordtier,gold_diacritized_text,
asc_test_ARA NORM  0100,arabic_sentence_ending_training\data\raw\arabic_speech_corpus\arabic-speech-corpus\test set\wav\ARA NORM  0100.wav,وَيُمكِنُكَ لحُصُولُ عَلى تَطبِيقاتِن لِلتَّدرِيباتِ لأَساسِيَّةِ مَجّانَن,arabic_speech_corpus_wordtier,gold_diacritized_text,
asc_main_ARA NORM  0002,arabic_sentence_ending_training\data\raw\arabic_speech_corpus\arabic-speech-corpus\wav\ARA NORM  0002.wav,وَرَجَّحَ التَّقْرِيرُ الَّذِي أَعَدَّهُ مَعْهَدُ أَبْحَا^ِ هَضَبَةِ التِّبِتِ فِي الْأَكَادِيمِيَّةِ الصِّينِيَّةِ لِلْعُلُومِ أَنْ تَسْتَمِرَّ دَرَجَاتُ الْحَرَارَةِ وَمُسْتَوَيَاتُ الرُّطُوبَةِ فِي الْإِرْتِفَاعِ طَوَالَ هَذَا الْقَرْنْ,arabic_speech_corpus_wordtier,gold_diacritized_text,
asc_main_ARA NORM  0003,arabic_sentence_ending_training\data\raw\arabic_speech_corpus\arabic-speech-corpus\wav\ARA NORM  0003.wav,مِمَّا قَدْ يُؤَدِّي إِلَى تَرَاجُعِ مَسَاحَاتِ الْأَنْهَارِ الجَّلِيدِيَّةِ وَانْتِشَارِ التَّصَحُّرِ,arabic_speech_corpus_wordtier,gold_diacritized_text,
asc_main_ARA NORM  0004,arabic_sentence_ending_training\data\raw\arabic_speech_corpus\arabic-speech-corpus\wav\ARA NORM  0004.wav,وَذَكَرَ التَّقْرِيرُ أَنَ تَرَاجُعَ مَسَاحَةِ الْجَلِيدِ يُمْكِنُ أَيُّخِلَّ بِمُعَدَّلَاتِ إِمْدَادَاتِ الْمِيَاهِ لِعَدَدٍ مِنْ أَنْهَارِ آسْيَا الرَّئِيسِيَّةِ الَّتِي تَمْبُعُ مِنَ الْهَضَبَةِ,arabic_speech_corpus_wordtier,gold_diacritized_text,
asc_main_ARA NORM  0005,arabic_sentence_ending_training\data\raw\arabic_speech_corpus\arabic-speech-corpus\wav\ARA NORM  0005.wav,بَيْنَهَا نَهْرَا يَلُو وَيَانْغْتسِي فِي الصِّينْ,arabic_speech_corpus_wordtier,gold_diacritized_text,
asc_main_ARA NORM  0006,arabic_sentence_ending_training\data\raw\arabic_speech_corpus\arabic-speech-corpus\wav\ARA NORM  0006.wav,وَفِي الشَّوْطِ ال^َّانِي اسْتَعَادَ بَارِيسُ سَانْ جِيْرَمانُ مُسْتَوَاهُ وَحَقَّقَ التَّعَادُلَ عَنْ طَرِيقِ ابْرَاهِيمُوفِيتْش مِنْ تَسْدِيدَةٍ اسْتَعْصَتْ عَلَى الْحَارِسْ,arabic_speech_corpus_wordtier,gold_diacritized_text,
asc_main_ARA NORM  0007,arabic_sentence_ending_training\data\raw\arabic_speech_corpus\arabic-speech-corpus\wav\ARA NORM  0007.wav,يَتَمَ^َّلُ الْإِبْدَاعُ الْفَنِّيُّ وَالْحَضَارِيُّ الَّذِي يَكْشِفُ عَنْهُ الْمَعْرِضُ فِي تُحَفٍ كَ^ِيرَةٍ مُتَنَوِّعَةٍ شَمِلَتْ عَشَرَاتِ الْأَزْيَاءِ الَّتِي نُسِجَتْ بِأَنَامِلَ ذَهَبِيَّةٍ عَكَسَتْ سِحْرَ وَبَهَاءَ التَّطْرِيزِ بِالْحَرِيرِ وَمَوَادَّ أُخْرَى,arabic_speech_corpus_wordtier,gold_diacritized_text,
asc_main_ARA NORM  0008,arabic_sentence_ending_training\data\raw\arabic_speech_corpus\arabic-speech-corpus\wav\ARA NORM  0008.wav,إِضَافَةً إِلَى عَرْضِ أَنْوَاعٍ عَدِيدَةٍ مِنَ الْأَ^َا^ِ الْمُزَخْرَفِ وَالصَّنَادِيقِ وَالْأَوَانِي وَالْأَدَوَاتِ وَالْأَغْطِيَةِ وَاللَّوْحَاتِ الْفَنِّيَّةِ الْعَاكِسَةِ لِتِقْنِيَّاتٍ مُدْهِشَةٍ تُجَسِّدُ مَهَارَاتٍ حِرَفِيَّةً عَرَفَتْهَا الْأَنْدُلُسْ,arabic_speech_corpus_wordtier,gold_diacritized_text,
asc_main_ARA NORM  0009,arabic_sentence_ending_training\data\raw\arabic_speech_corpus\arabic-speech-corpus\wav\ARA NORM  0009.wav,يَخْتَلِفُ الْهَاتِفُ الزَّكِيُّ عَنِ الْهَاتِفِ التَّقْلِيدِيِّ فِي أَنَّهُ يُقَدِّمُ عَدَداً مِنْ وَظَائِفِ الْحَوْسَبَةِ الْمُتَطَوِّرَةِ وَقُدُرَاتِ الْإِتِّصَالِ الْمُتَقَدِّمَةِ إِلَى جَانِبِ وَظَائِفِ الْهَاتِفِ التَّقْلِيدِيَّةِ الْأُخْرَى,arabic_speech_corpus_wordtier,gold_diacritized_text,
asc_main_ARA NORM  0010,arabic_sentence_ending_training\data\raw\arabic_speech_corpus\arabic-speech-corpus\wav\ARA NORM  0010.wav,وَكَامِرَاتِ التَّصْوِيرِ الْمُدْمَجَةِ ذَاتِ الدِّقَّةِ الْعَالِيَةِ,arabic_speech_corpus_wordtier,gold_diacritized_text,
asc_main_ARA NORM  0011,arabic_sentence_ending_training\data\raw\arabic_speech_corpus\arabic-speech-corpus\wav\ARA NORM  0011.wav,وَالْمُعَالِجَاتِ ال^ُّنَائِيَّةِ وَالرُّبَاعِيَّةِ النَّوَى,arabic_speech_corpus_wordtier,gold_diacritized_text,
asc_main_ARA NORM  0012,arabic_sentence_ending_training\data\raw\arabic_speech_corpus\arabic-speech-corpus\wav\ARA NORM  0012.wav,وَحَالَةِ الْإِسْتِقْطَابِ السِّيَاسِيِّ الْحَادِّ,arabic_speech_corpus_wordtier,gold_diacritized_text,
asc_main_ARA NORM  0013,arabic_sentence_ending_training\data\raw\arabic_speech_corpus\arabic-speech-corpus\wav\ARA NORM  0013.wav,لِيَتَمَكَّنَ الْقَارِئُ مِنْ مُتَابَعَةِ تَطَوُّرِ الْقِصَّةِ الْخَبَرِيَّةِ بِشَكْلٍ سَلِسٍ وَفَعَّالٍ,arabic_speech_corpus_wordtier,gold_diacritized_text,
asc_main_ARA NORM  0014,arabic_sentence_ending_training\data\raw\arabic_speech_corpus\arabic-speech-corpus\wav\ARA NORM  0014.wav,وَمِنْهَا أَيْضاً أَلدَّعْمُ الْمُتَقَدِّمُ لِلْأَرْشَفَةِ,arabic_speech_corpus_wordtier,gold_diacritized_text,
asc_main_ARA NORM  0015,arabic_sentence_ending_training\data\raw\arabic_speech_corpus\arabic-speech-corpus\wav\ARA NORM  0015.wav,وَيَأْتِي التَّصْمِيمُ الْمُطَوَّرُ لِمَوْقِعِ الْجَزِيرَةِ نِتْ وِفْقاً لِمَفْهُومِ الْبَسَاطَةِ وَالتَّرْكِيزِ عَلَى أَوْلَوِيَّةِ الْمُحْتَوَى,arabic_speech_corpus_wordtier,gold_diacritized_text,
asc_main_ARA NORM  0016,arabic_sentence_ending_training\data\raw\arabic_speech_corpus\arabic-speech-corpus\wav\ARA NORM  0016.wav,وَتَمَّ التَّرْكِيزُ أَيْضاً عَلَى مَفْهُومِ تَسْهِيلِ الْقِرَاءَةِ بِاخْتِيَارِ خُطُوطٍ مُلَائِمَةٍ,arabic_speech_corpus_wordtier,gold_diacritized_text,
asc_main_ARA NORM  0017,arabic_sentence_ending_training\data\raw\arabic_speech_corpus\arabic-speech-corpus\wav\ARA NORM  0017.wav,كَمَا تَسْمَحُ الْقَوَائِمُ الْمُنْسَدِلَةُ فِي أَعْلَى الصَّفْحَةِ بِتَقْسِيمِ الْعَنَاصِرِ إِلَى أَرْبَعِ بَوَّابَاتٍ رَئِيسِيَّةٍ هِيَ الْأَخْبَارُ وَالْمَعْرِفَةُ وَالْبَرَامِجُ وَالتَّعْلِيمْ,arabic_speech_corpus_wordtier,gold_diacritized_text,
asc_main_ARA NORM  0018,arabic_sentence_ending_training\data\raw\arabic_speech_corpus\arabic-speech-corpus\wav\ARA NORM  0018.wav,خَسِرَ الْمُنْتَخَبُ الْمِصْرِيُّ أَمْسِ أَمَامَ مُضِيفِهِ السَّنِغَالِيِّ بِهَدَفَيْنِ دُونَ رَدٍّ فِي افْتِتَاحِ مُنَافَسَاتِ الْمَجْمُوعَةِ السَّابِعَةِ لِلتَّصْفِيَاتِ الْمُؤَهِّلَةِ إِلَى كَأْسِ الْأُمَمِ الْأَفْرِيقِيَّةِ لِكُرَةِ الْقَدَمْ,arabic_speech_corpus_wordtier,gold_diacritized_text,
asc_main_ARA NORM  0019,arabic_sentence_ending_training\data\raw\arabic_speech_corpus\arabic-speech-corpus\wav\ARA NORM  0019.wav,وَسادْيُو مَانِي فِي الدَّقِيقَتَيْنِ السّابِعَةَ عَشْرَةَ وَ الْخَامِسَةَ وَالْأَرْبعينَ مِنَ الشَّوْطِ الْأَوَّلِ لِلْمُبَارَاةِ,arabic_speech_corpus_wordtier,gold_diacritized_text,
asc_main_ARA NORM  0020,arabic_sentence_ending_training\data\raw\arabic_speech_corpus\arabic-speech-corpus\wav\ARA NORM  0020.wav,وَبِهَذِهِ النَّتِيجَةِ تَتَصَدَّرُ السِّنِغَالُ مَجْمُوعَتَهَا بِرَصِيدِ ^َلا^ِ نِقَاطٍ وَهَدَفَيْنِ نَظِيفَيْنْ,arabic_speech_corpus_wordtier,gold_diacritized_text,
asc_main_ARA NORM  0021,arabic_sentence_ending_training\data\raw\arabic_speech_corpus\arabic-speech-corpus\wav\ARA NORM  0021.wav,دَعَتِ الْوِلَايَاتُ الْمُتَّحِدَةُ إِسْرائيلَ إِلَى التَّراجُعِ عَنْ قَرَارِها بِمُصادَرَةِ أَرْبَعَ مِئَةِ هِكْتارٍ مِنْ أَراضِي الضِّفَةِ الْغَرْبيَّةِ,arabic_speech_corpus_wordtier,gold_diacritized_text,
asc_main_ARA NORM  0022,arabic_sentence_ending_training\data\raw\arabic_speech_corpus\arabic-speech-corpus\wav\ARA NORM  0022.wav,كَما اعْتَبَرَتْ مُنَظَمَةُ الْعَفْوِ الدَّوليَّةُ الْقَرارَ الْإِسْرائِيلِي غَيرَ قَانُونِيٍّ وَيَجِبُ إِلْغاؤُهُ فَوراً,arabic_speech_corpus_wordtier,gold_diacritized_text,
asc_main_ARA NORM  0023,arabic_sentence_ending_training\data\raw\arabic_speech_corpus\arabic-speech-corpus\wav\ARA NORM  0023.wav,يَرْتَبِطُ الْوَرْدُ بَيْنَ النَّاسِ بِالصَّبَاحَاتِ وَالْمَسَاءَاتِ وَالْهَدَايَا وَالزِّيَارَاتِ أَمَّا عِنْدَ أَهْلِ الطَّائِفِ فَهُوَ ارْتِبَاطٌ رُوحِيٌّ وَتَارِيخِيٌّ وَعِشْقٌ مُتَبَادَلٌ-,arabic_speech_corpus_wordtier,gold_diacritized_text,
asc_main_ARA NORM  0024,arabic_sentence_ending_training\data\raw\arabic_speech_corpus\arabic-speech-corpus\wav\ARA NORM  0024.wav,يَسْقُونَهُ وَيَعْرِفُونَهُ كَمَا يَعْرِفُهُمْ مِنْذُ الْقَرْنِ التَّاسِعِ الْهِجْرِيِّ,arabic_speech_corpus_wordtier,gold_diacritized_text,
asc_main_ARA NORM  0025,arabic_sentence_ending_training\data\raw\arabic_speech_corpus\arabic-speech-corpus\wav\ARA NORM  0025.wav,وَأَعْبَقُهَا مَا يُرْوَى مِنْ مِيَاهِ الْمَطَرِ وَلَمْ يُؤْذِهِ قَرٌّ أَوْ حَرٌّ,arabic_speech_corpus_wordtier,gold_diacritized_text,
asc_main_ARA NORM  0026,arabic_sentence_ending_training\data\raw\arabic_speech_corpus\arabic-speech-corpus\wav\ARA NORM  0026.wav,وَفِي كُلِّ عَامٍ مِنْ مَوْسِمِ الْوَرْدِ الطَّائِفِيّْ نِهَايَةَ مَارْسْ آذَارَ وَأَوَائِلَ أَبْرِيلْ نِيسَانْ تُرْوَى قِصَّةُ حُبٍّ بَيْنَهُ وَبَيْنَ أَهْلِهِ عَلَى قِمَمِ وَسُفُوحِ جِبَالِ الطَّائِفْ,arabic_speech_corpus_wordtier,gold_diacritized_text,
asc_main_ARA NORM  0027,arabic_sentence_ending_training\data\raw\arabic_speech_corpus\arabic-speech-corpus\wav\ARA NORM  0027.wav,وَتُعْرَفُ هَذِهِ الظَّاهِرَةُ بِالْمَطَرِ الشِّهَابِيِّ أَوْالرَّخَّةِ الشِّهَابِيَّةِ,arabic_speech_corpus_wordtier,gold_diacritized_text,
asc_main_ARA NORM  0028,arabic_sentence_ending_training\data\raw\arabic_speech_corpus\arabic-speech-corpus\wav\ARA NORM  0028.wav,فَيَدْخُلُ مَدَارُ الْأَرْضِ فِي نِطَاقِ الذُّيولِ التُّرَابِيَّةِ لِلْمُذَنَّبِ,arabic_speech_corpus_wordtier,gold_diacritized_text,
asc_main_ARA NORM  0029,arabic_sentence_ending_training\data\raw\arabic_speech_corpus\arabic-speech-corpus\wav\ARA NORM  0029.wav,لَكِنَّ مَجْمُوعَةً مِنْ عُلَمَاءِ النَّفْسِ الْأَمِرِكِيِّينَ تَوَصَّلُوا لِسَبَبِ ذَلِكَ وَهُوَ أَنَّ دُمُوعَ الْفَرَحِ قَدْ تَكُونُ طَرِيقَةَ الْجِسْمِ الصَّحِيحَةِ لِاسْتِعَادَةِ التَّوَازُنِ الْعَاطِفِيِّ بِهَذِهِ التَّعْبِيرَاتِ,arabic_speech_corpus_wordtier,gold_diacritized_text,
asc_main_ARA NORM  0030,arabic_sentence_ending_training\data\raw\arabic_speech_corpus\arabic-speech-corpus\wav\ARA NORM  0030.wav,يَسْتَعِيدُ الْفَرَنْسِيُّ بَاتْرِيكْ مُودْيَانُو أَلْحَائِزُعَلَى جَائِزَةِ نُوبَلْ لِلْآدَابِ أَلْفْيْنِ وَأَرْبَعَةَ عَشَرَ فِي رِوَايَتِهِ عُشْبُ اللَّيَالِي صُورَةً حَالِكَةً لِبَارِيسَ أَ^ْنَاءَ الْحَرْبِ الْعَالَمِيَّةِ ال^َّانِيَّةِ وَمَا تَلَاهَا,arabic_speech_corpus_wordtier,gold_diacritized_text,
asc_main_ARA NORM  0031,arabic_sentence_ending_training\data\raw\arabic_speech_corpus\arabic-speech-corpus\wav\ARA NORM  0031.wav,وَكَيْفَ تَحَوَّلَتْ مِنْ مَدِينَةٍ لِلْأَنْوَارِ إِلَى مَدِينَةٍ لِلْأَشْبَاحْ,arabic_speech_corpus_wordtier,gold_diacritized_text,
asc_main_ARA NORM  0032,arabic_sentence_ending_training\data\raw\arabic_speech_corpus\arabic-speech-corpus\wav\ARA NORM  0032.wav,أَلرَّاوِي جُون مُ^َقَّفٌ بَارِيسِيٌّ مُسِنٌّ,arabic_speech_corpus_wordtier,gold_diacritized_text,
asc_main_ARA NORM  0033,arabic_sentence_ending_training\data\raw\arabic_speech_corpus\arabic-speech-corpus\wav\ARA NORM  0033.wav,لَعَلَّ الزَّمَنَ الْفَاصِلَ بَيْنَ الْمَرْحَلَتَيْنِ يُوَضِّحُ لَهُ مَا اسْتَعْصَى عَلَى فَهْمِهِ حِينَهَا,arabic_speech_corpus_wordtier,gold_diacritized_text,
asc_main_ARA NORM  0034,arabic_sentence_ending_training\data\raw\arabic_speech_corpus\arabic-speech-corpus\wav\ARA NORM  0034.wav,وَيُعَرِّفُ الْمُؤَشِّرُ الْعُبُودِيَّةَ الْحَدِي^َةَ بِحَجْزِ الْحُرِّيَّةِ وَالْمَنْعِ مِنَ السَّفَرِ- وَمَنْعِ الْحُقُوقِ وَالْإِجْبَارِ عَلَى الْعَمَلِ أَوِ الزَّوَاجِ أَوِ الِاسْتِعْبَادِ الْجِنْسِيِّ,arabic_speech_corpus_wordtier,gold_diacritized_text,
asc_main_ARA NORM  0035,arabic_sentence_ending_training\data\raw\arabic_speech_corpus\arabic-speech-corpus\wav\ARA NORM  0035.wav,وَكَانَ الْأَمْرُ يَبْدُو مَقْبُولاً لَوْ صَاحَبَهُ شَرْطُ إِجَادَةِ اللُّغَةِ الْعَرَبِيَّةِ,arabic_speech_corpus_wordtier,gold_diacritized_text,
asc_main_ARA NORM  0036,arabic_sentence_ending_training\data\raw\arabic_speech_corpus\arabic-speech-corpus\wav\ARA NORM  0036.wav,خَاصَّةً فِي التَّوْظِيفِ بِالْمُؤَسَّسَاتِ الْعَرَبِيَّةِ,arabic_speech_corpus_wordtier,gold_diacritized_text,
asc_main_ARA NORM  0037,arabic_sentence_ending_training\data\raw\arabic_speech_corpus\arabic-speech-corpus\wav\ARA NORM  0037.wav,إِلَى جَانِبِ إِهْمَالِ الْعَرَبِيَّةِ بَلْ عَلَى حِسَابِ تَشْوِيهِهَا,arabic_speech_corpus_wordtier,gold_diacritized_text,
asc_main_ARA NORM  0038,arabic_sentence_ending_training\data\raw\arabic_speech_corpus\arabic-speech-corpus\wav\ARA NORM  0038.wav,أَمَّا فِي لُغَةِ التَّخَاطُبِ وَالْكَلَامِ فَحَدِّ^ْ وَلَا حَرَجْ,arabic_speech_corpus_wordtier,gold_diacritized_text,
asc_main_ARA NORM  0039,arabic_sentence_ending_training\data\raw\arabic_speech_corpus\arabic-speech-corpus\wav\ARA NORM  0039.wav,حَتَّى تَهَاوَتِ الْعَرَبِيَّةُ فِي مَرَجِ كَلَامِ الْمَقَاهِي وَالشَّارِعِ وَمُؤَسَّسَاتِ الْعَمَلِ,arabic_speech_corpus_wordtier,gold_diacritized_text,
asc_main_ARA NORM  0040,arabic_sentence_ending_training\data\raw\arabic_speech_corpus\arabic-speech-corpus\wav\ARA NORM  0040.wav,حَذَّرَتْ دِرَاسَةٌ بَاكِسْتَانِيَّةٌ حَدِي^َةٌ مِنْ أَنَّ الْأَعْشَابَ الطِّبِّيَّةَ قَدْ تَحْوِي سُمُوماً وَفِطْرِيَّاتٍ تُسَبِّبُ أَمْرَاضاً قَاتِلَةً,arabic_speech_corpus_wordtier,gold_diacritized_text,
asc_main_ARA NORM  0041,arabic_sentence_ending_training\data\raw\arabic_speech_corpus\arabic-speech-corpus\wav\ARA NORM  0041.wav,وَعَ^َرُوا عَلَى فِطْرِيَّاتٍ وَمُرَكَّبَاتٍ سَامَّةٍ فِي تِسْعِينَ بِالْمِئَةِ مِنَ العَّيِّنَاتِ,arabic_speech_corpus_wordtier,gold_diacritized_text,
asc_main_ARA NORM  0042,arabic_sentence_ending_training\data\raw\arabic_speech_corpus\arabic-speech-corpus\wav\ARA NORM  0042.wav,الْبُوسْنَة هِيَ الْحَرْبُ وَالْمَجَازِرُ وَالتَّطْهِيرُ الْعِرْقِيُّ,arabic_speech_corpus_wordtier,gold_diacritized_text,
asc_main_ARA NORM  0043,arabic_sentence_ending_training\data\raw\arabic_speech_corpus\arabic-speech-corpus\wav\ARA NORM  0043.wav,هَذَا مَا يَتَبَادَرُ إِلَى الْأَذْهَانِ عِنْدَمَا تُذْكَرُ,arabic_speech_corpus_wordtier,gold_diacritized_text,
asc_main_ARA NORM  0044,arabic_sentence_ending_training\data\raw\arabic_speech_corpus\arabic-speech-corpus\wav\ARA NORM  0044.wav,لَكِنَّ النَّاسَ يُغْفِلُونَ حَقِيقَةَ أَنَّ هَذِهِ الْبِلَادَ كَانَتْ مَرْكَزاً لِل^َّقَافَةِ وَالْفَنِّ فِي عَهْدِ الْإِتِّحَادِ الْيُوغُسْلَافِيِّ السَّابِقِ,arabic_speech_corpus_wordtier,gold_diacritized_text,
asc_main_ARA NORM  0045,arabic_sentence_ending_training\data\raw\arabic_speech_corpus\arabic-speech-corpus\wav\ARA NORM  0045.wav,لَدَيْنَا دَارُ أُوبِّرَا كَانَ فِيهَا أَفْضَلُ مُغَنِّي الْأُوبّرَا فِي الْعَالَمِ رَغْمَ صِغَرِ حَجْمِهَا,arabic_speech_corpus_wordtier,gold_diacritized_text,
asc_main_ARA NORM  0046,arabic_sentence_ending_training\data\raw\arabic_speech_corpus\arabic-speech-corpus\wav\ARA NORM  0046.wav,مُغَنِّيَةُ الْأُوبِّرَا الْبُوسْنِيَّةُ الْعَالَمِيَّةُ وَمُدَرِّسَةُ الْغِنَاءِ فِي أَكَادِيمِيَةِ الْمُوسِيقَى بِالْعَاصِمَةِ سَرَايِيفُو,arabic_speech_corpus_wordtier,gold_diacritized_text,
asc_main_ARA NORM  0047,arabic_sentence_ending_training\data\raw\arabic_speech_corpus\arabic-speech-corpus\wav\ARA NORM  0047.wav,أَلَّتِي هَرَبَ إِلَيْهَا مِنْ زَغْرِبْ وَبَلْغرَادْ عَدَدٌ كَبِيرٌ مِنْ أَبْرَزِ فَنَّانِي يُوغُسْلَافْيَا السَّابِقَةِ بِسَبَبِ اتِّجَاهَاتِهِمْ السِّيَاسِيَّةِ فِي الْحِقْبَةِ الشُّيُوعِيَّةِ,arabic_speech_corpus_wordtier,gold_diacritized_text,
asc_main_ARA NORM  0048,arabic_sentence_ending_training\data\raw\arabic_speech_corpus\arabic-speech-corpus\wav\ARA NORM  0048.wav,^َلَا^َةُ أَرْبَاعِهِمْ نِسَاءٌ,arabic_speech_corpus_wordtier,gold_diacritized_text,
asc_main_ARA NORM  0049,arabic_sentence_ending_training\data\raw\arabic_speech_corpus\arabic-speech-corpus\wav\ARA NORM  0049.wav,وَكَانَتِ النَّتَائِجُ الَّتِي خَلَصَتْ إِلَيْهَا مُذْهِلَةٌ,arabic_speech_corpus_wordtier,gold_diacritized_text,
asc_main_ARA NORM  0050,arabic_sentence_ending_training\data\raw\arabic_speech_corpus\arabic-speech-corpus\wav\ARA NORM  0050.wav,عَلَى حَدِّ قَوْلِ الْبَاحِ^َةِ,arabic_speech_corpus_wordtier,gold_diacritized_text,
asc_main_ARA NORM  0051,arabic_sentence_ending_training\data\raw\arabic_speech_corpus\arabic-speech-corpus\wav\ARA NORM  0051.wav,وَهِيَ ظَاهِرَةٌ عَالَمِيَّةٌ طَفَتْ عَلَى السَّطْحِ بِقُوَّةٍ مُنْذُ سِتِّينِيَّاتِ الْقَرْنِ الْمَاضِي,arabic_speech_corpus_wordtier,gold_diacritized_text,
asc_main_ARA NORM  0052,arabic_sentence_ending_training\data\raw\arabic_speech_corpus\arabic-speech-corpus\wav\ARA NORM  0052.wav,مُسَبِّبَةً خَسَائِرَ بَشَرِيَّةً وَاقْتِصَادِيَّةً وَبِيئِيَّةً فَادِحَةً,arabic_speech_corpus_wordtier,gold_diacritized_text,
asc_main_ARA NORM  0053,arabic_sentence_ending_training\data\raw\arabic_speech_corpus\arabic-speech-corpus\wav\ARA NORM  0053.wav,وَتُشَكِّلُ نِسْبَةُ الْمَسَاحَاتِ الْمُتَصَحِّرَةِ وَالْأَرَاضِي الْقَاحِلَةِ فِي الْمَنْطِقَةِ حوَالَيْ ^َمَانِيَةٍ وَ^َمانِينَ بِالْمِئَةِ مِنْ إِجْمَالِيِّ الْمَسَاحَةِ الْكُلِّيَّةِ,arabic_speech_corpus_wordtier,gold_diacritized_text,
asc_main_ARA NORM  0054,arabic_sentence_ending_training\data\raw\arabic_speech_corpus\arabic-speech-corpus\wav\ARA NORM  0054.wav,أَيْ حَوَالِيْ ^َمَانِيَةٍ وَعِشْرينَ بِالْمِئَةِ مِنْ إِجْمَالِيِّ الْمَنَاطِقِ الْمُتَصَحِّرَةِ عَلَى مُسْتَوَى الْعَالَمْ,arabic_speech_corpus_wordtier,gold_diacritized_text,
asc_main_ARA NORM  0055,arabic_sentence_ending_training\data\raw\arabic_speech_corpus\arabic-speech-corpus\wav\ARA NORM  0055.wav,وَكَانَ مَارْكِيزُ قَدْ كَافَحَ لِسَنَوَاتٍ كَيْ يَصْنَعَ اسْمَهُ رِوَائِيّاً,arabic_speech_corpus_wordtier,gold_diacritized_text,
asc_main_ARA NORM  0056,arabic_sentence_ending_training\data\raw\arabic_speech_corpus\arabic-speech-corpus\wav\ARA NORM  0056.wav,فَنَشَرَ قِصَصاً وَمَقَالَاتٍ وَعِدَّةَ رِوَايَاتٍ قَصِيرَةٍ فِي الْخَمْسِينِيَّاتِ وَالسِّتِّينِيَّاتِ,arabic_speech_corpus_wordtier,gold_diacritized_text,
asc_main_ARA NORM  0057,arabic_sentence_ending_training\data\raw\arabic_speech_corpus\arabic-speech-corpus\wav\ARA NORM  0057.wav,تَضَمَّنَتْ لَائِحَةُ أَقْوَى مِئَةِ شَخْصِيَّةٍ مُؤَ^ِّرَةٍ فِي الْعَالَمِ لِهَذَا الْعَامِ واحِدَةٌ وَأَرْبَعينَ امْرَأَةً مِنْ أَصْلِ مِئَةٍ,arabic_speech_corpus_wordtier,gold_diacritized_text,
asc_main_ARA NORM  0058,arabic_sentence_ending_training\data\raw\arabic_speech_corpus\arabic-speech-corpus\wav\ARA NORM  0058.wav,وَالنَّاشِطَةُ الْبَاكِسْتَانِيَّةُ مَلََلََ يُوسُفْ زَاي,arabic_speech_corpus_wordtier,gold_diacritized_text,
asc_main_ARA NORM  0059,arabic_sentence_ending_training\data\raw\arabic_speech_corpus\arabic-speech-corpus\wav\ARA NORM  0059.wav,كَمَا تَضَمَّنَتْ اللَّائِحَةُ رَئِيسَةَ تْشِيلِي,arabic_speech_corpus_wordtier,gold_diacritized_text,
asc_main_ARA NORM  0060,arabic_sentence_ending_training\data\raw\arabic_speech_corpus\arabic-speech-corpus\wav\ARA NORM  0060.wav,قَالَ عُلَمَاءُ حَفْرِيَّاتٍ مِنَ الْأَرْجَنْتِينَ إِنَّهُمْ عَ^َرُوا عَلَى أُحْفُورِيَّاتٍ يَعْتَقِدُونَ أَنَّهَا تَعُودُ لِأَضْخَمِ دِينَاصُورٍ عَاشَ عَلَى سَطْحِ الْأَرْضِ عَلَى الْإِطْلَاقْ,arabic_speech_corpus_wordtier,gold_diacritized_text,
asc_main_ARA NORM  0061,arabic_sentence_ending_training\data\raw\arabic_speech_corpus\arabic-speech-corpus\wav\ARA NORM  0061.wav,وَطُولُهُ مِنْ رَأْسِهِ إِلَى طَرَفِ ذَيْلِهِ أَرْبَعِينَ مِتْراً,arabic_speech_corpus_wordtier,gold_diacritized_text,
asc_main_ARA NORM  0062,arabic_sentence_ending_training\data\raw\arabic_speech_corpus\arabic-speech-corpus\wav\ARA NORM  0062.wav,وَعَاشَ قَبْلَ خَمْسَةٍ وَتِسْعينَ مِلْيُونَ سَنَةٍ خِلَالَ أَوَاخِرِ الْعَصْرِ الطَّبَاشِيرِي,arabic_speech_corpus_wordtier,gold_diacritized_text,
asc_main_ARA NORM  0063,arabic_sentence_ending_training\data\raw\arabic_speech_corpus\arabic-speech-corpus\wav\ARA NORM  0063.wav,وَعَ^َرَ الْعُلَمَاءُ عَلَى تِلْكَ الْأُحْفُورِيَّاتِ فِي مِزْرَعَةٍ لِعَائِلَةٍ رِيفِيَّةٍ فِي مَنْطِقَةِ بَاتَاغُونْيَا أَلْأَرْجَنْتِينِيَّةِ,arabic_speech_corpus_wordtier,gold_diacritized_text,
asc_main_ARA NORM  0064,arabic_sentence_ending_training\data\raw\arabic_speech_corpus\arabic-speech-corpus\wav\ARA NORM  0064.wav,كانَ الْأَمَلُ مَعْقُوداً عَلَى أَنْ تَكُونَ ^َوْرَاتُ الرَّبِيعِ الْعَرَبِيِّ فَاتِحَةَ خَيْرٍ لِتَحْقِيقِ دِيمُقْرَاطِيَّاتٍ رَاسِخَةٍ فِي الْمُجْتَمَعَاتِ الْعَرَبِيَّةِ,arabic_speech_corpus_wordtier,gold_diacritized_text,
asc_main_ARA NORM  0065,arabic_sentence_ending_training\data\raw\arabic_speech_corpus\arabic-speech-corpus\wav\ARA NORM  0065.wav,يُعَالِجُ مَا كَرَّسَتْهُ دِكْتَاتُورِيَّةُ النُّظُمِ الْعَرَبِيَّةِ عَلَى مَدَارِ الْعُقُودِ الْمَاضِيَةِ,arabic_speech_corpus_wordtier,gold_diacritized_text,
asc_main_ARA NORM  0066,arabic_sentence_ending_training\data\raw\arabic_speech_corpus\arabic-speech-corpus\wav\ARA NORM  0066.wav,وَرِعَايَةٍ صِحِّيَّةٍ تُحَقِّقُ حَيَاةً أَوْفَرَ حَظّاً فِي الْقَضَاءِ عَلَى الْأَمْرَاضِ الْمُزْمِنَةِ,arabic_speech_corpus_wordtier,gold_diacritized_text,
asc_main_ARA NORM  0067,arabic_sentence_ending_training\data\raw\arabic_speech_corpus\arabic-speech-corpus\wav\ARA NORM  0067.wav,إِلَّا أَنَّ ال^َّوْرَاتِ الْمُضَادَّةِ فِي دُوَلِ الرَّبِيعِ الْعَرَبِيِّ,arabic_speech_corpus_wordtier,gold_diacritized_text,
asc_main_ARA NORM  0068,arabic_sentence_ending_training\data\raw\arabic_speech_corpus\arabic-speech-corpus\wav\ARA NORM  0068.wav,جَعَلَتْ حُلْمَ شُعُوبِ تِلْكَ الدُّوَلِ يَتَوَارَى بَعْضَ الشَّيْءِ,arabic_speech_corpus_wordtier,gold_diacritized_text,
asc_main_ARA NORM  0069,arabic_sentence_ending_training\data\raw\arabic_speech_corpus\arabic-speech-corpus\wav\ARA NORM  0069.wav,وَمِنَ الْمُنْتَظَرِ أَنْ يَلْتَقِيَ فِي عَمَّانَ قِيَادَاتٍ دِينِيَّةً إِسْلَامِيَّةً وَمَسِيحِيَّةً,arabic_speech_corpus_wordtier,gold_diacritized_text,
asc_main_ARA NORM  0070,arabic_sentence_ending_training\data\raw\arabic_speech_corpus\arabic-speech-corpus\wav\ARA NORM  0070.wav,وَوَجَّهَ الْبَابَا فرانْشِيسْكُو دَعْوَةً إِلَى إِيجَادِ حَلٍّ سِلْمِيٍّ لِلنِّزَاعِ فِي سُورِيَا وَحَلٍّ عَادِلٍ لِلصِّرَاعِ الْإِسْرَائِيلِيِّ الْفِلَسْطِينِيّْ,arabic_speech_corpus_wordtier,gold_diacritized_text,
asc_main_ARA NORM  0071,arabic_sentence_ending_training\data\raw\arabic_speech_corpus\arabic-speech-corpus\wav\ARA NORM  0071.wav,وَيَضُمُّ الْمَعْرِضُ نُسَخاً نَادِرَةً مِنَ الْمَصَاحِفِ الْمُذَهَّبَةِ,arabic_speech_corpus_wordtier,gold_diacritized_text,
asc_main_ARA NORM  0072,arabic_sentence_ending_training\data\raw\arabic_speech_corpus\arabic-speech-corpus\wav\ARA NORM  0072.wav,وَأُخْرَى مَخْطُوطَةً لَا يَتَجَاوَزُ حَجْمُهَا كَفَّ الْيَدِ,arabic_speech_corpus_wordtier,gold_diacritized_text,
asc_main_ARA NORM  0073,arabic_sentence_ending_training\data\raw\arabic_speech_corpus\arabic-speech-corpus\wav\ARA NORM  0073.wav,وَأُخْرَى كَبِيرَةً تَزِيدُ مِسَاحَةُ ضِلْعِ الصَّفْحَةِ فِيهَا عَنْ خَمْسَةٍ وَسِتِّينَ سَنْتِمِتْراً سةسِل,arabic_speech_corpus_wordtier,gold_diacritized_text,
asc_main_ARA NORM  0074,arabic_sentence_ending_training\data\raw\arabic_speech_corpus\arabic-speech-corpus\wav\ARA NORM  0074.wav,فَضْلاً عَنْ نُسَخٍ مُتَرْجَمَةٍ لِمَعَانِي الْقُرْآنِ كُتِبَتْسة بِحُرُوفِ بْرِيلْ الْإِنْجلِيزِيَّةِ لِلْقُرَّاءِ الْمَكْفُوفِينْ,arabic_speech_corpus_wordtier,gold_diacritized_text,
asc_main_ARA NORM  0075,arabic_sentence_ending_training\data\raw\arabic_speech_corpus\arabic-speech-corpus\wav\ARA NORM  0075.wav,يُوَاجِهُ مُعْتَنِقُو الْإِسْلَامِ الْجُدُدُ صُعُوبَاتٍ فِي الصِّيَامِ نَظَراً لِطُولِ فَتْرَةِ النَّهَارِ- خِلَالَ شَهْرِ رَمَضَانَ الَّتِي تَصِلُ إِلَى ^َمَانِيَ عَشْرَةَ سَاعَةً فِي الْيَوْمْ,arabic_speech_corpus_wordtier,gold_diacritized_text,
asc_main_ARA NORM  0076,arabic_sentence_ending_training\data\raw\arabic_speech_corpus\arabic-speech-corpus\wav\ARA NORM  0076.wav,أَظْهَرَتْ دِرَاسَةٌ حَدِي^َةٌ أَجْرَتْهَا جَامِعَةُ سَارْلانْدْ أَلْأَلْمَانِيَّةُ أَنَّ اسْتِخْدَامَ التُّكْنُولُوجْيَا دَاخِلَ قَاعَاتِ الدَّرْسِ يُؤَدِّي إِلَى تَشْتِيتِ انْتِبَاهِ الطَّالِبِ بَدَلَ مُسَاعَدَتِهِ عَلَى التَّرْكِيزِ وَتَسْجِيلِ الْمُلَاحَظَاتِ الدِّرَاسِيَّةِ,arabic_speech_corpus_wordtier,gold_diacritized_text,
asc_main_ARA NORM  0077,arabic_sentence_ending_training\data\raw\arabic_speech_corpus\arabic-speech-corpus\wav\ARA NORM  0077.wav,لِتَصَفُّحِ الْإِنْتِرْنِتْ أَ^ْنَاءَ الدَّرْسِ وَمُمَارَسَةِ أَنْشِطَةٍ لَيْسَ لَهَا أَيُّ عَلَاقَةٍ بِمَوْضُوعِ الْمُحَاضَرَةِ أَوِ الدَّرْسِ,arabic_speech_corpus_wordtier,gold_diacritized_text,
asc_main_ARA NORM  0078,arabic_sentence_ending_training\data\raw\arabic_speech_corpus\arabic-speech-corpus\wav\ARA NORM  0078.wav,تَكْ^ُرُ الْإِصَابَةُ بِالْإِنْفِلْوَنْزَا خِلَالَ فَصْلَي الْخَرِيفِ وَالشِّتَاءِ,arabic_speech_corpus_wordtier,gold_diacritized_text,
asc_main_ARA NORM  0079,arabic_sentence_ending_training\data\raw\arabic_speech_corpus\arabic-speech-corpus\wav\ARA NORM  0079.wav,وَبِالتَّالِي يُسَاعِدُ عَلَى إِطْفَاءِ الْعَطَشِ وَعَلَى الشُّعُورِ بِالشِّبَعِ,arabic_speech_corpus_wordtier,gold_diacritized_text,
asc_main_ARA NORM  0080,arabic_sentence_ending_training\data\raw\arabic_speech_corpus\arabic-speech-corpus\wav\ARA NORM  0080.wav,فَهُوَ يُؤْكَلُ طَازِجاً أَوْ مُقَطَّعاًسة,arabic_speech_corpus_wordtier,gold_diacritized_text,
asc_main_ARA NORM  0081,arabic_sentence_ending_training\data\raw\arabic_speech_corpus\arabic-speech-corpus\wav\ARA NORM  0081.wav,كَمَا يَدْخُلُ فِي تَحْضِيرِ السَّلَطَةِ الْخَضْرَاءِ,arabic_speech_corpus_wordtier,gold_diacritized_text,
asc_main_ARA NORM  0082,arabic_sentence_ending_training\data\raw\arabic_speech_corpus\arabic-speech-corpus\wav\ARA NORM  0082.wav,شَكَّلَ بَيْتُ الْعَنْكَبُوتِ نَمُوذَجاً لِمَدِينَةٍ تَعْتَمِدُ عَلَى الْأَشْكَالِ الْهَنْدَسِيَّةِ الْمُتَنَاظِرَةِ وَتَرْتَكِزُ عَلَى مُرَاعَاةِ ^َلَا^َةِ عَنَاصِرَ أَسَاسِيَّةٍ تَتَعَلَّقُ بِاخْتِيَارِ الْمَكَانِ وَطَرِيقَةِ الْبِنَاءِ وَالْمَوَّادِّ الْمُسْتَعْمَلَةِ وَالشَّكْلِ الْمُتَوَازِنِ,arabic_speech_corpus_wordtier,gold_diacritized_text,
asc_main_ARA NORM  0083,arabic_sentence_ending_training\data\raw\arabic_speech_corpus\arabic-speech-corpus\wav\ARA NORM  0083.wav,أَعْلَنَ وَزِيرُ الْأَعْمَالِ الْبَرِيطَانِيُّ فِينْسْ كَبِلْسِل بأَنَّ وِزَارَتَهُ أَعْطَتِ الضَّوْءَ الْأَخْضَرَ لِهَذَا النَّوْعِ مِنَ السَّيَّارَاتِ لِلسَّيْرِ فِي الشَّوَارِعِ ابْتِدَاءً مِنْ يَنايِرْ كانونَ ال^َّاني أَلفَيْنِ وَخَمْسَةَ عَشَر,arabic_speech_corpus_wordtier,gold_diacritized_text,
asc_main_ARA NORM  0084,arabic_sentence_ending_training\data\raw\arabic_speech_corpus\arabic-speech-corpus\wav\ARA NORM  0084.wav,وَقَالَ كِيبْلْ إِنَّ الْحُكُومَةَ البرِيطَانِيَّةَ سَتَشْرَعُ فِي إِدْخَالِ تَعْدِيلَاتٍ عَلا الْقَوَانِينِ بِمَا يَسْمَحُ بِتَسْيِيرِ هَذِهِ السَّيَّارَاتِ فِي الشَّوَارِعِ الْعَامَّةِ,arabic_speech_corpus_wordtier,gold_diacritized_text,
asc_main_ARA NORM  0085,arabic_sentence_ending_training\data\raw\arabic_speech_corpus\arabic-speech-corpus\wav\ARA NORM  0085.wav,وَقَدْ أَ^َارَ هَذَا الْقَرَارُ زَوْبَعَةً مِنَ الْإِانْتِقَادَاتِ بَيْنَ صُفُوفِ الْمُعَارَضَةِ التُّرْكِيَّةِ,arabic_speech_corpus_wordtier,gold_diacritized_text,
asc_main_ARA NORM  0086,arabic_sentence_ending_training\data\raw\arabic_speech_corpus\arabic-speech-corpus\wav\ARA NORM  0086.wav,أَلَّتِي اتَّهَمَتْ أَرْدُوغَان بِانْتِهَاكِ الْقَوَانِينِ وَتَبْذِيرِ أَمْوَالِ الشَّعْبِ لِبِنَاءِ سُلْطَةٍ لِنَفْسِهِ,arabic_speech_corpus_wordtier,gold_diacritized_text,
asc_main_ARA NORM  0087,arabic_sentence_ending_training\data\raw\arabic_speech_corpus\arabic-speech-corpus\wav\ARA NORM  0087.wav,إِلَّا أَنَّ مُؤَيِّدِي الرَّئِيسِ يَعْتَبِرُونَ الْقَصْرَ الرِّئَاسِيَّ الْجَدِيدَ مَفْخَرَةً لِلشَّعْبِ التُّرْكِيِّ وَتَجْسِيداً لِشِعَارِ تُرْكِيَا الْجَدِيدَة,arabic_speech_corpus_wordtier,gold_diacritized_text,
asc_main_ARA NORM  0088,arabic_sentence_ending_training\data\raw\arabic_speech_corpus\arabic-speech-corpus\wav\ARA NORM  0088.wav,عَرَضَتِ الْفَنَّانَةُ التُّرْكِيَّةُ إِيدَا أَوْزْكَانْ مَسَاءَ أَمْسِ لَوْحَاتٍ لِفَنِّ الْإِبْرُو أَلرَّسْمُ عَلَى الْمَاءِ فِي مُتْحَفِ مَحْمُودْ دَرْوِيشْ بِمَدِينَةِ رَامَ الله بِالضِّفَّةِ الْغَرْبِيَّةِ بِحُضُورٍ رَسْمِيٍّ وَشَعْبِيٍّ,arabic_speech_corpus_wordtier,gold_diacritized_text,
asc_main_ARA NORM  0089,arabic_sentence_ending_training\data\raw\arabic_speech_corpus\arabic-speech-corpus\wav\ARA NORM  0089.wav,وشَمِلَ الْمَعْرَضُ لَوْحَاتٍ فَنِّيَّةً مِنْ رَسْمِ أَوْزْكَانْ,arabic_speech_corpus_wordtier,gold_diacritized_text,
asc_main_ARA NORM  0090,arabic_sentence_ending_training\data\raw\arabic_speech_corpus\arabic-speech-corpus\wav\ARA NORM  0090.wav,وَوَقَفَ الْحُضُورُ دَقِيقَةَ صَمْتٍ حِدَاداً عَلَى ضَحَايَا الْهُجُومِ فِي السَّاعَةِ ال^َّامِنَةِ وَالرُّبْعِ صَبَاحاً بِالتَّوْقِيتِ الْمَحَلِّيِّ,arabic_speech_corpus_wordtier,gold_diacritized_text,
asc_main_ARA NORM  0091,arabic_sentence_ending_training\data\raw\arabic_speech_corpus\arabic-speech-corpus\wav\ARA NORM  0091.wav,وَهِيَ اللَّحْظَةُ الَّتِي أُلْقِيَتْ فِيهَا الْقُنْبُلَةُ الْأَمِرِكِيَّةُ عَلَى الْمَدِينَةِ,arabic_speech_corpus_wordtier,gold_diacritized_text,
asc_main_ARA NORM  0092,arabic_sentence_ending_training\data\raw\arabic_speech_corpus\arabic-speech-corpus\wav\ARA NORM  0092.wav,وَهُوَ مَا سَيُسَاعِدُهُمْ عَلَى الْإِقْتِنَاعِ بِضَرَوْرَةِ التَّخَلِّي بِشَكلٍ عَاجِلٍ عَنْ هَذَا السِّلَاحِ الشَّيْطَانِيِّ,arabic_speech_corpus_wordtier,gold_diacritized_text,
asc_main_ARA NORM  0093,arabic_sentence_ending_training\data\raw\arabic_speech_corpus\arabic-speech-corpus\wav\ARA NORM  0093.wav,مِمَّا يَجْعَلُ تَأْ^ِيرَهُ عَلَى الصِّحَّةِ مُشَابِهاً لِتَأْ^ِيرِ الْيُوغَا,arabic_speech_corpus_wordtier,gold_diacritized_text,
asc_main_ARA NORM  0094,arabic_sentence_ending_training\data\raw\arabic_speech_corpus\arabic-speech-corpus\wav\ARA NORM  0094.wav,وَتَوَصَّلَ الْبَاحِ^ُ الْمُوسِيقِيُّ الْأَلْمَانِيُّ غُونْ^ْرْ كْرُويْتْسْ إِلَى هَذِهِ النَّتِيجَةِ بَعْدَ إِجْرَائِهِ تَجْرِبَةً عَلَى مَجْمُوعَةِ مُغَنِّينَ فِي جَوْقَةٍ مُوسِيقِيَّةٍ,arabic_speech_corpus_wordtier,gold_diacritized_text,
asc_main_ARA NORM  0095,arabic_sentence_ending_training\data\raw\arabic_speech_corpus\arabic-speech-corpus\wav\ARA NORM  0095.wav,وَنَصَحَتِ الدِّرَاسَةُ بِمُمَارَسَةِ الْغِنَاءِ حَتَّى وَإِنْ لَمْ يَكُنْ بِشَكْلٍ مُتْقَنٍ,arabic_speech_corpus_wordtier,gold_diacritized_text,
asc_main_ARA NORM  0096,arabic_sentence_ending_training\data\raw\arabic_speech_corpus\arabic-speech-corpus\wav\ARA NORM  0096.wav,وَأَكَّدَتْ أَنَّ الْغِنَاءَ ضِمْنَ مَجْمُوعَاتٍ لَهُ فَعَّالِيَّةٌ أَكْ^َرُ مِنَ الْغِنَاءِ الْمُنْفَرِدِ,arabic_speech_corpus_wordtier,gold_diacritized_text,
asc_main_ARA NORM  0097,arabic_sentence_ending_training\data\raw\arabic_speech_corpus\arabic-speech-corpus\wav\ARA NORM  0097.wav,يُعْرَضُ الْقِي^ارُ الْكَهْرَبَائِيُّ الَّذِي عَزَفَ عَلَيْهِ جُونْ لِينُون عِنْدَمَا كَانَ عُضْواً فِي فِرْقَةِ الْبِيتِلْز أُغْنِيَةَ بِيبَرْبَاك رَايْتَر فِي مَلْعَبِ آبِي رُودْ عَامَ أَلْفٍ وَتِسْعِ مِئَةٍ وَسِتَّةٍ وَسُتُّونَ لِلْبَيْعِ فِي مَزَادٍ عَلَنِيٍّ الْيَوْمَ الْأَحَدَ لِلْأَشْيَاءِ التَّذْكَارِيَّةِ الْمُتَعَلِّقَةِ بِمُوسِيقَى الرُّوكسِل آنْد رُولْ فِي لَنْدُنْ,arabic_speech_corpus_wordtier,gold_diacritized_text,
asc_main_ARA NORM  0098,arabic_sentence_ending_training\data\raw\arabic_speech_corpus\arabic-speech-corpus\wav\ARA NORM  0098.wav,وَهُوَ مِنْ نَوْعِ جْرِيتْشْ سِتَّةُ آلافٍ وَمِئَةٌ وَعِشْرونَ شِيتْ أَتْكِينْزْ نَاشْفِيلْ,arabic_speech_corpus_wordtier,gold_diacritized_text,
asc_main_ARA NORM  0099,arabic_sentence_ending_training\data\raw\arabic_speech_corpus\arabic-speech-corpus\wav\ARA NORM  0099.wav,بِأَنَّهُ وَاحِدٌ مِنْ أَهَمِّ آلَاتِ الْقِي^ارِ الْخَاصَّةِ بِجُون لِينُونْ الَّتِي تُطْرَحُ فِي السُّوقِ فِي الْأَعْوَامِ ال^َّلَا^ِينَ الْمَاضِيَّةِ,arabic_speech_corpus_wordtier,gold_diacritized_text,
asc_main_ARA NORM  0100,arabic_sentence_ending_training\data\raw\arabic_speech_corpus\arabic-speech-corpus\wav\ARA NORM  0100.wav,وَهُوَ أَنَّ الْحَيَاةَ الزَّوْجِيَّةَ تُسْهِمُ فِي الْمُحَافَظَةِ عَلَى ضَغْطِ دَمٍ سَلِيمٍ وَعَلَى الْأَخَصِّ عِنْدَ الرِّجَالِ,arabic_speech_corpus_wordtier,gold_diacritized_text,
asc_main_ARA NORM  0101,arabic_sentence_ending_training\data\raw\arabic_speech_corpus\arabic-speech-corpus\wav\ARA NORM  0101.wav,تَهْدِفُ هَذِهِ الْمَدْرَسَةُ إِلَى تَعْزِيزِ حُبِّ الْإِسْلَامِ وَحُبِّ الْوَطَنِ لَدَى التَّلَامِيذِ,arabic_speech_corpus_wordtier,gold_diacritized_text,
asc_main_ARA NORM  0102,arabic_sentence_ending_training\data\raw\arabic_speech_corpus\arabic-speech-corpus\wav\ARA NORM  0102.wav,وَيُوجَدُ بِهَا مُعَلِّمُونَ مُتَخَصِّصُونَ فِي اللُّغَةِ الْعَرَبِيَّةِ وَالتَّرْبِيَّةِ الْإِسْلَامِيَّةِ,arabic_speech_corpus_wordtier,gold_diacritized_text,
asc_main_ARA NORM  0103,arabic_sentence_ending_training\data\raw\arabic_speech_corpus\arabic-speech-corpus\wav\ARA NORM  0103.wav,وقَالُوا إِنَّها تَحْتَوِي عَلَى أَخْطَاءٍ وَمُغَالَطَاتٍ وَتَحْرِيفَاتٍ قَدْ تُضَلِّلُ صُنَّاعَ الْقَرَارِ عِنْدَ تَقْدِيرِ مَدَى جَدْوَى وَفَوَائِدِ السَّجَائِرِ الْإِلْكْترُونِيَّةِ,arabic_speech_corpus_wordtier,gold_diacritized_text,
asc_main_ARA NORM  0104,arabic_sentence_ending_training\data\raw\arabic_speech_corpus\arabic-speech-corpus\wav\ARA NORM  0104.wav,وَهُوَ مَا قَدْ يَضَعُ صُنَّاعَ الْقَرَارِ وَالْعَامَّةِ فِي خَطَرِ إِغْفَالِ فَوَائِدِهَا الصِّحِّيَّةِ,arabic_speech_corpus_wordtier,gold_diacritized_text,
asc_main_ARA NORM  0105,arabic_sentence_ending_training\data\raw\arabic_speech_corpus\arabic-speech-corpus\wav\ARA NORM  0105.wav,وَبَيْنَمَا يَخْشَى بَعْضُ الْخُبَرَاءِ أَنْ تُؤَدِّيَ السَّجَائِرُل أَلْإِلِكْترُونِيَّةُ إِلَى إِدْمَانِ النِّيكُوتِينِ وَتَكُونَ بِدَايَةً لِتَدْخِينِ التِّبْغِ,arabic_speech_corpus_wordtier,gold_diacritized_text,
asc_main_ARA NORM  0106,arabic_sentence_ending_training\data\raw\arabic_speech_corpus\arabic-speech-corpus\wav\ARA NORM  0106.wav,كَشَفَ تَقْرِيرٌ صَادِرٌ عَنِ الْمُنَظَّمَةِ الْعَالَمِيَّةِ لِلْأَرْصَادِ الجَّوِّيَّةِ أَنَّ طَبَقَةَ الْأُوزُونَ الَّتِي تَحْمِي الْأَرْضَ مِنْ إِشْعَاعَاتِ الشَّمْسِ الضَّارَّةِ الْمُسَبِّبَةِ لِلسَّرَطَانْ,arabic_speech_corpus_wordtier,gold_diacritized_text,
asc_main_ARA NORM  0107,arabic_sentence_ending_training\data\raw\arabic_speech_corpus\arabic-speech-corpus\wav\ARA NORM  0107.wav,وَأَنَّ ^ُقْبَ الْأُوزُونْ فِي طَرِيقِهِ إِلَى الْإِخْتِفَاءِ وَالْإِنْغِلَاقِ عَامَ أَلْفَيْنِ وَخَمْسِينْ,arabic_speech_corpus_wordtier,gold_diacritized_text,
asc_main_ARA NORM  0108,arabic_sentence_ending_training\data\raw\arabic_speech_corpus\arabic-speech-corpus\wav\ARA NORM  0108.wav,يَدِينُ الْفَرِيقُ الْكَاتَالُونِيُّ بِفَوْزِهِ إِلَى نَجْمِهِ الْبَدِيلِ الدَّوْلِيِّ الْبَرَازِيلِيِّ نِيمَارَ الَّذِي سَجَّلَ الْهَدَفَ الْأَوَّلَ فِي الدَّقِيقَةِ التَّاسِعَةِ وَالسَّبْعِينَ مُسْتَغِلّاً كُرَةً عَلَى طَبَقٍ مِنْ ذَهَبٍ مِنْ صَانِعِ الْأَلْعَابِ الدَّوْلِيِّ الْأَرْجَنْتِينِيّْ لِيُونِيلْ مِيسِّي عِنْدَ حَافَّةِ الْمَنْطِقَةِ فَهَيَّأَهَا لِنَفْسِهِ بِيُمْنَاهُ وَتَابَعَهَا بِيُسْرَاهُ عَلَى يَسَارِ الْحَارِسِ,arabic_speech_corpus_wordtier,gold_diacritized_text,
asc_main_ARA NORM  0109,arabic_sentence_ending_training\data\raw\arabic_speech_corpus\arabic-speech-corpus\wav\ARA NORM  0109.wav,وَأَضَافَ الْهَدَفَ ال^َّانِيَ فِي الدَّقِيقَةِ الرَّابِعَةِ وَال^َّمانينَ إِ^ْرَ تَمْرِيرَةٍ عَرْضِيَّةٍ مِنَ الْبَرْغُو^ِ الْأَرْجَنْتِينِيِّ مِنَ الْجِهَةِ الْيُمْنَى فَهَيَّأَهَا لِنَفْسِهِ أَيْضاً بِيُمْنَاهُ وَسَدَّدَهَا عَلَى يَسَارِ الْحَارِسِ,arabic_speech_corpus_wordtier,gold_diacritized_text,
asc_main_ARA NORM  0110,arabic_sentence_ending_training\data\raw\arabic_speech_corpus\arabic-speech-corpus\wav\ARA NORM  0110.wav,بَعْدَ تَأَخُّرِ انْطِلَاقِهِ نَحْوَ عَشْرَةِ أَيَّامٍ,arabic_speech_corpus_wordtier,gold_diacritized_text,
asc_main_ARA NORM  0111,arabic_sentence_ending_training\data\raw\arabic_speech_corpus\arabic-speech-corpus\wav\ARA NORM  0111.wav,وَتَتَضَمَّنُ حَفَلَاتٍ لِمُوسِيقَى الْجَازِ يُحْيِيهَا فَنَّانُونَ تُونِسِيُّونَ وَأَجَانِبَ,arabic_speech_corpus_wordtier,gold_diacritized_text,
asc_main_ARA NORM  0112,arabic_sentence_ending_training\data\raw\arabic_speech_corpus\arabic-speech-corpus\wav\ARA NORM  0112.wav,وَكَانَ السِّير جُون فْرانْكْلينْ يَسْعَى هُوَ وَطَاقَمُهُ الْمُكَوَّنُ مِنْ مِئَةٍ وَ^َمَانِيَّةٍ وَعِشْرِينَ فَرْداً إِلَى اكْتِشَافِ الْمَمَرِّ الْأُسْطُورِيِّ بَيْنَ الْمُحِيطَيْنِ الْأَطْلَسِيِّ وَالْهَادِي,arabic_speech_corpus_wordtier,gold_diacritized_text,
asc_main_ARA NORM  0113,arabic_sentence_ending_training\data\raw\arabic_speech_corpus\arabic-speech-corpus\wav\ARA NORM  0113.wav,وَمِتْزْ مَعْ بَاسْتْيَا,arabic_speech_corpus_wordtier,gold_diacritized_text,
asc_main_ARA NORM  0114,arabic_sentence_ending_training\data\raw\arabic_speech_corpus\arabic-speech-corpus\wav\ARA NORM  0114.wav,وَيَلْعَبُ غَداً أَيْضاً لَنْس مَعْ سَانْتْ إِتْيَانْ,arabic_speech_corpus_wordtier,gold_diacritized_text,
asc_main_ARA NORM  0115,arabic_sentence_ending_training\data\raw\arabic_speech_corpus\arabic-speech-corpus\wav\ARA NORM  0115.wav,وَتَغْطِيَةُ الْجُزْءِ الْمَرْفُوعِ بِإِزَارٍ مِنَ الْقُمَاشِ الْقُطْنِيِّ الْأَبْيَضِ,arabic_speech_corpus_wordtier,gold_diacritized_text,
asc_main_ARA NORM  0116,arabic_sentence_ending_training\data\raw\arabic_speech_corpus\arabic-speech-corpus\wav\ARA NORM  0116.wav,أَعْلَنَتْ لَجْنَةُ جَائِزَةِ غُونكُورْ أَلْأَدَبِيَّةِ الْفَرَنْسِيَّةِ تَرْشِيحَ خَمْسَةَ عَشَرَ رِوَائِيّاً فِي الْقَائِمَةِ الْأَوَّلِيَّةِ بَيْنَهُم أَلْمَغْرِبِيُّ فُؤَادْ الْعَرْوِي وَالْجَزَائِرِيُّ كَمَالْ دَاوُدْ,arabic_speech_corpus_wordtier,gold_diacritized_text,
asc_main_ARA NORM  0117,arabic_sentence_ending_training\data\raw\arabic_speech_corpus\arabic-speech-corpus\wav\ARA NORM  0117.wav,وَهُمَا أَلْمَغْرِبِيُّ أَلطَّاهِر بِنْ جَلُّونْ عَامَ أَلْفٍ وَتِسْعِ مِئَةٍ وَسَبْعَةٍ وَ^َمَانِينْ وَاللُّبْنَانِيُّ أَمِينْ مَعْلُوفْ عَامَ أَلْفٍ وَتِسْعِ مِئَةٍ وَأَرْبَعَةٍ وَتِسْعِينْ,arabic_speech_corpus_wordtier,gold_diacritized_text,
asc_main_ARA NORM  0118,arabic_sentence_ending_training\data\raw\arabic_speech_corpus\arabic-speech-corpus\wav\ARA NORM  0118.wav,فِي السَّابِعَ عَشَرَ مِنْ يَنَايِرَ- كَانُونَ ال^َّانِي أَلْفَيْنِ وَأَرْبَعَةَ عَشَرْ,arabic_speech_corpus_wordtier,gold_diacritized_text,
asc_main_ARA NORM  0119,arabic_sentence_ending_training\data\raw\arabic_speech_corpus\arabic-speech-corpus\wav\ARA NORM  0119.wav,لِأَهَمِّيَّتِهِ الْإِسْتْرَاتِيجِيَّةِ لِلْقُوَى الْعُظْمَى,arabic_speech_corpus_wordtier,gold_diacritized_text,
asc_main_ARA NORM  0120,arabic_sentence_ending_training\data\raw\arabic_speech_corpus\arabic-speech-corpus\wav\ARA NORM  0120.wav,وَفِي هَذَا الْإِطَارِ حَصَلَ الرُّوسُ عَلَى نُقْطَةِ صِيَّانَةٍ وَإِمْدَادٍ,arabic_speech_corpus_wordtier,gold_diacritized_text,
asc_main_ARA NORM  0121,arabic_sentence_ending_training\data\raw\arabic_speech_corpus\arabic-speech-corpus\wav\ARA NORM  0121.wav,مِمَّا يُؤَدِّي إِلَى تَفَكُّكِ الْمُسْتَعْمَرَاتِ الْكِلْسِيَّةِ وَالْقَضَاءِ عَلَى الشِّعَابِ الْمَرْجَانِيَّةِ,arabic_speech_corpus_wordtier,gold_diacritized_text,
asc_main_ARA NORM  0122,arabic_sentence_ending_training\data\raw\arabic_speech_corpus\arabic-speech-corpus\wav\ARA NORM  0122.wav,وَرَبَطَ بَحْ^ٌ سَابِقٌ بَيْنَ تَبَاطُءِ ارْتِفَاعِ الْحَرَارَةِ وَعَوَامِلَ مِنْهَا تَرَاجُعُ الطَّاقَةِ النَّاتِجَةِ مِنَ الشَّمْسِ وَتَرَاكُمُ هَوَاءٍ مُلَوَّ^ٍ فِي الْجَوِّ يَحْجُبُ أَشِعَّتَهَا,arabic_speech_corpus_wordtier,gold_diacritized_text,
asc_main_ARA NORM  0123,arabic_sentence_ending_training\data\raw\arabic_speech_corpus\arabic-speech-corpus\wav\ARA NORM  0123.wav,وَذَهَبَتْ أَبْحَا^ٌ أُخْرَى إِلَى أَنَّ السَّبَبَ قَدْ يَكُونُ امْتِصَاصُ الْمُحِيطَاتِ الْعَمِيقَةِ لِلْمَزِيدِ مِنَ الْحَرَارَةِ,arabic_speech_corpus_wordtier,gold_diacritized_text,
asc_main_ARA NORM  0124,arabic_sentence_ending_training\data\raw\arabic_speech_corpus\arabic-speech-corpus\wav\ARA NORM  0124.wav,وَأَحْرَزَتِ الْكَاتِبَةُ السُّورِيَّةُ تَوْفِيقَة خَضُّورْ أَلْجَائِزَةَ الْأُولَى فِي الرِّوَايَةِ عَنْ عَمَلِهَا سَأُعِيدُ إِنْجَابَ الْقَمَرِ,arabic_speech_corpus_wordtier,gold_diacritized_text,
asc_main_ARA NORM  0125,arabic_sentence_ending_training\data\raw\arabic_speech_corpus\arabic-speech-corpus\wav\ARA NORM  0125.wav,أَحْرَزَ الْقَاصُّ الْمِصْرِيُّ أَشْرَفُ الشَّرْبِينِي أَلْمَرْكَزَ الْأَوَّلَ عَنْ مَجْمُوعَتِهِ أَلْوَفَاةُ السَّعِيدَةُ لِعَبْدِهِ الْحَلَّاقْ,arabic_speech_corpus_wordtier,gold_diacritized_text,
asc_main_ARA NORM  0126,arabic_sentence_ending_training\data\raw\arabic_speech_corpus\arabic-speech-corpus\wav\ARA NORM  0126.wav,وَعَادَ الْمَرْكَزُ ال^َّانِي لِلْقَاصِّ الْمِصْرِيِّ إِبْرَاهِيمِ عَبْدِ الْفَتَّاحِ عَنْ مَجْمُوعَتِهِ مَطَرٌ صَيْفِيّْ,arabic_speech_corpus_wordtier,gold_diacritized_text,
asc_main_ARA NORM  0127,arabic_sentence_ending_training\data\raw\arabic_speech_corpus\arabic-speech-corpus\wav\ARA NORM  0127.wav,وَمِنْ بَيْنِهَا أَرْبَعَةٌ يَتَجَاوَزُ حَجْمُهَا كَوْكَبَ الْأَرْضِ بِضِعْفَيْنِ وَنِصْفٍ تَقْرِيباً,arabic_speech_corpus_wordtier,gold_diacritized_text,
asc_main_ARA NORM  0128,arabic_sentence_ending_training\data\raw\arabic_speech_corpus\arabic-speech-corpus\wav\ARA NORM  0128.wav,وَتَدُورُ حَوْلَ نُجُومِهَا فِي مَدَارٍ يُعْرَفُ بِالْمَنْطقَةِ الْقَابِلَةِ لِلْحَيَاةِ,arabic_speech_corpus_wordtier,gold_diacritized_text,
asc_main_ARA NORM  0129,arabic_sentence_ending_training\data\raw\arabic_speech_corpus\arabic-speech-corpus\wav\ARA NORM  0129.wav,وَأَنَّ أَرْبَعَةً وَتِسْعِينَ بِالْمِئَةِ مِنْ تِلْكَ الْكَوَاكِبِ أَصْغَرُ مِنْ كَوْكَبِ نِبْتُونْ أَلَّذِي يُعَادِلُ حَجْمُهُ تَقْرِيباً أَرْبَعَةَ أَضْعَافِ حَجْمِ الْأَرْضِ,arabic_speech_corpus_wordtier,gold_diacritized_text,
asc_main_ARA NORM  0130,arabic_sentence_ending_training\data\raw\arabic_speech_corpus\arabic-speech-corpus\wav\ARA NORM  0130.wav,تَسْتَعِدُّ الْعَاصِمَةُ الْعِرَاقِيَّةُ لِاخْتِتَامِ فَعَّالِيَّاتِ تَظَاهُرَةِ بَغْدَادَ عَاصِمَةً لِل^َّقَافَةِ الْعَرَبِيَّةِ بَعْدَ عَامٍ شَهِدَ عَشَرَاتِ التَّظَاهُرَاتِ ال^َّقَافِيَّةِ وَالْفَنِّيَّةِ وَالْمَعَارِضِ بِهَذِهِ الْمُنَاسَبَةِ,arabic_speech_corpus_wordtier,gold_diacritized_text,
asc_main_ARA NORM  0131,arabic_sentence_ending_training\data\raw\arabic_speech_corpus\arabic-speech-corpus\wav\ARA NORM  0131.wav,وَيُخَصَّصُ الْأُسْبُوعُ لِتَنْظِيمِ حَمَلَاتٍ تَ^ْقِيفِيَّةٍ حَوْلَ سِيَاسَاتِ وَمُمَارَسَاتِ إِسْرَائِيلَ الْعُنْصُرِيَّةِ وَالْإِسْتِعْمَارِيَّةِ,arabic_speech_corpus_wordtier,gold_diacritized_text,
asc_main_ARA NORM  0132,arabic_sentence_ending_training\data\raw\arabic_speech_corpus\arabic-speech-corpus\wav\ARA NORM  0132.wav,وَالْعَمَلِ عَلَى إِنْهَاءِ التَّوَاطُؤِ الدَّوْلِيِّ الَّذِي يُضْفِي الشَّرْعِيَّةَ عَلَى نِظَامِ التَّمْيِيزِ الْعُنْصُرِيِّ الْإِسْرَائِيلِيّْ,arabic_speech_corpus_wordtier,gold_diacritized_text,
asc_main_ARA NORM  0133,arabic_sentence_ending_training\data\raw\arabic_speech_corpus\arabic-speech-corpus\wav\ARA NORM  0133.wav,حَيْ^ُ تُشَارِكُ فِيهَا أَكْ^َرُ مِنْ مِئَتَيْ مَدِينَةٍ فِي أَنْحَاءِ الْعَالَمِ,arabic_speech_corpus_wordtier,gold_diacritized_text,
asc_main_ARA NORM  0134,arabic_sentence_ending_training\data\raw\arabic_speech_corpus\arabic-speech-corpus\wav\ARA NORM  0134.wav,تَقُومُ عَلَى إِطْلَاقِ مِئَاتِ الْأَقْمَارِ الصِّنَاعِيَّةِ الْمُصَغَّرَةِ إِلَى مَدَارٍ مُنْخَفِضٍ حَوْلَ الْأَرْضِ بِحَيْ^ُ يَتَوَلَّى كُلُّ قَمَرٍ صِنَاعِيٍّ اسْتِقْبَالَ الْبَيَانَاتِ مِنْ عِدَّةِ مِئَاتٍ مِنَ الْمَحَطَّاتِ الْأَرْضِيَّةِ ^ُمَّ إِعَادَةَ بَ^ِّهَا عَبْرَ مَوْجَاتٍ إِذَاعِيَّةٍ عَرِيضَةٍ إِلَى الْهَوَاتِفِ وَالْحَوَاسِيبِ الْمُنْتَشِرَةِ فِي الْعَالَمِ,arabic_speech_corpus_wordtier,gold_diacritized_text,
asc_main_ARA NORM  0135,arabic_sentence_ending_training\data\raw\arabic_speech_corpus\arabic-speech-corpus\wav\ARA NORM  0135.wav,فِي ذِكْرَى مُرُورِ خَمْسِينَ عَاماً عَلَى وَفَاةِ الْكَاتِبِ الْمِصْرِيِّ عَبَّاسْ مَحْمُودِ الْعَقَّادْ,arabic_speech_corpus_wordtier,gold_diacritized_text,
asc_main_ARA NORM  0136,arabic_sentence_ending_training\data\raw\arabic_speech_corpus\arabic-speech-corpus\wav\ARA NORM  0136.wav,عَقَدَتْ دَارُ الْكُتُبِ الْمِصْرِيَّةُ الْأَرْبِعَاءَ مُؤْتَمَراً تَحْتَ عُنْوَانِ أَلْعَقَّادُعَبْقَرِيَّةٌ مُتَجَدِّدَةٌ,arabic_speech_corpus_wordtier,gold_diacritized_text,
asc_main_ARA NORM  0137,arabic_sentence_ending_training\data\raw\arabic_speech_corpus\arabic-speech-corpus\wav\ARA NORM  0137.wav,وَتَنَاوَلَ الْمُؤْتَمَرُ صَاحِبَ سِلْسِلَةِ الْعَبْقَرِيَّاتِ,arabic_speech_corpus_wordtier,gold_diacritized_text,
asc_main_ARA NORM  0138,arabic_sentence_ending_training\data\raw\arabic_speech_corpus\arabic-speech-corpus\wav\ARA NORM  0138.wav,فَكَانَ كَمَا وَصَفَهُ الْكَاتِبُ الْمِصْرِيُّ لِوِيسْ عَوَضْ أَشْبَهَ بِهِرَقْلْ أَلَّذِي يَسْحَقُ قُوَى الْشَرِّ بِهِرَاوَتِهِ,arabic_speech_corpus_wordtier,gold_diacritized_text,
asc_main_ARA NORM  0139,arabic_sentence_ending_training\data\raw\arabic_speech_corpus\arabic-speech-corpus\wav\ARA NORM  0139.wav,وَيُشَدِّدُ عَلَى أَنَّهُ لَيْسَ عَلَى عِلْمٍ بِأَيَّةِ حَالَةٍ إِشْكَالِيَّةٍ أَوْ حَظْرٍ لِلصِّيَامِ مِنْ قِبَلِ أَيِّ شَرِكَةٍ فِي بِلْجِيكَا,arabic_speech_corpus_wordtier,gold_diacritized_text,
asc_main_ARA NORM  0140,arabic_sentence_ending_training\data\raw\arabic_speech_corpus\arabic-speech-corpus\wav\ARA NORM  0140.wav,وَيَرَى ضَرُورَةَ أَنْ يَكُونَ هُنَاكَ حِوَارٌ شَفَّافٌ,arabic_speech_corpus_wordtier,gold_diacritized_text,
asc_main_ARA NORM  0141,arabic_sentence_ending_training\data\raw\arabic_speech_corpus\arabic-speech-corpus\wav\ARA NORM  0141.wav,وَفِعْلاً يَسْتَغْرِبُ الْمَرْءُ كَيْفَ تَمَكَّنَتْ هَذِهِ السَّيِّدَةُ,arabic_speech_corpus_wordtier,gold_diacritized_text,
asc_main_ARA NORM  0142,arabic_sentence_ending_training\data\raw\arabic_speech_corpus\arabic-speech-corpus\wav\ARA NORM  0142.wav,مِنْ تَحَدِّي مَرَارَةَ مُعَانَاةِ فِقْدَانِهَا لِزَوْجِهَا وَأُخْتِهَا جَرَّاءَ هَذَا الْمَرَضِ,arabic_speech_corpus_wordtier,gold_diacritized_text,
asc_main_ARA NORM  0143,arabic_sentence_ending_training\data\raw\arabic_speech_corpus\arabic-speech-corpus\wav\ARA NORM  0143.wav,وَهَذَا يُؤَدِّي إِلَى أَنَّ الْكَ^ِيرِينَ يَعِيشُونَ ضِدَّ وَعَكْسَ سَاعَةِ أَجْسَامِهُمُ الْبَيُولُوجِيَّة,arabic_speech_corpus_wordtier,gold_diacritized_text,
asc_main_ARA NORM  0144,arabic_sentence_ending_training\data\raw\arabic_speech_corpus\arabic-speech-corpus\wav\ARA NORM  0144.wav,لَمْ تُفْلِحْ جُهُودُ السَّفَارَةِ الْمِصْرِيَّةِ فِي لَنْدُنْ وَحَمْلَةُ الضَّغْطِ الَّتِي قَادَهَا نُشَطَاءُ فِي الْجَالِيَّةِ الْمِصْرِيَّةِ,arabic_speech_corpus_wordtier,gold_diacritized_text,
asc_main_ARA NORM  0145,arabic_sentence_ending_training\data\raw\arabic_speech_corpus\arabic-speech-corpus\wav\ARA NORM  0145.wav,فِي مَنْعِ بَيْعِ التِّمْ^َالِ الْفِرْعُوْنِيِّ سَخْمْ كَا بِنَحْوِ أَرْبَعَةٍ وَعِشْرينَ مِلْيُونْ دُولارْ,arabic_speech_corpus_wordtier,gold_diacritized_text,
asc_main_ARA NORM  0146,arabic_sentence_ending_training\data\raw\arabic_speech_corpus\arabic-speech-corpus\wav\ARA NORM  0146.wav,وَتَعُودُ قِصَّةُ هَذَا التِّمْ^َالِ الْفِرْعُوْنِيِّ إِلَى عَامِ أَلفٍ وَ^َمَانِ مِئَةٍ وَ^َمانينَ حَيْ^ُ أُهْدِيَ مِنْ أُسْرَةِ مُدِيرِ مَجْلِسِ بَلَدِيَّةِ نُورْ^ْهَامْبْتُونْ إِلَى مُتْحَفِ الْمَدِينَةِ,arabic_speech_corpus_wordtier,gold_diacritized_text,
asc_main_ARA NORM  0147,arabic_sentence_ending_training\data\raw\arabic_speech_corpus\arabic-speech-corpus\wav\ARA NORM  0147.wav,وَمُنْذُ ذَلِكَ التَّارِيخْ وَالتِّمْ^الُ مَعْرُوضٌ هُناكْ,arabic_speech_corpus_wordtier,gold_diacritized_text,
asc_main_ARA NORM  0148,arabic_sentence_ending_training\data\raw\arabic_speech_corpus\arabic-speech-corpus\wav\ARA NORM  0148.wav,تَرَكَتْ سَرِقَةُ أَحَدَ أَعْمَالِهِ عَلَى يَدَيْ ضَابِطٍ إِسْرَائِيلِيٍّ أَ^َرَهَا فِي نَفْسِهِ,arabic_speech_corpus_wordtier,gold_diacritized_text,
asc_main_ARA NORM  0149,arabic_sentence_ending_training\data\raw\arabic_speech_corpus\arabic-speech-corpus\wav\ARA NORM  0149.wav,فَفِي مَطْلَعِ يُونيُو حَزِيرَانَ الْمَاضِي أَقْدَمَ النَّاطِقُ بِاسْمِ جَيْشِ الْإِحْتِلَالِ الْإِسْرَائِيلِيِّ عَلَى سَرِقَةِ صُورَةٍ كَارِيكَاتُورِيَّةٍ لِلْفَنَّانِ الْفِلَسْطِينِيِّ حَسَنْ عَبَادِي وَنَشْرِهَا مُحَرَّفَةً عَلَى مَوَاقِعِ التَّوَاصُلِ الْإِجْتِمَاعِيِّ,arabic_speech_corpus_wordtier,gold_diacritized_text,
asc_main_ARA NORM  0150,arabic_sentence_ending_training\data\raw\arabic_speech_corpus\arabic-speech-corpus\wav\ARA NORM  0150.wav,يَسْتَغِلُّ الْكَ^ِيرُ مِنْ الجَزَائِرِيِّينَ مَا تَنْعَمُ بِهِ بِلَادُهُمْ مِنْ يَنَابِيعَ مِيَاهٍ طَبِيعِيَّةٍ وَمَنَاطِقَ ذَاتَ طَبِيعَةٍ خَلَّابَةٍ فِي فَصْلِ الصَّيْفِ اللَّاهِبِ فِي بَعْضِ الْوِلَايَاتِ,arabic_speech_corpus_wordtier,gold_diacritized_text,
asc_main_ARA NORM  0151,arabic_sentence_ending_training\data\raw\arabic_speech_corpus\arabic-speech-corpus\wav\ARA NORM  0151.wav,وَذَلِكَ طَلَباً لِلتَّرْوِيحِ وَجَلْبِ الْمِيَاهِ الْبَارِدَةِ,arabic_speech_corpus_wordtier,gold_diacritized_text,
asc_main_ARA NORM  0152,arabic_sentence_ending_training\data\raw\arabic_speech_corpus\arabic-speech-corpus\wav\ARA NORM  0152.wav,وَجَدَ بَاحِ^ُونَ أَنَّ مُخَّ الطِّفْلِ يَسْتَجِيبُ لِلْأَصْوَاتِ الْمَعْهُودَةِ لَدَيْهِ مِ^ْلَ صَوْتِ أُمِّهِ,arabic_speech_corpus_wordtier,gold_diacritized_text,
asc_main_ARA NORM  0153,arabic_sentence_ending_training\data\raw\arabic_speech_corpus\arabic-speech-corpus\wav\ARA NORM  0153.wav,تُسَاعِدُهُمْ عَلَى تَعَلُّمِ اللُّغَةِ وَذَلِكَ قَبْلَ وَقْتٍ طَوِيلٍ مِنْ نُطْقِ الْأَطْفَالِ بِأَوَّلِ كَلِمَةٍ لَهُمْ فِي حَيَاتِهِمْ,arabic_speech_corpus_wordtier,gold_diacritized_text,
asc_main_ARA NORM  0154,arabic_sentence_ending_training\data\raw\arabic_speech_corpus\arabic-speech-corpus\wav\ARA NORM  0154.wav,فَالْأَرْجَحُ أَنَّ ذَلِكَ يُسَهِّلُ عَلَ الْمُخِّ تَقْلِيدَ كَلِمَاتِهَا,arabic_speech_corpus_wordtier,gold_diacritized_text,
asc_main_ARA NORM  0155,arabic_sentence_ending_training\data\raw\arabic_speech_corpus\arabic-speech-corpus\wav\ARA NORM  0155.wav,فَجَّرَ مُسَلَّحُو تَنْظِيمِ الدَّوْلَةِ الْخَمِيسَ مَسْجِداً مَشْهُوراً يُعْتَقَدُ أَنَّهُ مَرْقَدُ النَّبِيِّ يُونُسْ عَلَيْهِ السَّلَامُ بِمَدِينَةِ الْمُوصِلِ فِي الْعِرَاقِ,arabic_speech_corpus_wordtier,gold_diacritized_text,
asc_main_ARA NORM  0156,arabic_sentence_ending_training\data\raw\arabic_speech_corpus\arabic-speech-corpus\wav\ARA NORM  0156.wav,وَأَوْضَحُوا أَنَّ مَوْجَاتٍ فَوْقَ صَوْتِيَّةٍ تَنْشَأُ دَاخِلَ الْأَشْجَارِ عِنْدَمَا تَتَكَوَّنُ فُقَّاعَاتٌ دَاخِلَ فُرُوعِهَا,arabic_speech_corpus_wordtier,gold_diacritized_text,
asc_main_ARA NORM  0157,arabic_sentence_ending_training\data\raw\arabic_speech_corpus\arabic-speech-corpus\wav\ARA NORM  0157.wav,وَيَأْتِي التَّعَاقُدُ مَعَ بَرَاهِيمِي,arabic_speech_corpus_wordtier,gold_diacritized_text,
asc_main_ARA NORM  0158,arabic_sentence_ending_training\data\raw\arabic_speech_corpus\arabic-speech-corpus\wav\ARA NORM  0158.wav,إِنْطَلَقَتْ بِالْمَرْكَزِ الْإِسْلَامِيِّ فِي رِيِيكَا بِكُرْوَاتْيَا أَلْمُسَابَقَةُ السَّنَوِيَّةُ لِلشَّيْخِ جَاسْمِ بْنِ مُحَمَّدٍ بْنِ ^َانِي لِلْقُرْآنِ الْكَرِيمِ الْمُخَصَّصَةُ لِغَيْرِ النَّاطِقِينَ بِاللُّغَةِ الْعَرَبِيَّةِ,arabic_speech_corpus_wordtier,gold_diacritized_text,
asc_main_ARA NORM  0159,arabic_sentence_ending_training\data\raw\arabic_speech_corpus\arabic-speech-corpus\wav\ARA NORM  0159.wav,فَضْلاً عَنْ تَفْسِيرِ بَعْضِ الْكَلِمَاتِ وَحِفْظِ بَعْضِ الْأَحَادِي^ِ,arabic_speech_corpus_wordtier,gold_diacritized_text,
asc_main_ARA NORM  0160,arabic_sentence_ending_training\data\raw\arabic_speech_corpus\arabic-speech-corpus\wav\ARA NORM  0160.wav,عَلَى أَيَّحْصُلَ الْعَشَرَةُ الْأَوَائِلُ مِنْهُمْ عَلَى جَوَائِزَ قَيِّمَةٍ,arabic_speech_corpus_wordtier,gold_diacritized_text,
asc_main_ARA NORM  0161,arabic_sentence_ending_training\data\raw\arabic_speech_corpus\arabic-speech-corpus\wav\ARA NORM  0161.wav,وَتُمْنَحَ لِلْبَاقِينَ جَوَائِزُ رَمْزِيَّةٌ,arabic_speech_corpus_wordtier,gold_diacritized_text,
asc_main_ARA NORM  0162,arabic_sentence_ending_training\data\raw\arabic_speech_corpus\arabic-speech-corpus\wav\ARA NORM  0162.wav,وَتَجْرِى الْمُسَابَقَةُ بِالتَّعَاوُنِ مَعَ الْجَمْعِيَّةِ الْإِسْلَامِيَّةِ بُكُرُوَاتْيَا وَيُشَارِكُ فِيهَا مُتَسَابِقُونَ مِنَ الْبُوسْنَةسة وَالْهِرْسِك وَسْلُوفِينْيَا وَمَقْدُونْيَا,arabic_speech_corpus_wordtier,gold_diacritized_text,
asc_main_ARA NORM  0163,arabic_sentence_ending_training\data\raw\arabic_speech_corpus\arabic-speech-corpus\wav\ARA NORM  0163.wav,فِي حِينِ تَتَوَلَّى الْجِهَةُ الْقَطَرِيَّةُ الْمُنَظِّمَةُ جَمِيعَ الْاسْتِعْدَادَاتِ الْمَادِيَّةِ وَالْأَدَبِيَّةِ لِهَذِهِ الْمُسَابَقَةِ,arabic_speech_corpus_wordtier,gold_diacritized_text,
asc_main_ARA NORM  0164,arabic_sentence_ending_training\data\raw\arabic_speech_corpus\arabic-speech-corpus\wav\ARA NORM  0164.wav,تَزَايَدَتْ حَالَاتُ التَّوَحُّدِ مُنْذُ الْغَزْوِ الْأَمِرِكِيِّ لِلْعِرَاقِ عَامَ أَلْفَيْنِ وَ^َلا^َة,arabic_speech_corpus_wordtier,gold_diacritized_text,
asc_main_ARA NORM  0165,arabic_sentence_ending_training\data\raw\arabic_speech_corpus\arabic-speech-corpus\wav\ARA NORM  0165.wav,وَمَع بَدْءِ الْقِتَالِ بَيْنَ الْقُوَّاتِ الْحُكُومِيَّةِ وَالْمُسَلَّحِينَ,arabic_speech_corpus_wordtier,gold_diacritized_text,
asc_main_ARA NORM  0166,arabic_sentence_ending_training\data\raw\arabic_speech_corpus\arabic-speech-corpus\wav\ARA NORM  0166.wav,وَصُعُوبَةً فِي التَّوَاصُلِ مَعَ الْآخَرِينَ,arabic_speech_corpus_wordtier,gold_diacritized_text,
asc_main_ARA NORM  0167,arabic_sentence_ending_training\data\raw\arabic_speech_corpus\arabic-speech-corpus\wav\ARA NORM  0167.wav,أَقَرَّ الْكُونْغْرِسُ الْأَمِرِكِيُّ تَخْصِيصَ مِئَتَينِ وَخَمسَةً وَعِشْرينَ مِلْيُونَ دُولَارٍ- كَتَمْوِيل لِمَنْظُومَةِ الْقُبَّةِ الْحَدِيدِيَّةِ لِلدِّفَاعِ الصَّارُوخِيِّ فِي إِسْرَائِيلَ,arabic_speech_corpus_wordtier,gold_diacritized_text,
asc_main_ARA NORM  0168,arabic_sentence_ending_training\data\raw\arabic_speech_corpus\arabic-speech-corpus\wav\ARA NORM  0168.wav,وَذَلِكَ بَعْدَ يَوْمَيْنِ مِنْ إِعْلَانِ وَزَارَةِ الدِّفَاعِ الْأَمِرِكِيَّةِ تَسْلِيمَ شُحْنَاتٍ مِنَ الذَّخِيرَةِ لِإِسْرَائِيلَ,arabic_speech_corpus_wordtier,gold_diacritized_text,
asc_main_ARA NORM  0169,arabic_sentence_ending_training\data\raw\arabic_speech_corpus\arabic-speech-corpus\wav\ARA NORM  0169.wav,سَارَعَ الْمَسْؤُولُونَ الْأَمِرِكِيُّونَ لِتَهْدِئَةِ الْمَخَاوِفِ بِشَأْنِ عَوْدَةِ الْمُوَاطِنَيْنِ الْأَمِرِكِيَّيْنِ أَللَّذَيْنِ أُصِيبَا بِفَيْرُوسِ الْإِيبُولَا إِلَى الْبِلَادِ,arabic_speech_corpus_wordtier,gold_diacritized_text,
asc_main_ARA NORM  0170,arabic_sentence_ending_training\data\raw\arabic_speech_corpus\arabic-speech-corpus\wav\ARA NORM  0170.wav,وَقَدْ نَقَلَتْهُمَا طَائِرَةٌ مُجَهَّزَةٌ لِلْوِلَايَاتِ الْمُتَّحِدَةِ يَوْمَ السَّبْتِ,arabic_speech_corpus_wordtier,gold_diacritized_text,
asc_main_ARA NORM  0171,arabic_sentence_ending_training\data\raw\arabic_speech_corpus\arabic-speech-corpus\wav\ARA NORM  0171.wav,وَكانَ الْأَمِرِكِيَّانِ الْمُصَابَانِ يُسَاهِمَانِ فِي احْتِوَاءِ تَفَشِّي فِيروسِ الإِيبُولَا فِي غَرْبِ أَفرِيقْيا,arabic_speech_corpus_wordtier,gold_diacritized_text,
asc_main_ARA NORM  0172,arabic_sentence_ending_training\data\raw\arabic_speech_corpus\arabic-speech-corpus\wav\ARA NORM  0172.wav,رَغْمَ صِغَرِ سِنِّهِمْسِل أَصْبَحَتِ التَّقْنِيَّاتُ الْمُتَقَدِّمَةُ الْأَقْرَبَ إِلَيْهِمْ,arabic_speech_corpus_wordtier,gold_diacritized_text,
asc_main_ARA NORM  0173,arabic_sentence_ending_training\data\raw\arabic_speech_corpus\arabic-speech-corpus\wav\ARA NORM  0173.wav,دُونَ الْإِنْتِبَاهِ لِمَا قَدْ تُحْدِ^ُهُ مِنْ أَ^َرٍ عَلَى صِحَّتِهِمْ وَتَفَاعُلِهِمْ مَعَ مُحِيطِهِمْ,arabic_speech_corpus_wordtier,gold_diacritized_text,
asc_main_ARA NORM  0174,arabic_sentence_ending_training\data\raw\arabic_speech_corpus\arabic-speech-corpus\wav\ARA NORM  0174.wav,فَضْلاً عَنْ تَعَرُّضِهِمْ لِلضُّغُوطِ النَّفْسِيَّةِ وَالْإِجْتِمَاعِيّةِ وَالتَّحَرُّشِ وَالْإِسْتِغْلَالِ حِينَ يَتَصَفَّحُونَ مَوَاقِعَ ضَارَّةً أَوْ شَبَكَاتٍ لِلتَّوَاصُلِ الْإِجْتِمَاعِيِّ أَصْبَحَتْ هَدَفاً لِمُجْرِمِي الْإِنْتِرْنِيْتْ,arabic_speech_corpus_wordtier,gold_diacritized_text,
asc_main_ARA NORM  0175,arabic_sentence_ending_training\data\raw\arabic_speech_corpus\arabic-speech-corpus\wav\ARA NORM  0175.wav,وَتَحْتَ إِشْرَافِ رَئِيسِ الْمَصْلَحَةِ مِنْ تَأْسِيسِ أَوَّلَ فِرْقَةٍ مُوسِيقِيَّةٍ أَفْرَادُهَا مِنَ الْأَطْفَالِ الْمَرْضَى الْمُقِيمِينَ بِالْمُسْتَشْفَى,arabic_speech_corpus_wordtier,gold_diacritized_text,
asc_main_ARA NORM  0176,arabic_sentence_ending_training\data\raw\arabic_speech_corpus\arabic-speech-corpus\wav\ARA NORM  0176.wav,وَيَضُمُّ الْمِهْرَجَانُ الَّذِي تَمَّ تَأْجِيلُهُ مِنْ شَهْرِ سِبْتَمْبْر أَيْلُولَ الْمَاضِي بِسَبَبِ الظُّرُوفِ السِّيَّاسِيَّةِ وَالْأَمْنِيَّةِ فِي مِصْرَ هَذَا الْعَامِ مُسَابَقَتَيْنِ,arabic_speech_corpus_wordtier,gold_diacritized_text,
asc_main_ARA NORM  0177,arabic_sentence_ending_training\data\raw\arabic_speech_corpus\arabic-speech-corpus\wav\ARA NORM  0177.wav,^َلَا^َةٌ مِنْهَا مُتَعَلِّقَةٌ بِرُؤْيَةِ الْكَوَاكِبِ,arabic_speech_corpus_wordtier,gold_diacritized_text,
asc_main_ARA NORM  0178,arabic_sentence_ending_training\data\raw\arabic_speech_corpus\arabic-speech-corpus\wav\ARA NORM  0178.wav,وَ^َمَانِيَ زَخَّاتٍ لِلشُّهُبِ,arabic_speech_corpus_wordtier,gold_diacritized_text,
asc_main_ARA NORM  0179,arabic_sentence_ending_training\data\raw\arabic_speech_corpus\arabic-speech-corpus\wav\ARA NORM  0179.wav,وَسَيَحْدُ^ُ الْخُسُوفُ ال^َّانِي فِي ال^َّامِنِ مِنْ أَكْتُوبَرْ تِشْرِينَ الْأَوَّلْ,arabic_speech_corpus_wordtier,gold_diacritized_text,
asc_main_ARA NORM  0180,arabic_sentence_ending_training\data\raw\arabic_speech_corpus\arabic-speech-corpus\wav\ARA NORM  0180.wav,وَهُوَ أَيْضاً خُسُوفٌ كُلِّيٌّ يُشَاهَدُ مِنْ أَجْزَاءٍ مِنَ الْأَمِرِكِيَّتَيْنِ وَالْمُحِيطِ الْأَطْلَسِيِّ وَأَسْتْرَالْيَا وَأَجْزَاءٍ مِنْ شَرْقِ آسْيَا,arabic_speech_corpus_wordtier,gold_diacritized_text,
asc_main_ARA NORM  0181,arabic_sentence_ending_training\data\raw\arabic_speech_corpus\arabic-speech-corpus\wav\ARA NORM  0181.wav,إِلَّا أَنَّ إِنْتَاجَهُ أَ^َارَ جَدَلاً عَالَمِيّاً نَظَراً لِاعْتِمَادِ تَصْنِيعِهِ عَلَى بَعْضِ الْمَحَاصِيلِ الزِّرَاعِيَّةِ كَالذُّرَةِ وَفُولِ الصُّويَا مِمَّا يُؤَ^ِّرُ عَلىَ سَلَّةِ الْغِذَاءِ الْعَالَمِيَّةِ,arabic_speech_corpus_wordtier,gold_diacritized_text,
asc_main_ARA NORM  0182,arabic_sentence_ending_training\data\raw\arabic_speech_corpus\arabic-speech-corpus\wav\ARA NORM  0182.wav,مُعْظَمُهَا قَادِرٌ عَلَى إِجْرَاءِ عَمَلِيَّةِ التَّمْ^ِيلِ الضَّوْئِيِّ,arabic_speech_corpus_wordtier,gold_diacritized_text,
asc_main_ARA NORM  0183,arabic_sentence_ending_training\data\raw\arabic_speech_corpus\arabic-speech-corpus\wav\ARA NORM  0183.wav,حَيْ^ُ تَسْتَطِيعُ أَنْ تُنْتِجَ زَيْتاً نَبَاتِيّاً,arabic_speech_corpus_wordtier,gold_diacritized_text,
asc_main_ARA NORM  0184,arabic_sentence_ending_training\data\raw\arabic_speech_corpus\arabic-speech-corpus\wav\ARA NORM  0184.wav,تَتِمُّ مُعَالَجَتُهُ كِيمْيَائِيّاً لِلْحُصُولِ عَلَى الدِّيزَلِ الْحَيَوِيِّ,arabic_speech_corpus_wordtier,gold_diacritized_text,
asc_main_ARA NORM  0185,arabic_sentence_ending_training\data\raw\arabic_speech_corpus\arabic-speech-corpus\wav\ARA NORM  0185.wav,الْقَادِرِ عَلَى تَشْغِيلِ كَ^ِيرٍ مِنَ الْمُحَرِّكَاتِ,arabic_speech_corpus_wordtier,gold_diacritized_text,
asc_main_ARA NORM  0186,arabic_sentence_ending_training\data\raw\arabic_speech_corpus\arabic-speech-corpus\wav\ARA NORM  0186.wav,يَرْوِي رَئِيسُ الْمَجْلِسِ الْإِسْلَامِيِّ كَيْفَ تَحَوَّلَ شَابٌّ دَانِمَارْكِيٌّ بَعْدَ اعْتِنَاقِهِ الْإِسْلَامَ مِنْ عَاقٍّ لِوَالِدَتِهِ الْعَجُوزِ الَّتِي كَانَ يَشْتِمُهَا وَيُؤْذِيهَا5 وَيَضْرِبُهَا إِلَى حَمَلٍ وَدِيعٍ وَمُطِيعٍ يَعْتَنِي بِهَا,arabic_speech_corpus_wordtier,gold_diacritized_text,
asc_main_ARA NORM  0187,arabic_sentence_ending_training\data\raw\arabic_speech_corpus\arabic-speech-corpus\wav\ARA NORM  0187.wav,مِنْ فِئَةٍ مُهَمَّشَةٍ لَا حُضُورَ فَاعِلاً لَهَا,arabic_speech_corpus_wordtier,gold_diacritized_text,
asc_main_ARA NORM  0188,arabic_sentence_ending_training\data\raw\arabic_speech_corpus\arabic-speech-corpus\wav\ARA NORM  0188.wav,إِلَى فِئَةٍ تَحْتَ الضَّوْءِ لَدَيْهَا مَقَابِرُ خَاصَّةٌ,arabic_speech_corpus_wordtier,gold_diacritized_text,
asc_main_ARA NORM  0189,arabic_sentence_ending_training\data\raw\arabic_speech_corpus\arabic-speech-corpus\wav\ARA NORM  0189.wav,وَأَكْ^َرُ مِنْ خَمْسَ عَشْرَةَ مَدْرَسَةٍ إِسْلَامِيَّةٍ مُنْتَشِرَةً فِي الْبِلَادِ مَدْعُومَةً بِنِسْبَةِ خَمسَةٍ وَ^َمَانينَ بِالْمِئَةِ مِنَ الدَّوْلَةِ,arabic_speech_corpus_wordtier,gold_diacritized_text,
asc_main_ARA NORM  0190,arabic_sentence_ending_training\data\raw\arabic_speech_corpus\arabic-speech-corpus\wav\ARA NORM  0190.wav,أَلآنَ وَقَدْ خَارَتْ قُوَاهُ وَاحْدَوْدَبَ ظَهْرُهُ وَتَ^َاقَلَتْ مِشْيَتَهُ,arabic_speech_corpus_wordtier,gold_diacritized_text,
asc_main_ARA NORM  0191,arabic_sentence_ending_training\data\raw\arabic_speech_corpus\arabic-speech-corpus\wav\ARA NORM  0191.wav,لَكِنْ بَعْدَ حُصُولِهِمْ عَلَى الْإِذْنِ عَامَ أَلفٍ وَتِسعِ مِئَةٍ وتِسعَةٍ وَ^َمانِينْ,arabic_speech_corpus_wordtier,gold_diacritized_text,
asc_main_ARA NORM  0192,arabic_sentence_ending_training\data\raw\arabic_speech_corpus\arabic-speech-corpus\wav\ARA NORM  0192.wav,عَصَفَتْسة بِالْمِنْطَقَةِ تَقَلُّبَاتٌ جَذْرِيَّةٌ زَلْزَلَتْ كُلَّ شَيْءٍ إِلَّا تَصْمِيمَ هَؤُلاءِ الْقَوْمِ عَلَى إِنْجَازِ مَشْرُوعِهِمْ,arabic_speech_corpus_wordtier,gold_diacritized_text,
asc_main_ARA NORM  0193,arabic_sentence_ending_training\data\raw\arabic_speech_corpus\arabic-speech-corpus\wav\ARA NORM  0193.wav,وَيَهْدِفُ الْمَشْرُوعُ إِلَى التَّخْفِيفِ مِنِ اسْتِهْلَاكِ الطَّاقَةِ التَّقْلِيدِيَّةِ وَنَقْلِ التَّقْنِيَّةِ لِأَسْوَاقٍ أُخْرَى خَارِجَ قَطَرَ وَفْقَ بَيْئَتِهَا,arabic_speech_corpus_wordtier,gold_diacritized_text,
asc_main_ARA NORM  0194,arabic_sentence_ending_training\data\raw\arabic_speech_corpus\arabic-speech-corpus\wav\ARA NORM  0194.wav,دَعَا الْمَعْهَدُ الدَّوْلِيُّ لِلصَّحَافَةِ فِى رِسَالَةٍ مَفْتُوحَةٍ وَجَّهَهَا لِلرَّئِيسِ الْمِصْرِيِّ عَبْدِ الْفَتَّاحِ السِّيسِي إِلَى مَنْحِ عَفْوٍ رِئَاسِيٍّ كَامِلٍ لِصَحَفِيِّي الْجَزِيرَةِ ال^َّلَا^َة أَلَّذِينَ قَضَتْ مَحْكَمَةٌ بِسَجْنِهِمْ مُدَداً تَتَرَاوَحُ بَيْنَ سَبْع وَعَشْرِ سَنَوَاتٍ,arabic_speech_corpus_wordtier,gold_diacritized_text,
asc_main_ARA NORM  0195,arabic_sentence_ending_training\data\raw\arabic_speech_corpus\arabic-speech-corpus\wav\ARA NORM  0195.wav,بَعْدَ عَضِّهِ مُدَافِعَ الْمُنْتَخَبِ الْإِيطَالِيِّ جُورْجْيُو كِيلِينِي فِي اللِّقَاءِ الَّذِي جَمَعَ الْمُنْتَخَبَيْنِ قَبْلَ أَيَّامْ,arabic_speech_corpus_wordtier,gold_diacritized_text,
asc_main_ARA NORM  0196,arabic_sentence_ending_training\data\raw\arabic_speech_corpus\arabic-speech-corpus\wav\ARA NORM  0196.wav,وَنَظَراً لِانْخِفَاضِ مُعَدَّلِ اسْتِهْلَاكِ الطَّاقَةِ أَ^ْنَاءَ السَّفَرِ بِسَبَبِ الْجُلُوسِ الْمُسْتَمِرِّ فِي السَّيَّارَةِ أَوِ الْحَافِلَةِ,arabic_speech_corpus_wordtier,gold_diacritized_text,
asc_main_ARA NORM  0197,arabic_sentence_ending_training\data\raw\arabic_speech_corpus\arabic-speech-corpus\wav\ARA NORM  0197.wav,وَيَنْبَغِي حِفْظُ هَذِهِ الْأَطْعِمَةِ فِي عَبَوَاتٍ مُحْكَمَةِ الْإِغْلَاقِ,arabic_speech_corpus_wordtier,gold_diacritized_text,
asc_main_ARA NORM  0198,arabic_sentence_ending_training\data\raw\arabic_speech_corpus\arabic-speech-corpus\wav\ARA NORM  0198.wav,مِنْهَا أَقْمِشَةٌ وَأَدَوَاتٌ مَعْدَنِيَّةٌ وَخَشَبِيَّةٌ وَقِنانٍ بْلَاسْتِيكِيَّةٌ وَزُجَاجِيَّةٌ وَأَوْرَاقُ صُحُفٍ,arabic_speech_corpus_wordtier,gold_diacritized_text,
asc_main_ARA NORM  0199,arabic_sentence_ending_training\data\raw\arabic_speech_corpus\arabic-speech-corpus\wav\ARA NORM  0199.wav,تَهْدِفُ لِإِقْناعِ النَّاسِ بِأَنَّ النِّفَايَاتِ لَيْسَتْ جَمِيعُهَا لِلرَّمْيِ,arabic_speech_corpus_wordtier,gold_diacritized_text,
asc_main_ARA NORM  0200,arabic_sentence_ending_training\data\raw\arabic_speech_corpus\arabic-speech-corpus\wav\ARA NORM  0200.wav,وَأَنَّ لَهَا اسْتِعْمَالَاتٍ مُتَعَدِّدَةً وَيُمْكِنُ تَحْوِيلُهَا إِلَى فَنٍّ,arabic_speech_corpus_wordtier,gold_diacritized_text,
asc_main_ARA NORM  0201,arabic_sentence_ending_training\data\raw\arabic_speech_corpus\arabic-speech-corpus\wav\ARA NORM  0201.wav,وَتَتَوَاصَلُ مُعَانَاةُ الزَّائِرِ مِنْ دَاخِلِ الْمَطَارِ إِلَى خَارِجِهِ,arabic_speech_corpus_wordtier,gold_diacritized_text,
asc_main_ARA NORM  0202,arabic_sentence_ending_training\data\raw\arabic_speech_corpus\arabic-speech-corpus\wav\ARA NORM  0202.wav,تُرَافِقُهَا ابْتِسَامَةٌ عَرِيضَةٌ,arabic_speech_corpus_wordtier,gold_diacritized_text,
asc_main_ARA NORM  0203,arabic_sentence_ending_training\data\raw\arabic_speech_corpus\arabic-speech-corpus\wav\ARA NORM  0203.wav,قَبْلَ أَنْ يُصْبِحُوا نُجُوماً وَأَسْعَارُهُمْ تُقَدَّرُ بِعَشَرَاتِ الْمَلَايِينِ مِنَ الدُّولَارَاتِ,arabic_speech_corpus_wordtier,gold_diacritized_text,
asc_main_ARA NORM  0204,arabic_sentence_ending_training\data\raw\arabic_speech_corpus\arabic-speech-corpus\wav\ARA NORM  0204.wav,وَلَمْ يَنْسَ أَغْلَبُ هَؤُلَاءِ جُذُورَهَمْ وَالْمَنَاطِقَ الْفَقِيرَةَ الَّتِي جَاؤُوا مِنْهَا,arabic_speech_corpus_wordtier,gold_diacritized_text,
asc_main_ARA NORM  0205,arabic_sentence_ending_training\data\raw\arabic_speech_corpus\arabic-speech-corpus\wav\ARA NORM  0205.wav,نَتَوَجَّهُ إِلَى مَسْقَطِ رَأَسِ نِيمَارَ,arabic_speech_corpus_wordtier,gold_diacritized_text,
asc_main_ARA NORM  0206,arabic_sentence_ending_training\data\raw\arabic_speech_corpus\arabic-speech-corpus\wav\ARA NORM  0206.wav,إِطْلَالَةٌ عَلَى أَحْوَالِ الطَّقْسِ نُتَابِعُهَا مَعَ خَالِدْ صَالِحْ,arabic_speech_corpus_wordtier,gold_diacritized_text,
asc_main_ARA NORM  0207,arabic_sentence_ending_training\data\raw\arabic_speech_corpus\arabic-speech-corpus\wav\ARA NORM  0207.wav,صَبَاح الْخَيْر خَالِدْ,arabic_speech_corpus_wordtier,gold_diacritized_text,
asc_main_ARA NORM  0208,arabic_sentence_ending_training\data\raw\arabic_speech_corpus\arabic-speech-corpus\wav\ARA NORM  0208.wav,صَبَاحُ الْخَيْرْ إِزْدِهَارْ,arabic_speech_corpus_wordtier,gold_diacritized_text,
asc_main_ARA NORM  0209,arabic_sentence_ending_training\data\raw\arabic_speech_corpus\arabic-speech-corpus\wav\ARA NORM  0209.wav,صَبَاحُ الْخَيْرْ أَعِزَّائِي الْمُشَاهِدِينْ,arabic_speech_corpus_wordtier,gold_diacritized_text,
asc_main_ARA NORM  0210,arabic_sentence_ending_training\data\raw\arabic_speech_corpus\arabic-speech-corpus\wav\ARA NORM  0210.wav,نَبْدَأُ مِنْ مَنْطِقَةِ شِبْهِ الْجَزِيرَةِ الْعَرَبِيَّةِ الَّتِي تَتَأَ^َّرُ- بِوُجُودِ امْتِدَادِ مُرْتَفَعٍ جَوِّيٍّ ضَعِيفٍ يَعْمَلُ عَلَى هُبُوبِ رِيَاحٍ شَمَالِيَّةٍ غَرْبِيَّةٍ خَفِيفَةِ السُّرْعَةِ فِي الْمَنَاطِقِ الشَّمَالِيَّةِ,arabic_speech_corpus_wordtier,gold_diacritized_text,
asc_main_ARA NORM  0211,arabic_sentence_ending_training\data\raw\arabic_speech_corpus\arabic-speech-corpus\wav\ARA NORM  0211.wav,أَمْطَارٌ مُتَوَقَّعَةٌ فِي سَلْطَنَةِ عُمَانَ خِلَالَ هَذَا الْيَوْمِ والْأَرْبَع وعِشْرينَ سَاعَتَنِ الْقَادِمَة,arabic_speech_corpus_wordtier,gold_diacritized_text,
asc_main_ARA NORM  0212,arabic_sentence_ending_training\data\raw\arabic_speech_corpus\arabic-speech-corpus\wav\ARA NORM  0212.wav,كَذَلِكَ هُوَ الْحَالُ فِي الْمَدِينَةِ الْمُنَوَّرَةِ لَكِنْ مَعَ طَقْسٍ غَائِمٍ جُزْئِيّاً,arabic_speech_corpus_wordtier,gold_diacritized_text,
asc_main_ARA NORM  0213,arabic_sentence_ending_training\data\raw\arabic_speech_corpus\arabic-speech-corpus\wav\ARA NORM  0213.wav,وَتَفَوَّقَ عَلَى الْعَدِيدِ مِنَ الْأَبْطَالِ الْعَالَمِيِّينَ وَالْأُولُمْبِيِّينَ,arabic_speech_corpus_wordtier,gold_diacritized_text,
asc_main_ARA NORM  0214,arabic_sentence_ending_training\data\raw\arabic_speech_corpus\arabic-speech-corpus\wav\ARA NORM  0214.wav,خُصُوصاً أَصْحَابَ الْإِخْتِصَاصِ أَلْفِنْلَنْدِيِّ تِيرُو سِلبِيتْكَامَاكِي أَلَّذِي حَلَّ ^َانِياً وَالِتْشِيكِي فِيتْسَلاف فِيسِيلِي أَلْخَامِسِ سِتَّةٌ وَ^َمانونَ مِتْراً و^َلَا^َةٌ وَسِتِّونَ سَنتِمِتراً واحِدٌ وَ^َمانُونَ مِتْراً و^َلا^َةٌ وَأَربَعُونَ سَنتِمِتراً وَالنَّرْوِيجِيِّ أَنْدْرِياس ^ُورْكِيلْدسِن ^َمانُونَ مِتْراً وتِسعَةٌ وَسَبعُونَ سَنتِمِتراً أَلَّذِي اكْتَفَى بِالْمَرْكَزِ السَّابِعِ,arabic_speech_corpus_wordtier,gold_diacritized_text,
asc_main_ARA NORM  0215,arabic_sentence_ending_training\data\raw\arabic_speech_corpus\arabic-speech-corpus\wav\ARA NORM  0215.wav,وَشَهِدَ اللِّقَاءُ تَسْجِيلَ ^َلَا^َةِ أَرْقَامٍ عَالَمِيَّةٍ فِي مُنَافَسَاتِ الرِّجَالِ,arabic_speech_corpus_wordtier,gold_diacritized_text,
asc_main_ARA NORM  0216,arabic_sentence_ending_training\data\raw\arabic_speech_corpus\arabic-speech-corpus\wav\ARA NORM  0216.wav,أَوَّلُهَا عَنْ طَرِيقِ الْعَدَّاءِ الْجَامَايْكِيِّ هَانْسِل بَّارْشْمَانْت فِي سِبَاقِ المِئَةِ وَالعَشرَةِ أَمْتَارٍ,arabic_speech_corpus_wordtier,gold_diacritized_text,
asc_main_ARA NORM  0217,arabic_sentence_ending_training\data\raw\arabic_speech_corpus\arabic-speech-corpus\wav\ARA NORM  0217.wav,يَوْمُ التَّخَرُّجِ هُوَ لَدَى الْخِرِّيجِينَ يَوْمُ نِهَايَةٍ وَبِدَايَةٍ,arabic_speech_corpus_wordtier,gold_diacritized_text,
asc_main_ARA NORM  0218,arabic_sentence_ending_training\data\raw\arabic_speech_corpus\arabic-speech-corpus\wav\ARA NORM  0218.wav,إِنَّهُ يَوْمٌ يَسْتَرْجِعُ فِيهِ الشَّبَابُ التَّضْحِيَاتِ الَّتِي بَذَلَتْهَا أُسَرُهُمْ مِنْ أَجْلِهِمْ,arabic_speech_corpus_wordtier,gold_diacritized_text,
asc_main_ARA NORM  0219,arabic_sentence_ending_training\data\raw\arabic_speech_corpus\arabic-speech-corpus\wav\ARA NORM  0219.wav,بَلْ إِنَّ الْبَعْضَ يَعْتَبِرُهُ طَبَقاً مُهِمّاً يَجِبُ أَنْ لا يَغِيبَ عَنِ الْمَائِدَةِ سَوَاءً عَلَى الْإِفْطَارِ أَوِ السَّحُورِ,arabic_speech_corpus_wordtier,gold_diacritized_text,
asc_main_ARA NORM  0220,arabic_sentence_ending_training\data\raw\arabic_speech_corpus\arabic-speech-corpus\wav\ARA NORM  0220.wav,كَمَا أَنَّهُ يُعْطِي الْجِسْمَ الْأَلْيَافَ الْغِذَائِيَّةَ الَّتِي تُسَاعِدُ الشَّخْصَ عَلَى الشُّعُورِ بِالشِّبَعِ وَتُحَفِّزُ حَرَكَةَ الْأَمْعَاءِ,arabic_speech_corpus_wordtier,gold_diacritized_text,
asc_main_ARA NORM  0221,arabic_sentence_ending_training\data\raw\arabic_speech_corpus\arabic-speech-corpus\wav\ARA NORM  0221.wav,فَإِنَّ لَنْدُنْ فِيهَا إِ^نَانِ وَسَبعُونَ مِلْيَارْدِيراً مِنْ أَصْلِ مِئَةٍ وَأَربَعَةَ مِلْيَارْدِيرَات فِي عُمُومِ بريِطَانْيَا,arabic_speech_corpus_wordtier,gold_diacritized_text,
asc_main_ARA NORM  0222,arabic_sentence_ending_training\data\raw\arabic_speech_corpus\arabic-speech-corpus\wav\ARA NORM  0222.wav,مُنْذُ ارْتَفَعَتْ قُبَّتُهُ الْوَاسِعَةُ وَفُسَيْفِسَاؤَهُ الذَّهَبِيَّةُ فَوْقَ اسْطَنْبُول فِي الْقَرْنِ السَّادِس,arabic_speech_corpus_wordtier,gold_diacritized_text,
asc_main_ARA NORM  0223,arabic_sentence_ending_training\data\raw\arabic_speech_corpus\arabic-speech-corpus\wav\ARA NORM  0223.wav,وَهُوَ أَكْ^َرُ بِنَاءَاتِ تُرْكْيَا جَذْباً لِلزُّوَارِ بِحَالَتِهِ أَلَّتِي تَرْمِزُ لِلطَّابِعِ الْعِلْمَانِيِّ لِلدَّوْلَةِ التُّرْكِيَّةِ الْحَدِي^َةِ,arabic_speech_corpus_wordtier,gold_diacritized_text,
asc_main_ARA NORM  0224,arabic_sentence_ending_training\data\raw\arabic_speech_corpus\arabic-speech-corpus\wav\ARA NORM  0224.wav,غَيْرَ أَنَّ عَشَرَاتِ الْآلَافِ مِنَ الْمُسْلِمِينَ الَّذِينَ صَلَّوْا بِالْمَكَانِ أَلسَّبْتَ الْمَاضِي يَأْمَلُونَ أَنْ يَعُودَ مَسْجِداً مَرَّةً أُخْرَى,arabic_speech_corpus_wordtier,gold_diacritized_text,
asc_main_ARA NORM  0225,arabic_sentence_ending_training\data\raw\arabic_speech_corpus\arabic-speech-corpus\wav\ARA NORM  0225.wav,إِنَّهُ حُلْمٌ يَرَوْنَ أَنَّ بِإِمْكَانِ رَئِيسِ الْوُزَرَاءِ رَجَبْ طَيِّبْ أَرْدُوغَانْ تَحْقِيقَهُ,arabic_speech_corpus_wordtier,gold_diacritized_text,
asc_main_ARA NORM  0226,arabic_sentence_ending_training\data\raw\arabic_speech_corpus\arabic-speech-corpus\wav\ARA NORM  0226.wav,وَكَانَ صُنْدُوقُ وِصَال كَابِيتَال قَدْ أَعْلَنَ الشَّهْرَ الْمَاضِيَ عَنِ اسْتِ^ْمَارِ أَحَدَ عَشَرَ فَاصلَة عَشَرَة مِلْيَارْ دُولَارْ لِتَطْوِيرِ الشَّطْرِ ال^َّانِي مِنْ هَضَبَةِ نَهْرِ بُورَقْرَاقْ أَلَّذِي يَفْصِلُ الرِّبَاطَ عَنْ جَارَتِهَا سَلَا,arabic_speech_corpus_wordtier,gold_diacritized_text,
asc_main_ARA NORM  0227,arabic_sentence_ending_training\data\raw\arabic_speech_corpus\arabic-speech-corpus\wav\ARA NORM  0227.wav,فَضْلاً عَنْ نَبَرَاتِ الصَّوْتِ,arabic_speech_corpus_wordtier,gold_diacritized_text,
asc_main_ARA NORM  0228,arabic_sentence_ending_training\data\raw\arabic_speech_corpus\arabic-speech-corpus\wav\ARA NORM  0228.wav,لِكَيْ يَتَمَكَّنَ الزَّبَائِنُ مِنَ التَّفَاعُلِ مَعَ رُوبُوتٍ ذِي مَشَاعِرَ,arabic_speech_corpus_wordtier,gold_diacritized_text,
asc_main_ARA NORM  0229,arabic_sentence_ending_training\data\raw\arabic_speech_corpus\arabic-speech-corpus\wav\ARA NORM  0229.wav,أَلَّذِي يُوافِقُ يَوْمَ الرَّابِعَ عَشرَ يُونْيُو حُزَيْرَانْ,arabic_speech_corpus_wordtier,gold_diacritized_text,
asc_main_ARA NORM  0230,arabic_sentence_ending_training\data\raw\arabic_speech_corpus\arabic-speech-corpus\wav\ARA NORM  0230.wav,وَوَفْقَ مَسْؤُولِينَ وَقِيَادَاتٍ دِينِيَّةٍ,arabic_speech_corpus_wordtier,gold_diacritized_text,
asc_main_ARA NORM  0231,arabic_sentence_ending_training\data\raw\arabic_speech_corpus\arabic-speech-corpus\wav\ARA NORM  0231.wav,فَإِنَّ هَذَهِ الْخِدْمَةُ بَاتَتْ تَلْعَبُ دَوْراً كَبِيراً فِي تَوْجِيهِ الشَّبَابِ الْمُسْلِمِ وَدَمْجِهِمْ فِي الْمُجْتَمَعْ,arabic_speech_corpus_wordtier,gold_diacritized_text,
asc_main_ARA NORM  0232,arabic_sentence_ending_training\data\raw\arabic_speech_corpus\arabic-speech-corpus\wav\ARA NORM  0232.wav,كَمَا يُقَدِّمُ الْإِرْشَادَاتِ لِلْمُسْلِمِينَ الَّذِينَ يُوَاجِهُونَ مَشَاكِلَ أَوْ يَمُرُّونَ بِضُغُوطٍ وَأَزَمَاتٍ حَيَاتِيَّةٍ,arabic_speech_corpus_wordtier,gold_diacritized_text,
asc_main_ARA NORM  0233,arabic_sentence_ending_training\data\raw\arabic_speech_corpus\arabic-speech-corpus\wav\ARA NORM  0233.wav,وَحَصَلَتْ هَذِهِ الْخِدْمَةُ الْهَاتِفِيَّةُ الْمُوَجَّهَةُ لِلْمِسْلِمِينَ فِي بِرْلِينَ وَالْمُدُنِ الْأُخْرَى عَلَى أَرْبَعِ جَوَائِزَ حُكُومِيَّةٍ وَمُجْتَمَعِيَّةٍ,arabic_speech_corpus_wordtier,gold_diacritized_text,
asc_main_ARA NORM  0234,arabic_sentence_ending_training\data\raw\arabic_speech_corpus\arabic-speech-corpus\wav\ARA NORM  0234.wav,نَحْنُ نُبْهِجُ النَّاسَ,arabic_speech_corpus_wordtier,gold_diacritized_text,
asc_main_ARA NORM  0235,arabic_sentence_ending_training\data\raw\arabic_speech_corpus\arabic-speech-corpus\wav\ARA NORM  0235.wav,وَنَنْقُلُ تُرَا^َ الْآبَاءِ وَالْأَجْدَادِ,arabic_speech_corpus_wordtier,gold_diacritized_text,
asc_main_ARA NORM  0236,arabic_sentence_ending_training\data\raw\arabic_speech_corpus\arabic-speech-corpus\wav\ARA NORM  0236.wav,وَنَطْلُبُ رِزْقَنَا,arabic_speech_corpus_wordtier,gold_diacritized_text,
asc_main_ARA NORM  0237,arabic_sentence_ending_training\data\raw\arabic_speech_corpus\arabic-speech-corpus\wav\ARA NORM  0237.wav,مُلَخِّصاً قِصَّتَهَا فِي ^َلَا^ِ كَلِمَاتٍ أَلْفَنُّ وَالرِّسَالَةُ وَالْعَائِدُ الْمَادِّيُّ,arabic_speech_corpus_wordtier,gold_diacritized_text,
asc_main_ARA NORM  0238,arabic_sentence_ending_training\data\raw\arabic_speech_corpus\arabic-speech-corpus\wav\ARA NORM  0238.wav,تَزْدَحِمُ السَّيَّارَاتُ أَمَامَ الْمَشَارِيعِ الصَّغِيرَةِ الَّتِي يَتَنَافَسُ أَصْحَابُهَا فِي الظَّفَرِ بِزَبُونٍ,arabic_speech_corpus_wordtier,gold_diacritized_text,
asc_main_ARA NORM  0239,arabic_sentence_ending_training\data\raw\arabic_speech_corpus\arabic-speech-corpus\wav\ARA NORM  0239.wav,تَبْدَأُ حَرَكَةُ الْمُرُورِ عَلَى طَرِيقِ نْوَاكْشُوطْ أَكْجُوجَتَ أَلْإِزْدِحَامَ الَّذِي يَصِلُ حَدَّ الْإِخْتِنَاقِ,arabic_speech_corpus_wordtier,gold_diacritized_text,
asc_main_ARA NORM  0240,arabic_sentence_ending_training\data\raw\arabic_speech_corpus\arabic-speech-corpus\wav\ARA NORM  0240.wav,مِمَّا يَزِيدُ الْأَمْرَ تَعْقِيداً,arabic_speech_corpus_wordtier,gold_diacritized_text,
asc_main_ARA NORM  0241,arabic_sentence_ending_training\data\raw\arabic_speech_corpus\arabic-speech-corpus\wav\ARA NORM  0241.wav,الطَّرِيقُ يَكَادُ يَخْتَفِي إِسْفَلْتُهُ بِسَبَبِ زَحْفِ الرِّمَالِ وَقِلَّةِ الصِّيَانَةِ وَتَكْتَنِفُهُ الْكُ^ْبَانُ الرَّمْلِيَّةُ الْعَالِيَةُ,arabic_speech_corpus_wordtier,gold_diacritized_text,
asc_main_ARA NORM  0242,arabic_sentence_ending_training\data\raw\arabic_speech_corpus\arabic-speech-corpus\wav\ARA NORM  0242.wav,وَفِي تَقْرِيرٍ لَهَا أَوْضَحَتْ أَنَّ نَحْوَ ^َمَانِمِئَةٍ مِلْيُونٍ يُعَانُونَ مِنْ نَقْصٍ فِي مَصَادِرِ الْمِيَاهِ الْآمِنَةِ وَالْمُسْتَدَامَةِ,arabic_speech_corpus_wordtier,gold_diacritized_text,
asc_main_ARA NORM  0243,arabic_sentence_ending_training\data\raw\arabic_speech_corpus\arabic-speech-corpus\wav\ARA NORM  0243.wav,وَأَشَارَ إِلَى أَنَّ أَكْ^َرَ مِنْ ^ُلُ^َيِّ اسْتِخْدَامِ الْمِيَاهِ فِي الْعَالَمِ مُوَجَّهٌ لِلزِّرَاعَةِ,arabic_speech_corpus_wordtier,gold_diacritized_text,
asc_main_ARA NORM  0244,arabic_sentence_ending_training\data\raw\arabic_speech_corpus\arabic-speech-corpus\wav\ARA NORM  0244.wav,الْإِسْمُ الْمُفْرَدُ الْمُنْصَرِفُ مِ^ْلَ مَرَرْتُ بِزَيْدٍ فِي الْمَدْرَسَةِ,arabic_speech_corpus_wordtier,gold_diacritized_text,
asc_main_ARA NORM  0245,arabic_sentence_ending_training\data\raw\arabic_speech_corpus\arabic-speech-corpus\wav\ARA NORM  0245.wav,جَمْعُ التَّكْسِيرِ الْمُنْصَرِفُ مِ^ْلَ عَلَى الطُّلابِ أَنْ يُكْ^ِرُوا مِنْ مُطالَعَةِ الْكُتُبِ,arabic_speech_corpus_wordtier,gold_diacritized_text,
asc_main_ARA NORM  0246,arabic_sentence_ending_training\data\raw\arabic_speech_corpus\arabic-speech-corpus\wav\ARA NORM  0246.wav,أَلْإِسْمُ الْمُ^َنَّى مِ^ْلَ بُرُورُ الْوَالِدَيْنِ وَاجِبٌ عَلَى الْأَوْلَادِ,arabic_speech_corpus_wordtier,gold_diacritized_text,
asc_main_ARA NORM  0247,arabic_sentence_ending_training\data\raw\arabic_speech_corpus\arabic-speech-corpus\wav\ARA NORM  0247.wav,أَوْ عَرْشِ الْمَلِكَةِ بِلْقِيسْ كَمَا يُسَمِّيهِ الْبَعْضُ,arabic_speech_corpus_wordtier,gold_diacritized_text,
asc_main_ARA NORM  0248,arabic_sentence_ending_training\data\raw\arabic_speech_corpus\arabic-speech-corpus\wav\ARA NORM  0248.wav,وَالْبِئْرُ الْمُقَدَّسَةُ الَّتِي تَتَوَسَّطُ بَاحَتَهُ,arabic_speech_corpus_wordtier,gold_diacritized_text,
asc_main_ARA NORM  0249,arabic_sentence_ending_training\data\raw\arabic_speech_corpus\arabic-speech-corpus\wav\ARA NORM  0249.wav,هُنَاكَ تَنْتَصِبُ سِتَّةُ أَعْمِدَةٍ يَصِلُ طُولُ الْوَاحِدِ مِنْهَا إِلَى أَكْ^َرَ مِنْ ا^ْنَيْ عَشَرَ مِتْراً,arabic_speech_corpus_wordtier,gold_diacritized_text,
asc_main_ARA NORM  0250,arabic_sentence_ending_training\data\raw\arabic_speech_corpus\arabic-speech-corpus\wav\ARA NORM  0250.wav,يَقَعُ هَذَا الْمَعْبَدُ جَنُوبِيَ مَدِينَةِ مَأْرِبَ التَّارِيخِيَّةِ,arabic_speech_corpus_wordtier,gold_diacritized_text,
asc_main_ARA NORM  0251,arabic_sentence_ending_training\data\raw\arabic_speech_corpus\arabic-speech-corpus\wav\ARA NORM  0251.wav,حَيْ^ُ يُمَ^ِّلُ أَضْخَمَ الْمَعَابِدِ الْيَمَنِيَّةِ قَبْلَ الْإِسْلَامِ,arabic_speech_corpus_wordtier,gold_diacritized_text,
asc_main_ARA NORM  0252,arabic_sentence_ending_training\data\raw\arabic_speech_corpus\arabic-speech-corpus\wav\ARA NORM  0252.wav,بِاعْتِبَارِهِ الْمَعْبَدَ الْقَوْمِيَّ لِعِبَادَةِ الْقَمَرِ,arabic_speech_corpus_wordtier,gold_diacritized_text,
asc_main_ARA NORM  0253,arabic_sentence_ending_training\data\raw\arabic_speech_corpus\arabic-speech-corpus\wav\ARA NORM  0253.wav,بِهَدَفِ رَبْطِ الشَّبَابِ الْعُمَانِيِّ بِمَوْرُو^ِهِ وَأَمْجَادِهِ الْبَحْرِيَّةِ الْقَدِيمَةِ,arabic_speech_corpus_wordtier,gold_diacritized_text,
asc_main_ARA NORM  0254,arabic_sentence_ending_training\data\raw\arabic_speech_corpus\arabic-speech-corpus\wav\ARA NORM  0254.wav,وَمَعَارِضُ لِصَنَاعَاتٍ حِرَفِيَّةٍ بَحْرِيَّةٍ وَمَخْطُوطَاتٌ بَحْرِيَّةٌ قَدِيمَةٌ وَصُوَرٌ لِهُوَاةِ التَّصْوِيرِ الْبَحْرِيِّ,arabic_speech_corpus_wordtier,gold_diacritized_text,
asc_main_ARA NORM  0255,arabic_sentence_ending_training\data\raw\arabic_speech_corpus\arabic-speech-corpus\wav\ARA NORM  0255.wav,وَأَلْعَاباً شاطِئِيَّةً تُرَا^ِيَّةً,arabic_speech_corpus_wordtier,gold_diacritized_text,
asc_main_ARA NORM  0256,arabic_sentence_ending_training\data\raw\arabic_speech_corpus\arabic-speech-corpus\wav\ARA NORM  0256.wav,وَبُطُولَاتِ أَلتْرَايا^ْلُونْ,arabic_speech_corpus_wordtier,gold_diacritized_text,
asc_main_ARA NORM  0257,arabic_sentence_ending_training\data\raw\arabic_speech_corpus\arabic-speech-corpus\wav\ARA NORM  0257.wav,وَمَدْرَسَةً مُصَغَّرَةً لِلْإِبْحَارِ الشِّرَاعِيِّ,arabic_speech_corpus_wordtier,gold_diacritized_text,
asc_main_ARA NORM  0258,arabic_sentence_ending_training\data\raw\arabic_speech_corpus\arabic-speech-corpus\wav\ARA NORM  0258.wav,وَيُوجَدُ بِجَامِعِ الْقَرَوِيِّينَ سَبعَةَ عَشَرَ بَاباً,arabic_speech_corpus_wordtier,gold_diacritized_text,
asc_main_ARA NORM  0259,arabic_sentence_ending_training\data\raw\arabic_speech_corpus\arabic-speech-corpus\wav\ARA NORM  0259.wav,يَتَحَلَّقُونَ فِي حَلَقَاتٍ حَوْلَ الْكَرَاسِي أَلْعِلْمِيَّةِ الْمُتَخَصِّصَةِ,arabic_speech_corpus_wordtier,gold_diacritized_text,
asc_main_ARA NORM  0260,arabic_sentence_ending_training\data\raw\arabic_speech_corpus\arabic-speech-corpus\wav\ARA NORM  0260.wav,بِمَعَالِمَ فِكْرِيَّةٍ غَزِيرَةٍ تَنْتَقِلُ بَيْنَ التَّارِيخِ وَالسِّيَاسَةِ وَال^َّوْرَاتِ وَمَوَاقِفِ الْأَفْرَادِ وَالْأُمَمِ مِنْهَا,arabic_speech_corpus_wordtier,gold_diacritized_text,
asc_main_ARA NORM  0261,arabic_sentence_ending_training\data\raw\arabic_speech_corpus\arabic-speech-corpus\wav\ARA NORM  0261.wav,الَّذِي أَشْرَفَ عَلَى تَعْلِيمِهِ وَتَوْجِيهِهِ وَتَ^ْقِيفِهِ,arabic_speech_corpus_wordtier,gold_diacritized_text,
asc_main_ARA NORM  0262,arabic_sentence_ending_training\data\raw\arabic_speech_corpus\arabic-speech-corpus\wav\ARA NORM  0262.wav,وَشَارَكَهُ لَاحِقاً مَرَارَةَ السَّجْنِ وَالِاضْطِهَادِ السِّيَاسِيِّ,arabic_speech_corpus_wordtier,gold_diacritized_text,
asc_main_ARA NORM  0263,arabic_sentence_ending_training\data\raw\arabic_speech_corpus\arabic-speech-corpus\wav\ARA NORM  0263.wav,فَعَمِلَ مُدَرِّساً فِي جَامِعَاتِهَا وَأَشْرَفَ عَلَى الْعَدِيدِ مِنَ الرَّسَائِلِ الجَّامِعِيَّةِ أَلَّتِي رَسَّخَتِ الْعَلَاقَةَ بَيْنَ مَدْرَسَةِ الشَّيْخْ مُحَمَّدْ بْنْ عَبْدِ الْوَهَّابِ وَبَيْنَ الْقَضَايَا الْفِكْرِيَّةِ الْمُعَاصِرَةِ,arabic_speech_corpus_wordtier,gold_diacritized_text,
asc_main_ARA NORM  0264,arabic_sentence_ending_training\data\raw\arabic_speech_corpus\arabic-speech-corpus\wav\ARA NORM  0264.wav,حِينَمَا نَنْظُرُ لِتَاجْ مَحَلِّ أَوْ بُرْجَ إِيفِلَ أَوْ أَيِّ هَنْدَسَةٍ مِعْمَارِيَّةٍ فَذَّةٍ,arabic_speech_corpus_wordtier,gold_diacritized_text,
asc_main_ARA NORM  0265,arabic_sentence_ending_training\data\raw\arabic_speech_corpus\arabic-speech-corpus\wav\ARA NORM  0265.wav,تَتَبَادَرُ إِلَى الذَّهْنِ عَبْقَرِيَّةُ الْمُهَنْدِسِ الَّذِي صَمَّمَ وَأَدَارَ الْمَشْرُوعَ لِيَنْطَبِعَ عَلَى أَرْضِ الْوَاقِعِ,arabic_speech_corpus_wordtier,gold_diacritized_text,
asc_main_ARA NORM  0266,arabic_sentence_ending_training\data\raw\arabic_speech_corpus\arabic-speech-corpus\wav\ARA NORM  0266.wav,فَهُنَاكَ مَ^َلاً أَلنَّحْلُ أَلَّتِي تَبْنِي بُيُوتاً سُدَاسِيَّةَ الشَّكْلِ,arabic_speech_corpus_wordtier,gold_diacritized_text,
asc_main_ARA NORM  0267,arabic_sentence_ending_training\data\raw\arabic_speech_corpus\arabic-speech-corpus\wav\ARA NORM  0267.wav,كَشَفَتْ دِرَاسَةٌ أَمِرِكِيَّةٌ أَنَّ الْمَشَاعِرَ الْأَسَاسِيَّةَ السِّتَّ سَعِيدٌ وَحَزِينٌ وَخَائِفٌ وَغَضْبانُ وَمُنْدَهِشٌ وَمُشْمَئِزٌّ- لَا تُغَطِّي كُلَّ التَّعَابِيرِ الَّتِي تَظْهَرُ عَلَى الْوَجْهِ كَمَا كَانَ يُعْتَقَدُ,arabic_speech_corpus_wordtier,gold_diacritized_text,
asc_main_ARA NORM  0268,arabic_sentence_ending_training\data\raw\arabic_speech_corpus\arabic-speech-corpus\wav\ARA NORM  0268.wav,بَعْضُهَا مُعَقَّدٌ مِ^ْلَ مُشْمَئِزٌ بِسَعَادَةٍ وَغَضْبانُ بِحُزْنٍ,arabic_speech_corpus_wordtier,gold_diacritized_text,
asc_main_ARA NORM  0269,arabic_sentence_ending_training\data\raw\arabic_speech_corpus\arabic-speech-corpus\wav\ARA NORM  0269.wav,يُعَدُّ الْعِلَاجُ بِالْأَحْجَارِ الْكَرِيمَةِ مِنَ الطُّرُقِ السَّائِدَةِ فِي الشَّرْقِ الْقَدِيمْ,arabic_speech_corpus_wordtier,gold_diacritized_text,
asc_main_ARA NORM  0270,arabic_sentence_ending_training\data\raw\arabic_speech_corpus\arabic-speech-corpus\wav\ARA NORM  0270.wav,حَيْ^ُ كَانَ الْعَرَبُ أَوَّلَ مَنْ عَرَفَ قِيمَتَهَا الْعِلَاجِيَّةَ فِي الْقَرْنِ الْعَاشِرِ قَبْلَ الْمِيلَادِ فِي مَمْلَكَةِ سَبَأْ,arabic_speech_corpus_wordtier,gold_diacritized_text,
asc_main_ARA NORM  0271,arabic_sentence_ending_training\data\raw\arabic_speech_corpus\arabic-speech-corpus\wav\ARA NORM  0271.wav,فَطَلَبَهَا الْفَرَاعِنَةُ لِلزِّينَةِ وَالتَّبَرُّكِ وَالْعِلَاجِ,arabic_speech_corpus_wordtier,gold_diacritized_text,
asc_main_ARA NORM  0272,arabic_sentence_ending_training\data\raw\arabic_speech_corpus\arabic-speech-corpus\wav\ARA NORM  0272.wav,مِنْ نَاحِيَتِهِ أَشَارَ الْمُحَافِظُ الْعَامُّ لِلْمَعْرَضِ,arabic_speech_corpus_wordtier,gold_diacritized_text,
asc_main_ARA NORM  0273,arabic_sentence_ending_training\data\raw\arabic_speech_corpus\arabic-speech-corpus\wav\ARA NORM  0273.wav,إِلَى أَنَّ خُطُوطْ هُوَ الْمَعْرَضُ الرَّابِعُ الَّذِي تُنَظِّمُهُ مِصْرُ فِي فَنِّ الْفُوتُغْرَافْيَا مُنْذُ ^َوْرَةِ الْخَامِسِ وَالْعِشرِينَ مِنْ يَنَايِرْ كَانُونَ ال^َّانِي أَلفَينِ وَأَحَدَ عَشَر وَحَتَّى الْآنْ,arabic_speech_corpus_wordtier,gold_diacritized_text,
asc_main_ARA NORM  0274,arabic_sentence_ending_training\data\raw\arabic_speech_corpus\arabic-speech-corpus\wav\ARA NORM  0274.wav,أَمَّا فِي الْجَانِبِ الْإِسْرَائِيلِيِّ فَبَلَغَتْ تَكْلِفَةُ الْعَمَلِيَّاتِ الْعَسْكَرِيَّةِ عَلَى غَزَّة وَالْخَسَائِرِ النَّاتِجَةِ عَنْهَا خَمْسَةَ مِلْيَارَاتِ دُولَارْ,arabic_speech_corpus_wordtier,gold_diacritized_text,
asc_main_ARA NORM  0275,arabic_sentence_ending_training\data\raw\arabic_speech_corpus\arabic-speech-corpus\wav\ARA NORM  0275.wav,كَمَا يَنْبَغِي أَنْ تَخْلُوَ مِنْ مُسَبِّبَاتِ الْإِزْعَاجِ كَالتِّلْفَازِ وَالْحَاسُوبِ,arabic_speech_corpus_wordtier,gold_diacritized_text,
asc_main_ARA NORM  0276,arabic_sentence_ending_training\data\raw\arabic_speech_corpus\arabic-speech-corpus\wav\ARA NORM  0276.wav,عَلَى أَيَّبْدَأَ الْمَسْحُ فِعْلِيّاً فِي الرُّبْعِ ال^َّالِ^ِ مِنَ الْعَامِ وَيَتِمَّ الْإِنْتِهَاءُ مِنْهَا فِي مُدَّةٍ لَا تَتَجَاوَزُ أَرْبَعَةً وَعِشرِينَ شَهْراً,arabic_speech_corpus_wordtier,gold_diacritized_text,
asc_main_ARA NORM  0277,arabic_sentence_ending_training\data\raw\arabic_speech_corpus\arabic-speech-corpus\wav\ARA NORM  0277.wav,يَسْتَعِدُّ الْفِلَسْطِينِيُّونَ وَالْإِسْرَائِيلِيُّونَ لِاسْتِئْنَافِ مُبَاحَ^َاتِ التَّهْدِئَةِ صَبَاحَ الْأَحَدِ فِي الْقَاهِرَةِ,arabic_speech_corpus_wordtier,gold_diacritized_text,
asc_main_ARA NORM  0278,arabic_sentence_ending_training\data\raw\arabic_speech_corpus\arabic-speech-corpus\wav\ARA NORM  0278.wav,عَلَى أَمَلِ التّوَصُّلِ إِلَى اتِّفَاقٍ لِوَقْفٍ دَائِمٍ لِإِطْلَاقِ النَّارِ فِي غَزَّة,arabic_speech_corpus_wordtier,gold_diacritized_text,
asc_main_ARA NORM  0279,arabic_sentence_ending_training\data\raw\arabic_speech_corpus\arabic-speech-corpus\wav\ARA NORM  0279.wav,أَمَّا الرِّيَاضِيُّونَ الْقَادِمُونَ مِنْ تِلْكَ الْمَنَاطِقِ وَالْمُشَارِكُونَ فِي أَلْعَابٍ أُخْرَى فَسَيَخْضَعُونَ لِفُحُوصٍ لِلْإِطْمِئْنَانِ عَلَى حَالَتِهِمُ الصِّحِّيَّةِ أَ^ْنَاءَ الدَّوْرَةِ,arabic_speech_corpus_wordtier,gold_diacritized_text,
asc_main_ARA NORM  0280,arabic_sentence_ending_training\data\raw\arabic_speech_corpus\arabic-speech-corpus\wav\ARA NORM  0280.wav,تَمَكَّنَ أَتْلِتيِكُو بِقِيَادَةِ الْأَرْجَنْتِينِي دْيِيغُو سِيمْيُونِي مِنْ هَزِيمَةِ نَادِي إِيْبَارْ الصَّاعِدِ حَدِي^اً إِلَى الدَّوْرِي الْمُمْتَازِ بِهَدَفَيْنِ مُقَابِلَ هَدَفٍ وَاحِدٍ عَلَى مَلْعَبِ فِي^ْنِتِي كَالْدِيرُون بِمَدْرِيدَ فِي الجَّوْلَةِ ال^َّانِيَةِ أَلَّتِي انْطَلَقَتِ الجُّمْعَةَ بِمُبَارَاتَيْنْ,arabic_speech_corpus_wordtier,gold_diacritized_text,
asc_main_ARA NORM  0281,arabic_sentence_ending_training\data\raw\arabic_speech_corpus\arabic-speech-corpus\wav\ARA NORM  0281.wav,وَسَجَّلَ هَدَفَيْ أَبْنَاءِ الْمُدَرِّبِ سِيمْيُونِي كُلٌّ مِنَ الْبَرَازِيلِيِّ جُوَاوْ مِيرَانْدَا وَالْكْرُوَاتِيِّ مَارْيُو مَانْدِزُوكِيتْشْ بِضَرْبَتَيْنِ رَأْسِيَّتَيْنِ,arabic_speech_corpus_wordtier,gold_diacritized_text,
asc_main_ARA NORM  0282,arabic_sentence_ending_training\data\raw\arabic_speech_corpus\arabic-speech-corpus\wav\ARA NORM  0282.wav,وَبَاتَ أَتْلِتِيكُو مَدْرِيدْ فِي صَدَارَةِ التَّرْتِيبِ الْعَامِّ بِأَرْبَعِ نِقَاطٍ,arabic_speech_corpus_wordtier,gold_diacritized_text,
asc_main_ARA NORM  0283,arabic_sentence_ending_training\data\raw\arabic_speech_corpus\arabic-speech-corpus\wav\ARA NORM  0283.wav,لِكِنَّهُ يَتَأَخَّرُ بِفَارِقِ الْأَهْدَافِ عَنْ كُلٍّ مِنْ فَالَنْسْيَا وَسِلْتَا فِيغُو وَإِشْبِيلِيَة,arabic_speech_corpus_wordtier,gold_diacritized_text,
asc_main_ARA NORM  0284,arabic_sentence_ending_training\data\raw\arabic_speech_corpus\arabic-speech-corpus\wav\ARA NORM  0284.wav,وَيَقُولُ الْمُنَظِّمُونَ إِنَّهُمْ بَاعُوا الْعَامَ الْمَاضِي أَكْ^َرَ مِنْ عَشَرَةِ آلَافِ تَذْكِرَةٍ لِزُوَارِ الْمَهْرَجَانِ,arabic_speech_corpus_wordtier,gold_diacritized_text,
asc_main_ARA NORM  0285,arabic_sentence_ending_training\data\raw\arabic_speech_corpus\arabic-speech-corpus\wav\ARA NORM  0285.wav,وَقَالَ مُدِيرُ الْمَهْرَجَانِ فِيتُونْ نُوركورَارِي نُحَاوِلُ أَنْ نَقُولَ لِلنَّاسِ إِنَّ كُوسُوفُو مَكَانٌ آمِنٌ وَغَالِبِيَّتُهُمْ يَقْتَنِعُونَ عِنْدَمَا يَأْتُونَ هُنَا,arabic_speech_corpus_wordtier,gold_diacritized_text,
asc_main_ARA NORM  0286,arabic_sentence_ending_training\data\raw\arabic_speech_corpus\arabic-speech-corpus\wav\ARA NORM  0286.wav,وَأَشَارَ عُصْفُورْ إِلَى أَنَّ أَوَّلَ كِتَابٍ أَصْدَرَهُ مَحْفُوظْ هُوَ تَرْجَمَةٌ لِكِتَابِ قِسٍّ بْرِيطَانِيٍّ كَانَ يَتَحَدَّ^ُ عَنْ تَارِيخِ مِصْرَ الْقَدِيمَةِ,arabic_speech_corpus_wordtier,gold_diacritized_text,
asc_main_ARA NORM  0287,arabic_sentence_ending_training\data\raw\arabic_speech_corpus\arabic-speech-corpus\wav\ARA NORM  0287.wav,مِنْهَا خَمْسُمَائَةِ سَرِيرِ عِنَايَةٍ مُرَكَّزَةٍ,arabic_speech_corpus_wordtier,gold_diacritized_text,
asc_main_ARA NORM  0288,arabic_sentence_ending_training\data\raw\arabic_speech_corpus\arabic-speech-corpus\wav\ARA NORM  0288.wav,وَتُرَكِّزُ الْإِجْرَاءَاتُ الصِّحِّيَّةُ الْجَدِيدَةُ عَلَى التَّأَكُّدِ مِنْ تَطْعِيمِ الْقَادِمِينَ مِنْ دُوَلِ الْحِزَامِ الْأَفْرِيقِيِّ,arabic_speech_corpus_wordtier,gold_diacritized_text,
asc_main_ARA NORM  0289,arabic_sentence_ending_training\data\raw\arabic_speech_corpus\arabic-speech-corpus\wav\ARA NORM  0289.wav,كَمَا تَشْمَلُ الْإِجْرَاءَاتُ الصِّحِّيَّةُ تَكْ^ِيفَ الْوَعْيِ الصِّحِّيِّ لَدَى الْحُجَّاجِ وَتَ^ْقِيفِهِمْ لِمَعْرِفَةِ مَا يُمْكِنُ أَنْ يَكُونَ بَوَادِرَ عَدْوَى,arabic_speech_corpus_wordtier,gold_diacritized_text,
asc_main_ARA NORM  0290,arabic_sentence_ending_training\data\raw\arabic_speech_corpus\arabic-speech-corpus\wav\ARA NORM  0290.wav,حَذَّرَتْ أَلجَّمْعِيَّةُ الْأَلْمَانِيَّةُ لِطِبِّ الْعُيُونِ مِن أَّنَّ التَّوَتُّرَ الْعَصَبِيَّ قَدْ يُؤْذِي الْعَيْنَ وَيُصِيبُهَا مَ^َلاً بِالْمَرَضِ الْمَعْرُوفِ بِاعْتِلَالِ الشَّبَكِيَّةِ النُّضْحِيِّ الْمَرْكَزِيّْ,arabic_speech_corpus_wordtier,gold_diacritized_text,
asc_main_ARA NORM  0291,arabic_sentence_ending_training\data\raw\arabic_speech_corpus\arabic-speech-corpus\wav\ARA NORM  0291.wav,وَتَتَمَ^َّلُ أَعْرَاضُ هَذَا الْمَرَضِ فِي ظُهُورِ بُقْعَةٍ رَمَادِيَّةِ اللَّوْنِ فِي مَجَالِ الْبَصَرِ,arabic_speech_corpus_wordtier,gold_diacritized_text,
asc_main_ARA NORM  0292,arabic_sentence_ending_training\data\raw\arabic_speech_corpus\arabic-speech-corpus\wav\ARA NORM  0292.wav,وَأَضَافَتْ أَلْجَمْعِيَّةُ أَنَّ الْفُحُوصَاتِ سَجَّلَتْ وُجُودَ نِسْبَةٍ عَالِيَّةٍ مِنْ هُرْمُونِ التَّوَتُّرِ أَلكُورْتِيزُول فِي الدَّمِ لَدَى الْمُصَابِينَ بِهَذَا الْمَرَضِ,arabic_speech_corpus_wordtier,gold_diacritized_text,
asc_main_ARA NORM  0293,arabic_sentence_ending_training\data\raw\arabic_speech_corpus\arabic-speech-corpus\wav\ARA NORM  0293.wav,كَشَفَتْ بَيَانَاتُ مُؤَسَّسَةِ الْإِحْصَاءِ التُّرْكِيَّةِ أَنَّ قِطَاعَ السِّيَاحَةِ حَقَّقَ زِيَادَةً فِي الْعَائِدَاتِ بِنِسْبَةِ سَبعَة فَاصِلَة تِسعَة بِالمِئَة خِلَالَ الرُّبْعِ ال^َّانِي مِنْ عَامِ أَلفَينِ وَأَربَعَةَ عَشَرَ قِيَاساً بِالْفَتْرَةِ ذَاتِهَا مِنَ الْعَامِ الْمَاضِي,arabic_speech_corpus_wordtier,gold_diacritized_text,
asc_main_ARA NORM  0294,arabic_sentence_ending_training\data\raw\arabic_speech_corpus\arabic-speech-corpus\wav\ARA NORM  0294.wav,وَيُعْزَى هَذَا إِلَى جُمْلَةٍ مِنَ الْعَوَامِلِ الدَّاخِلِيَّةِ وَالْخَارِجِيَّةِ,arabic_speech_corpus_wordtier,gold_diacritized_text,
asc_main_ARA NORM  0295,arabic_sentence_ending_training\data\raw\arabic_speech_corpus\arabic-speech-corpus\wav\ARA NORM  0295.wav,أَبَرْزُوْهَا تَطَوُّرُ أَنْمَاطٍ سِيَاحِيَّةٍ غَيْرِ تَقْلِيدِيَّةٍ,arabic_speech_corpus_wordtier,gold_diacritized_text,
asc_main_ARA NORM  0296,arabic_sentence_ending_training\data\raw\arabic_speech_corpus\arabic-speech-corpus\wav\ARA NORM  0296.wav,وَاتِّبَاعُ سِيَاسَاتٍ تَشْجِيعِيَّةٍ لِلزُّوّارِ,arabic_speech_corpus_wordtier,gold_diacritized_text,
asc_main_ARA NORM  0297,arabic_sentence_ending_training\data\raw\arabic_speech_corpus\arabic-speech-corpus\wav\ARA NORM  0297.wav,وَتَعَ^ُّرِ السِّيَاحَةِ فِي الدُّوَلِ الْمُجَاوِرَةِ,arabic_speech_corpus_wordtier,gold_diacritized_text,
asc_main_ARA NORM  0298,arabic_sentence_ending_training\data\raw\arabic_speech_corpus\arabic-speech-corpus\wav\ARA NORM  0298.wav,مِنْهَا عُيُونُ الْحَرَمِيَّة لِلْمُخْرِجَةِ الْفِلَسْطِينِيَّةِ نَجْوَى نَجَّارْ,arabic_speech_corpus_wordtier,gold_diacritized_text,
asc_main_ARA NORM  0299,arabic_sentence_ending_training\data\raw\arabic_speech_corpus\arabic-speech-corpus\wav\ARA NORM  0299.wav,وَالْقَمَرُ الْأَحْمَرُ لِلْمَغْرِبِيِّ حَسَنْ بِنْجَلُّونْ,arabic_speech_corpus_wordtier,gold_diacritized_text,
asc_main_ARA NORM  0300,arabic_sentence_ending_training\data\raw\arabic_speech_corpus\arabic-speech-corpus\wav\ARA NORM  0300.wav,وَتِمْبُكْتُو لِلْمُورِيتَانِيِّ عَبْدِ الرَّحْمَنْ سِيسَاكُو,arabic_speech_corpus_wordtier,gold_diacritized_text,
asc_main_ARA NORM  0301,arabic_sentence_ending_training\data\raw\arabic_speech_corpus\arabic-speech-corpus\wav\ARA NORM  0301.wav,أَصْبَحَ بِإِمْكَانِكَ مُمَارَسَةُ التَّمَارِينِر بَدَنِيَّةِ دُونَ أَنْ تَضْطَرَّ إِلَى الذَّهَابِ إِلَى قَاعَةِ الرِّيَّاضَةِ,arabic_speech_corpus_wordtier,gold_diacritized_text,
asc_main_ARA NORM  0302,arabic_sentence_ending_training\data\raw\arabic_speech_corpus\arabic-speech-corpus\wav\ARA NORM  0302.wav,وَذَلِكَ بِفَضْلِ التَّطْبِيقَاتِ الْإِلِكْتْرُونِيَّةِ الْمُتَوَفِّرَةِ عَلَى الْهَوَاتِفِ الذَّكِيَّةِ وَالْأَجْهِزَةِ اللَّوْحِيَّةِ,arabic_speech_corpus_wordtier,gold_diacritized_text,
asc_main_ARA NORM  0303,arabic_sentence_ending_training\data\raw\arabic_speech_corpus\arabic-speech-corpus\wav\ARA NORM  0303.wav,إِنَّ التَّقَدُّمَ الَّذِي أَحْرَزَتْهُ وَرْشَةَ حَوْضِ وِرْزَزَاتْ فِي جَنوبِ الْبِلادِ سَيَسْمَحُ بِدُخُولِ الْمَحَطَّةِ نُورْ وَاحِدْ حَيِّزَ الْعَمَلِ الْعَامَ الْمُقْبِلَ كَمَا يَنُصُّ عَلَيْهِ الْبَرْنَامَجُ,arabic_speech_corpus_wordtier,gold_diacritized_text,
asc_main_ARA NORM  0304,arabic_sentence_ending_training\data\raw\arabic_speech_corpus\arabic-speech-corpus\wav\ARA NORM  0304.wav,وَأَوْضَحَ بَكُورِي أَنَّ الْمَشَارِيعَ الطَّمُوحَةَ الَّتِي تَرْمِي إِلَى إِنْتَاجِ أَلفَيّْ مِيغَاوَاتٍ مِنَ الطَّاقَةِ الشَّمْسِيَّةِ بِحُلُولِ عَامِ أَلفَينِ وَعِشرِين تَتَقَدَّمُ بِطَرِيقَةٍ مُرْضِيَةٍ,arabic_speech_corpus_wordtier,gold_diacritized_text,
asc_main_ARA NORM  0305,arabic_sentence_ending_training\data\raw\arabic_speech_corpus\arabic-speech-corpus\wav\ARA NORM  0305.wav,بَعْدَ رِحْلَةٍ اسْتَغْرَقَتْ مِلْيَارَاتِ السِّنِينِ مُنْذُ نَشْأَةِ النِّظَامِ الشَّمْسِيِّ,arabic_speech_corpus_wordtier,gold_diacritized_text,
asc_main_ARA NORM  0306,arabic_sentence_ending_training\data\raw\arabic_speech_corpus\arabic-speech-corpus\wav\ARA NORM  0306.wav,لَكِنَّ الْبِدَايَةَ سَادَهَا حِرْصٌ مِنَ الطَّرَفَيْنِ خَوفاً مِنْ تَلَقِّي هَدَفٍ مُبَكِّرٍ,arabic_speech_corpus_wordtier,gold_diacritized_text,
asc_main_ARA NORM  0307,arabic_sentence_ending_training\data\raw\arabic_speech_corpus\arabic-speech-corpus\wav\ARA NORM  0307.wav,بَيْنَمَا عَمِلَ الْمُنْتَخَبُ الْقَطَرِيُّ عَلَى تَأْمِينِ مَنْطِقَةِ دِفَاعِهِ وَتَشْكِيلِ هَجَمَاتٍ مُنْتَظَمَةٍ عَلَى الْمُنَافِسِ,arabic_speech_corpus_wordtier,gold_diacritized_text,
asc_main_ARA NORM  0308,arabic_sentence_ending_training\data\raw\arabic_speech_corpus\arabic-speech-corpus\wav\ARA NORM  0308.wav,وَتَحْتَضِنُ مَدِينَةُ الْجَدِيدَة أَلْكَ^ِيرَ مِنَ الْجَمْعِيَّاتِ الْمُهْتَمَّةِ بِتَرْبِيَّةِ الْخُيُولِ,arabic_speech_corpus_wordtier,gold_diacritized_text,
asc_main_ARA NORM  0309,arabic_sentence_ending_training\data\raw\arabic_speech_corpus\arabic-speech-corpus\wav\ARA NORM  0309.wav,وَتَبَيَّنَ أَنَّهُ كَانَ لَدَى الْأَطْفَالِ الْبُدْنِ غُرَفٌ أَكْبَرُ أَلْأُذَيْنَانِ وَالْبُطَيْنَانِ فِي شِقَّيِ الْقَلْبِ,arabic_speech_corpus_wordtier,gold_diacritized_text,
asc_main_ARA NORM  0310,arabic_sentence_ending_training\data\raw\arabic_speech_corpus\arabic-speech-corpus\wav\ARA NORM  0310.wav,وَكَانَتْ هُنَاكَ مُشَارَكَةٌ بَارِزَةٌ مِنْ مُخْتَلِفِ دُوَلِ أُورُوبَّا,arabic_speech_corpus_wordtier,gold_diacritized_text,
asc_main_ARA NORM  0311,arabic_sentence_ending_training\data\raw\arabic_speech_corpus\arabic-speech-corpus\wav\ARA NORM  0311.wav,اصْطَفَّ قُرَابَةُ أَرْبَعِينَ مِنْ طُلَّابِ مَرَاحِلِ التَّعْلِيمِ الْأَسَاسِيِّ يَنْ^ُرُونَ الْيَاسَمِينَ عَلَى الْحَجِيجِ الْمُغَادِرِينَ لِلْأَرَاضِي الْمُقَدَّسَةِ,arabic_speech_corpus_wordtier,gold_diacritized_text,
asc_main_ARA NORM  0312,arabic_sentence_ending_training\data\raw\arabic_speech_corpus\arabic-speech-corpus\wav\ARA NORM  0312.wav,وَوِفْقاً لِتَقَارِيرِ هَيْئَةِ الْإِتِّصَالَاتِ وَتِقْنِيَّةِ الْمَعْلُومَاتِ السُّعُودِيَّةِ فِإِنَّ الْإِتِّصَالَاتِ الْمُتَنَّقِّلَةِ لا تَزَالُ تَحْتَفِظُ بِنِسْبَةٍ تُصَنَّفُ ضِمْنَ الْأَعْلَى عَالَمِيّاً إِذْ بَلَغَتْ مِئَةً وَسَبعُونَ بِالْمِئَةِ بِنِهَايَةِ عَامِ أَلفَينِ و^َلاَ^ةَ عَشَرْ,arabic_speech_corpus_wordtier,gold_diacritized_text,
asc_main_ARA NORM  0313,arabic_sentence_ending_training\data\raw\arabic_speech_corpus\arabic-speech-corpus\wav\ARA NORM  0313.wav,أَظْهَرَتْ تَجْرِبَةٌ أُجْرِيَتْ عَلَى أَسَالِيبِ نَقْصِ الْوَزْنِ أَنَّ مُعَدَّلَ فِقْدِهِ لا يَرْتَبِطُ بِنَجَاحِ النَّاسِ فِي الْحِفَاظِ عَلَى مَا خَسِرُوهُ مِنْ كِيلُوغْرَامَاتٍ وَتَجُنُّبِ الزِّيَادَةِ خِلَالَ الْأَعْوَامِ ال^َّلَا^َةِ أَلَّتِي أَعْقَبَتْ ذَلِكَ,arabic_speech_corpus_wordtier,gold_diacritized_text,
asc_main_ARA NORM  0314,arabic_sentence_ending_training\data\raw\arabic_speech_corpus\arabic-speech-corpus\wav\ARA NORM  0314.wav,يُظْهِرُ الشِّعَارُ كَأْسَ الْبُطُولَةِ بِأَلْوَانِ الْعَلَمِ الرُّوسِيِّ أَلْأَحْمَرِ وَاَلْأَزْرَقِ وَاَلْأَبْيَضِ مَعَ إِضَافَةِ اللَّوْنِ الذَّهَبِيِّ,arabic_speech_corpus_wordtier,gold_diacritized_text,
asc_main_ARA NORM  0315,arabic_sentence_ending_training\data\raw\arabic_speech_corpus\arabic-speech-corpus\wav\ARA NORM  0315.wav,وَقَالَتْ صَحِيفَةُ فَاينِنْشالْ تَايْمْزْ نَقْلاً عَنْ مَصْدَرٍ مُطَّلِعٍ إِنَّ غُوغْلْ تَعْكِفُ عَلَى تَصْمِيمِ نُسْخَةٍ مِنْ يُوتْيُوبْ مِنْ أَجْلِ الْأَطْفَالِ,arabic_speech_corpus_wordtier,gold_diacritized_text,
asc_main_ARA NORM  0316,arabic_sentence_ending_training\data\raw\arabic_speech_corpus\arabic-speech-corpus\wav\ARA NORM  0316.wav,تَزَامُناً مَعَ فَصْلِ الصَّيْفِ,arabic_speech_corpus_wordtier,gold_diacritized_text,
asc_main_ARA NORM  0317,arabic_sentence_ending_training\data\raw\arabic_speech_corpus\arabic-speech-corpus\wav\ARA NORM  0317.wav,أَسَّسَتْ مَكْتَبَةُ إِدْرِيسِ التَّاشْفِينِي مَكْتَبَةً شَاطِئِيَّةً تَحْتَ شِعَارِ مُتْعَةُ الْإِصْطِيَافِ تَكْتَمِلُ بِالْقِرَاءَةِ,arabic_speech_corpus_wordtier,gold_diacritized_text,
asc_main_ARA NORM  0318,arabic_sentence_ending_training\data\raw\arabic_speech_corpus\arabic-speech-corpus\wav\ARA NORM  0318.wav,وَتَرْبِيَّةِ النَّشْءِ عَلَى مَحَبَّةِ الْكِتَابِ,arabic_speech_corpus_wordtier,gold_diacritized_text,
asc_main_ARA NORM  0319,arabic_sentence_ending_training\data\raw\arabic_speech_corpus\arabic-speech-corpus\wav\ARA NORM  0319.wav,وَقَدْ جَاءَتْ فِي آخِرِ الْقَائِمَةِ أَلْعَاصِمَةُ السُّورِيَّةُ دِمَشْقْ أَلَّتِي مَزَّقَتْهَا الْحَرْبُ,arabic_speech_corpus_wordtier,gold_diacritized_text,
asc_main_ARA NORM  0320,arabic_sentence_ending_training\data\raw\arabic_speech_corpus\arabic-speech-corpus\wav\ARA NORM  0320.wav,وَيُسَمَّى فِي إِ^ْيُوبْيَا شَهْرَ النَّسِيْ,arabic_speech_corpus_wordtier,gold_diacritized_text,
asc_main_ARA NORM  0321,arabic_sentence_ending_training\data\raw\arabic_speech_corpus\arabic-speech-corpus\wav\ARA NORM  0321.wav,شَهِدَتْ أَسْوَاقُ الْعَاصِمَةِ أَدِيسَ أَبَابَا هَذَا الْأُسْبُوعْ إِقْبَالاً مُتَزَايِداً,arabic_speech_corpus_wordtier,gold_diacritized_text,
asc_main_ARA NORM  0322,arabic_sentence_ending_training\data\raw\arabic_speech_corpus\arabic-speech-corpus\wav\ARA NORM  0322.wav,خَاصَّةً عَلَى شِرَاءِ الْمَوَاشِي وَالدَّوَاجِنِ,arabic_speech_corpus_wordtier,gold_diacritized_text,
asc_main_ARA NORM  0323,arabic_sentence_ending_training\data\raw\arabic_speech_corpus\arabic-speech-corpus\wav\ARA NORM  0323.wav,وِفْقَ مُرَاسِلِ وَكَالَةِ الْأَنَاضُولِ,arabic_speech_corpus_wordtier,gold_diacritized_text,
asc_main_ARA NORM  0324,arabic_sentence_ending_training\data\raw\arabic_speech_corpus\arabic-speech-corpus\wav\ARA NORM  0324.wav,وَاكْتَسَتِ الشَّوَارِعُ بِالزِّينَةِ وَالْأَعْلَامِ الْإِ^ْيُوبِيَّةِ,arabic_speech_corpus_wordtier,gold_diacritized_text,
asc_main_ARA NORM  0325,arabic_sentence_ending_training\data\raw\arabic_speech_corpus\arabic-speech-corpus\wav\ARA NORM  0325.wav,وَلَافِتَاتٍ كُتِبَ عَلَيْهَا عِبَارَاتُ التَّهَانِي بِالْعَامِ الْجَدِيدِ أَمَامَ الْمُؤَسَّسَاتِ الْحُكُومِيَّةِ وَالْهَيْئَاتِ الْخَاصَّةِ,arabic_speech_corpus_wordtier,gold_diacritized_text,
asc_main_ARA NORM  0326,arabic_sentence_ending_training\data\raw\arabic_speech_corpus\arabic-speech-corpus\wav\ARA NORM  0326.wav,وَقَالَ مُدِيرُ الصِّحَّةِ النَّفْسِيَّةِ بِالْمُنَظَّمَةِ شِيخَارْ سَاكْسِينَا خِلَالَ تَقْدِيمِهِ التَّقْرِيرَ بِجِنِيفَ السِّوِيسْرِيَّةِ أَلْخَمِيسَ إِنَّ الْإِنْتِحَارَ صَارَ مُشْكِلَةً صِحِيَّةً حَقِيقِيَّةً حَيْ^ُ إِنَّ عَدَدَ ضَحَايَاهُ كُلَّ سَنَةٍ يَفُوقُ عَدَدَ ضَحَايَا الْحُرُوبِ وَالْكَوَارِ^ِ الطَّبِيعِيَّةِ,arabic_speech_corpus_wordtier,gold_diacritized_text,
asc_main_ARA NORM  0327,arabic_sentence_ending_training\data\raw\arabic_speech_corpus\arabic-speech-corpus\wav\ARA NORM  0327.wav,وَأَضَافَ أَنَّ نَحْوَ مَليُونٍ وَنِصفٍ يَلْقُونَ حَتْفَهُمْ كُلَّ عَامٍ فِي أَحْدَا^ٍ عَنِيفَةٍ,arabic_speech_corpus_wordtier,gold_diacritized_text,
asc_main_ARA NORM  0328,arabic_sentence_ending_training\data\raw\arabic_speech_corpus\arabic-speech-corpus\wav\ARA NORM  0328.wav,تَعْكِسُ اللَّوْحَاتُ الْفَنِّيَّةُ لِمَعْرِضِ شَجَرَةِ الزَّيْتُونِ جَوْهَرَ الصِّرَاعِ الْفِلِسْطِينِيِّ الْإِسْرَائِيلِيِّ,arabic_speech_corpus_wordtier,gold_diacritized_text,
asc_main_ARA NORM  0329,arabic_sentence_ending_training\data\raw\arabic_speech_corpus\arabic-speech-corpus\wav\ARA NORM  0329.wav,إِفْتُتِحَ بِحُضُورِ وَفْدٍ مِنَ السَّفَارَةِ الْإِيطَالِيَّةِ وَالْإِتِّحَادِ الْأُورُوبِّيِّ وَتَتَوَاصَلُ فَعَالِيَّاتُهُ ^َلَا^َةَ أَشْهُرٍ,arabic_speech_corpus_wordtier,gold_diacritized_text,
asc_main_ARA NORM  0330,arabic_sentence_ending_training\data\raw\arabic_speech_corpus\arabic-speech-corpus\wav\ARA NORM  0330.wav,مَا يَدْفَعُ صَوْبَ التَّقْلِيلِ مِنْ حَالَةِ التَّنَدُّرِ عَلَى فِكْرَةِ إِذَابَةِ الْهُمُومِ عَنْ طَرِيقِ الضَّحِكِ,arabic_speech_corpus_wordtier,gold_diacritized_text,
asc_main_ARA NORM  0331,arabic_sentence_ending_training\data\raw\arabic_speech_corpus\arabic-speech-corpus\wav\ARA NORM  0331.wav,حَيْ^ُ اسْتَخْلَصَ مَادَّةَ الْبِكْتِينْ مِنْ قِشْرِ الْمُوْزِ لِيَتِمَّ بَعْدَ ذَلِكَ مَزْجُهَا بِحَلْوَى الْجِيلَاتِينِ أَوْ أَيِّ حَلْوَى لَيِّنَةٍ أُخْرَى لِيَسْهُلَ اسْتِخْدَامُهَا,arabic_speech_corpus_wordtier,gold_diacritized_text,
asc_main_ARA NORM  0332,arabic_sentence_ending_training\data\raw\arabic_speech_corpus\arabic-speech-corpus\wav\ARA NORM  0332.wav,مَادَّةُ الْبِكْتِينِ الْمُسْتَخْدَمَةُ فِي الصِّنَاعَاتِ الْغِذَائِيَّةِ تَأْتِي فِي مُعْظَمِهَا مِنْ فَوَاكِهَ مُرْتَفِعَةِ ال^َّمَنِ نِسْبِيّاً مِ^ْلَ التُّفّاحِ وَالْبُرْتُقَالِ,arabic_speech_corpus_wordtier,gold_diacritized_text,
asc_main_ARA NORM  0333,arabic_sentence_ending_training\data\raw\arabic_speech_corpus\arabic-speech-corpus\wav\ARA NORM  0333.wav,بَيْنَمَا يُعْتَبَرُ الْبِكْتِينُ الْمُسْتَخْلَصُ مِنْ قِشْرِ الْمَوْزِ أَرْخَصَ كَ^ِيراً نَظَراً لِأَنَّهُ يُسْتَخْلَصُ مِنَ الْقِشْرِ الَّذِي يَتُمُّ التَّخَلُّصُ مِنْهُ عَلَى شَكْلِ نُفَايَاتٍ أَوْ غِذَاءٍ لِلْمَاشِيَةِ,arabic_speech_corpus_wordtier,gold_diacritized_text,
asc_main_ARA NORM  0334,arabic_sentence_ending_training\data\raw\arabic_speech_corpus\arabic-speech-corpus\wav\ARA NORM  0334.wav,وَكَانَ بِحَوْزَةِ الْيَابَانِيِّ تُوشِينَارِي تَاكَاوُكَا فِي دَوْرَةِ هِيرُوشِيمَا أَلفٍ وَتِسعِ مِئَةٍ وَأَربَعَةٍ وتَسعِينْ,arabic_speech_corpus_wordtier,gold_diacritized_text,
asc_main_ARA NORM  0335,arabic_sentence_ending_training\data\raw\arabic_speech_corpus\arabic-speech-corpus\wav\ARA NORM  0335.wav,أَحْرَزَتِ الْإِمَارَاتِيَّةُ عَلْيَاءُ مُحْمَّدْ سَعِيدْ ذَهَبِيَّةَ سِبَاقِ عَشَرَةِ آلافِ مِتْرٍ مُسَجِّلَةً وَاحِدَةً وَ^َلَا^ِينَ دَقِيقَةً وَوَاحِدَةً وَخَمسِينَ ^َانِيَّةً وَسِتٍّ وَ^َمَانِينَ جُزءاً مِنَ المِئَة,arabic_speech_corpus_wordtier,gold_diacritized_text,
asc_main_ARA NORM  0336,arabic_sentence_ending_training\data\raw\arabic_speech_corpus\arabic-speech-corpus\wav\ARA NORM  0336.wav,وَالْيَابَانِيَّةِ أَيُومِي هَاغْيُورَا وَاحِدَةً وَ^َلَا^ِينَ دَقِيقَةً وَخَمسَةً وَخَمسِينَ ^َانِيَّةً وَسَبعَ وَسِتَّينَ جُزءاً مِنَ الْمِئَة,arabic_speech_corpus_wordtier,gold_diacritized_text,
asc_main_ARA NORM  0337,arabic_sentence_ending_training\data\raw\arabic_speech_corpus\arabic-speech-corpus\wav\ARA NORM  0337.wav,بَيْنَمَا لَمْ تَتَجَاوَزْ صَادِرَاتُهُ نَحْوَ الْبُلْدَانِ الْخَلِيجِيَّةِ مِلْيَارَ دُولَارٍ فَاصِلَة ا^نَينْ عَامَ أَلفَينِ وَ^َلاَ^َةَ عَشَرْ,arabic_speech_corpus_wordtier,gold_diacritized_text,
asc_main_ARA NORM  0338,arabic_sentence_ending_training\data\raw\arabic_speech_corpus\arabic-speech-corpus\wav\ARA NORM  0338.wav,وَمِنْ جِهَةٍ أُخْرَى أَشَارَ التَّقْرِيرُ إِلَى أَنَّ تَحْوِيلَاتِ الْمَغَارِبَةِ الْمُقِيمِينَ بِدُوَلِ الْخَلِيجِ جَاءَتْ فِي الْمَرْتَبَةِ ال^َّانِيَةِ فِي قَائِمَةِ تَحْوِيلَاتِ مَغَارِبَةِ الْمَهْجَرْ,arabic_speech_corpus_wordtier,gold_diacritized_text,
asc_main_ARA NORM  0339,arabic_sentence_ending_training\data\raw\arabic_speech_corpus\arabic-speech-corpus\wav\ARA NORM  0339.wav,دَانَ الْكَاتِبُ الصَّحَفِيُّ الشَّهِيرُ إِيدْوِي بْلِينالْ فِي كِتَابِهِ مِنْ أَجْلِ الْمُسْلِمِينْ أَلْمُ^َقَّفِينَ الْفَرَنْسِيِّينَ الَّذِينَ يَخْلِطُونَ عَمْداً تَحْتَ وَطْأَةِ خَلْفِيَّاتٍ أَيْدْيُولُوجِيَّةٍ عُنْصُرِيَّةٍ بَيْنَ الْإِسْلَامِ وَالْإِرْهَابِ وَالْعُنْفِ,arabic_speech_corpus_wordtier,gold_diacritized_text,
asc_main_ARA NORM  0340,arabic_sentence_ending_training\data\raw\arabic_speech_corpus\arabic-speech-corpus\wav\ARA NORM  0340.wav,أَحْرَزَ الْبَحْرَيْني عَلي حَسَنْ مَحْبوبْ أَلْميداليَّةَ الذَّهَبيَّة لِسِباقِ مَارا^ُونْ الرِّجالْ في دَورَةِ الْأَلْعابِ الْآسْيَوّيَّةِ أَلْيَومَ الْجُمُعَة مُتَفَوِّقَاً عَلى مُنَافِسِهِ أَلْيابانِي كوهِي ماتْسُومَارَا,arabic_speech_corpus_wordtier,gold_diacritized_text,
asc_main_ARA NORM  0341,arabic_sentence_ending_training\data\raw\arabic_speech_corpus\arabic-speech-corpus\wav\ARA NORM  0341.wav,وَقَطَعَ مَحْبوبْ أَلْكِينيُّ الْمَولِدْ مَسافَةَ السِّباقِ في ساعَتَينِ وَإِ^نَتَا عَشرَةَ دَقيقَة وَ^َمَانِيَ و^َلا^ينَ ^انِيَةً مُتَفَوِّقاً بِ^انِيَةٍ وَاحِدَةٍ عَلى ماتْسومارا,arabic_speech_corpus_wordtier,gold_diacritized_text,
asc_main_ARA NORM  0342,arabic_sentence_ending_training\data\raw\arabic_speech_corpus\arabic-speech-corpus\wav\ARA NORM  0342.wav,وَانْضَمَّ مَحْبوبْ إِلى عَدّاءَينِ بَحْرِينِيَّيْنِ آخَرَينِ أَحْرَزا أَلْميدالِيَّةَ الذَّهَبَيَّة في الْمَسافاتِ الطَّويلَةِ,arabic_speech_corpus_wordtier,gold_diacritized_text,
asc_main_ARA NORM  0343,arabic_sentence_ending_training\data\raw\arabic_speech_corpus\arabic-speech-corpus\wav\ARA NORM  0343.wav,حَيْ^ُ كانَتْ مُواطِنَتَهُ الْعَدّاءَةُ مَرْيَمْ يوسِفْ جَمالْ قَدْ نالَتْ ذَهَبيَّةَ سِباقِ الْخَمسَةَ آلَافِ مِتْرٍ لِلْسَيِّداتِ بِزَمَنِ أَربَعَةَ عَشرَةَ دَقِيقَةً وَتِسعَةً وَخَمسِينَ ^َانِيَّةً وَتِسعٍ وَسِتَّينَ جُزءاً مِنَ المِئَة,arabic_speech_corpus_wordtier,gold_diacritized_text,
asc_main_ARA NORM  0344,arabic_sentence_ending_training\data\raw\arabic_speech_corpus\arabic-speech-corpus\wav\ARA NORM  0344.wav,وَتَقَدَّمَتْ عَلى مُواطِنَتِها مِيمِي بِيلِيتِي,arabic_speech_corpus_wordtier,gold_diacritized_text,
asc_main_ARA NORM  0345,arabic_sentence_ending_training\data\raw\arabic_speech_corpus\arabic-speech-corpus\wav\ARA NORM  0345.wav,وَالصّينيَّةِ تْشانْ كِينْ دِينْغْ,arabic_speech_corpus_wordtier,gold_diacritized_text,
asc_main_ARA NORM  0346,arabic_sentence_ending_training\data\raw\arabic_speech_corpus\arabic-speech-corpus\wav\ARA NORM  0346.wav,تَدَفَّقَ عَشَرَاتُ الْآلَافِ مِنَ النَّازِحِينَ الْأَكْرَادِ السُّورِيِّينَ نَحْوَ تُرْكِيَا,arabic_speech_corpus_wordtier,gold_diacritized_text,
asc_main_ARA NORM  0347,arabic_sentence_ending_training\data\raw\arabic_speech_corpus\arabic-speech-corpus\wav\ARA NORM  0347.wav,هَرَباً مِنَ الْقِتَالِ الدَّائِرِ فِي مَدِينَةِ عَيْنِ الْعَرَبْ كُوبَانِي فِي شَمَالِيِّ سُورِيَا بَيْنَ تَنْظِيمِ الدَّوْلَةِ وَوَحَدَاتِ حِمَايَةِ الشَّعْبِ الْكُرْدِيِّ,arabic_speech_corpus_wordtier,gold_diacritized_text,
asc_main_ARA NORM  0348,arabic_sentence_ending_training\data\raw\arabic_speech_corpus\arabic-speech-corpus\wav\ARA NORM  0348.wav,أَلْمَدْعُومَةِ بِالضَّرَبَات الْجَوِّيَّةِ أَلَّتِي يَشُنُّهَا التَّحَالُفُ الدَّوْلِيّْ عَلَى مَوَاقِعِ التَّنْظِيمْ,arabic_speech_corpus_wordtier,gold_diacritized_text,
asc_main_ARA NORM  0349,arabic_sentence_ending_training\data\raw\arabic_speech_corpus\arabic-speech-corpus\wav\ARA NORM  0349.wav,إِنْضَمَّ الْكُوَيْتِيّْ عَبْدُ اللهِ الْحَيَّانْ وَالْمِصْرِيُّ نَبِيلُ الْعَرَبِيُّ إِلَى عُضْوِيَّةِ الْمَجْلِسِ الْعَالَمِيِّ الْجَدِيدِ لِمَحْكَمَةِ التَّحْكِيمِ الرِّيَاضِيِّ كَاس أَلْيَوْمَ السَّبْتِ فِي بَانُو,arabic_speech_corpus_wordtier,gold_diacritized_text,
asc_main_ARA NORM  0350,arabic_sentence_ending_training\data\raw\arabic_speech_corpus\arabic-speech-corpus\wav\ARA NORM  0350.wav,وَالْحَيَّانُ هُوَ رَئِيسُ هَيْئَةِ التَّحْكِيمِ الرِّيَاضِيَّةِ فِي الْكُوَيْتِ وَعُضْوٌ فِي لَجْنَةِ الْأَخْلَاقِ فِي الْإِتِّحَادِ الدَّوْلِيِّ لِلسِّبَاحَةِ,arabic_speech_corpus_wordtier,gold_diacritized_text,
asc_main_ARA NORM  0351,arabic_sentence_ending_training\data\raw\arabic_speech_corpus\arabic-speech-corpus\wav\ARA NORM  0351.wav,مِئَاتُ الْأَفْلَامِ الَّتِي تُنْتِجُهَا اسْتُودْيُوهَاتُ هُولْيُود,arabic_speech_corpus_wordtier,gold_diacritized_text,
asc_main_ARA NORM  0352,arabic_sentence_ending_training\data\raw\arabic_speech_corpus\arabic-speech-corpus\wav\ARA NORM  0352.wav,لِيَخْرُجَ بِنَتِيجَةٍ مفَادُهَا أَنَّ الْمُخْرِجِينَ الْأَمرِكيِّينَ تَعَمَّدُوا وَصْفَ كُلِّ الْعَرَبِ بِالْعَدَاءِ لِلْمُجْتَمَعِ وَالْعُنْفِ وَالسَّذَاجَةِ وَالتَّخَلُّفِ وَالتَّعَصُّبِ,arabic_speech_corpus_wordtier,gold_diacritized_text,
asc_main_ARA NORM  0353,arabic_sentence_ending_training\data\raw\arabic_speech_corpus\arabic-speech-corpus\wav\ARA NORM  0353.wav,وَضَعَ الْمُنْتَخَبُ الْجَزَائِرِيُّ السَّبْتَ قَدَماً فِي نِهَائِيَّاتِ بُطُولَةِ كَأْسِ الْأُمَمِ الْأَفْرِيقِيَّةِ لِكُرَةِ الْقَدَمِ أَلْمُقَرَّرَةِ إِقَامَتُهَا بِالْمَغْرِبِ أَلْعَامَ الْمُقْبِلَ بَعْدَ فَوْزِهِ بِهَدَفَيْنِ نَظِيفَيْنِ عَلَى مُضِيفِهِ مُنْتَخَبِ مَالَاوِي فِي الْجَوْلَةِ ال^َّالِ^َةِ بِالْمَجْمُوعَةِ ال^َّانِيَةِ لِلتَّصْفِيَاتِ,arabic_speech_corpus_wordtier,gold_diacritized_text,
asc_main_ARA NORM  0354,arabic_sentence_ending_training\data\raw\arabic_speech_corpus\arabic-speech-corpus\wav\ARA NORM  0354.wav,وَفَرَضَ سَيْطَرَتَهُ الْكَامِلَةَ عَلَى مُجْرَيَاتِ الْأُمُورِ عَلَى مَدَارِ شَوْطَيْ أَلْمُبَارَاةِ لِيُصْبِحَ أَوَّلَ فَرِيقٍ فِي التَّصْفِيَاتِ يُحَقِّقُ ^َلَا^َةَ انْتِصَارَاتٍ مُتَتَالِيَةٍ,arabic_speech_corpus_wordtier,gold_diacritized_text,
asc_main_ARA NORM  0355,arabic_sentence_ending_training\data\raw\arabic_speech_corpus\arabic-speech-corpus\wav\ARA NORM  0355.wav,وَتَقَدَّمَ مُنْتَخَبُ الْجَزَائِرِ مُبَكِّراً فِي الدَّقِيقَةِ الْعَاشِرَةِ عَنْ طَرِيقِ لاعِبِهِ رَفِيق حْليش مِنْ ضَرْبَةِ رَأْسٍ مُتْقَنَةٍ بَعْدَمَا تَابَعَ الرَّكْلَةَ الرُّكْنِيَّةَ أَلَّتِي نَفَّذَهَا سُفْيَان فِيغُولي,arabic_speech_corpus_wordtier,gold_diacritized_text,
asc_main_ARA NORM  0356,arabic_sentence_ending_training\data\raw\arabic_speech_corpus\arabic-speech-corpus\wav\ARA NORM  0356.wav,لِيَحْذُوَ حَذْوَ وَتِيرَةِ الْهُبُوطِ فِي أَسْعَارِ الْقِيَاسِ الْعَالَمِيَّةِ لِلنِّفْطِ,arabic_speech_corpus_wordtier,gold_diacritized_text,
asc_main_ARA NORM  0357,arabic_sentence_ending_training\data\raw\arabic_speech_corpus\arabic-speech-corpus\wav\ARA NORM  0357.wav,إِذِ انْخَفَضَ سِعْرُ خَامَاتِ أُبِكَ إِلَى ^َمَانِيةٍ وَ ^َمَانِينَ فاصِلَة إِ^نَيْنِ وَ^َلا^ينَ دُولَاراً لِلْبِرْمَيلِ,arabic_speech_corpus_wordtier,gold_diacritized_text,
asc_main_ARA NORM  0358,arabic_sentence_ending_training\data\raw\arabic_speech_corpus\arabic-speech-corpus\wav\ARA NORM  0358.wav,وَيُعْزَى انْخِفَاضُ أَسْعَارِ النِّفْطِ إِلَى وَفْرَةِ الْمَعْرُوضِ فِي السُّوقِ,arabic_speech_corpus_wordtier,gold_diacritized_text,
asc_main_ARA NORM  0359,arabic_sentence_ending_training\data\raw\arabic_speech_corpus\arabic-speech-corpus\wav\ARA NORM  0359.wav,أَلْفُ وَتِسْعُ مِئَةٍ وَسَبْعَةٌ وَتِسْعونْ تَرْوِي الْبَاكْسْتَانِيَّةُ مَلَالا يُوسُفْ زَاي الْحَائِزَةُ عَلَى جَائِزَةِ نوبْل لِلسَّلَامِ أَلْفَيْنِ وَأَرْبَعَةَ عَشَر,arabic_speech_corpus_wordtier,gold_diacritized_text,
asc_main_ARA NORM  0360,arabic_sentence_ending_training\data\raw\arabic_speech_corpus\arabic-speech-corpus\wav\ARA NORM  0360.wav,مِنْ أَهَمِّهَا سِلْسِلَةُ الْعَرَبِيَّةِ لِلْعَالَمِ,arabic_speech_corpus_wordtier,gold_diacritized_text,
asc_main_ARA NORM  0361,arabic_sentence_ending_training\data\raw\arabic_speech_corpus\arabic-speech-corpus\wav\ARA NORM  0361.wav,طَوَّرَ عُلَمَاءُ هُولَنْدِيُّونَ أَوَّلَ بَدِيلٍ فَعَّالٍ عَنِ الْمُضَادَّاتِ الْحَيَوِيَّةِ وَهُوَ مَا يُعْتَبَرُ تَقَدُّماً هَامّاً فِي مُكَافَحَةِ الْعَدْوَى الْمُقَاوِمَةِ لِلْأَدْوِيَةِ,arabic_speech_corpus_wordtier,gold_diacritized_text,
asc_main_ARA NORM  0362,arabic_sentence_ending_training\data\raw\arabic_speech_corpus\arabic-speech-corpus\wav\ARA NORM  0362.wav,وَيَأْمُلُ الْبَاحِ^ُونَ تَطْوِيرَ حُبُوبٍ أَوْ نُسْخَةٍ مِنَ الدَّوَاءِ قَابِلَةٍ لِلْحَقْنِ خِلَالَ خَمْسِ سَنَوَاتٍ,arabic_speech_corpus_wordtier,gold_diacritized_text,
asc_main_ARA NORM  0363,arabic_sentence_ending_training\data\raw\arabic_speech_corpus\arabic-speech-corpus\wav\ARA NORM  0363.wav,وَتُتِيحُ الْمَوَادُّ الَّتِي تَمَّ وَضْعُهَا عَلَى الْبَوَّابَةِ أَلْإِلكتْرُونِيَّةِ لِلْمَكْتَبَةِ مَرَاجِعَ مُهِمَّةً تَتَوَفَّرُ مَجَّاناً لِأَوَّلِ مَرَّةٍ عَلَى الْإِنْتِرْنِت لِكَافَّةِ الْمُسْتَخْدِمِينَ,arabic_speech_corpus_wordtier,gold_diacritized_text,
asc_main_ARA NORM  0364,arabic_sentence_ending_training\data\raw\arabic_speech_corpus\arabic-speech-corpus\wav\ARA NORM  0364.wav,وَلَحِقَتْ تُونُسُ بِالْجَزَائِرِ أَلْمَجْمُوعَةُ ال^َّانِيَةُ أَلَّتِي سَبَقَ أَنْ تَأَهَّلَتْ فِي الْجَوْلَةِ الْمَاضِيَةِ,arabic_speech_corpus_wordtier,gold_diacritized_text,
asc_main_ARA NORM  0365,arabic_sentence_ending_training\data\raw\arabic_speech_corpus\arabic-speech-corpus\wav\ARA NORM  0365.wav,أَكَّدَ الرَّئِيسُ التُّرْكِيُّ رَجَب طَيِّب أَرْدوغَان أَنَّ الْمُسْلِمِينَ هُمْ أَلَّذِينَ اكْتَشَفُوا أَلْقَارَّةَ الْأَمِرِكيَّةَ فِي الْقَرْنِ ال^َّانِي عَشَر,arabic_speech_corpus_wordtier,gold_diacritized_text,
asc_main_ARA NORM  0366,arabic_sentence_ending_training\data\raw\arabic_speech_corpus\arabic-speech-corpus\wav\ARA NORM  0366.wav,مُضِيفَةً أَنَّهُ تَسَبَّبَ فِي أَرْبَع مِئَةِ أَلْفِ حَالَةِ وَفَاةٍ مُبَكَّرَةٍ عَامَ أَلْفَين وَأَحَدَ عَشَر,arabic_speech_corpus_wordtier,gold_diacritized_text,
asc_main_ARA NORM  0367,arabic_sentence_ending_training\data\raw\arabic_speech_corpus\arabic-speech-corpus\wav\ARA NORM  0367.wav,قَالَتِ النَّاشِطَةُ الْحُقُوقيَّةُ فِي مَجَالِ الْعُمَّالِ هُدَى مُنْعِم فِي مُؤْتَمَرٍ صَحَفِيٍّ إِنَّ الْبَائِعَ الْمُتَجَوِّلَ يُمْكِنُ أَنْ يَكُونَ مَصْدَراً لِلدَّخْلِ الْقَوْمِيِّ إِذَا تَمَّ اسْتِغْلَالُهُ بِشَكْلٍ صَحِيحٍ,arabic_speech_corpus_wordtier,gold_diacritized_text,
asc_main_ARA NORM  0368,arabic_sentence_ending_training\data\raw\arabic_speech_corpus\arabic-speech-corpus\wav\ARA NORM  0368.wav,رَئِيسُ نِقَابَةِ الْبَاعَةِ الْمُتَجَوِّلِينَ وَالْعَمَالَةِ الْحُرَّةِ إِنَّ بَعْضَ الْبَاعَةِ الْمُتَجَوِّلِينَ هُمْ مِنْ أَصْحَابِ الْمُؤَهِّلَاتِ الْمُتَوَسِّطَةِ وَالْعُلْيَا,arabic_speech_corpus_wordtier,gold_diacritized_text,
asc_main_ARA NORM  0369,arabic_sentence_ending_training\data\raw\arabic_speech_corpus\arabic-speech-corpus\wav\ARA NORM  0369.wav,وَهِيَ الْمَرَّةُ ال^َّانِيَةُ الَّتِي يُتَوَّجُ فِيهَا بِاللَّقَبِ عَلَى حِسَابِ مُوَاطِنِهِ أَلشُّرْبَجِي بَعْدَ الْأُولَى عَامَ أَلْفَين وَإِ^نا عَشَر وَبِ^َلَا^َةِ أَشْوَاطٍ مُقَابِلَ ^َلا^َةٌ وَعِشْرونَ عاماً شَوْطَيْنِ,arabic_speech_corpus_wordtier,gold_diacritized_text,
asc_main_ARA NORM  0370,arabic_sentence_ending_training\data\raw\arabic_speech_corpus\arabic-speech-corpus\wav\ARA NORM  0370.wav,كَوْنُهُ قَلَبَ تَخَلُّفَهُ بِشَوْطٍ لِشَوْطَيْنِ إِلَى فَوْزٍ بِ^َلَا^َةِ أَشْوَاطٍ مُقَابِلَ شَوْطَيْنِ,arabic_speech_corpus_wordtier,gold_diacritized_text,
asc_main_ARA NORM  0371,arabic_sentence_ending_training\data\raw\arabic_speech_corpus\arabic-speech-corpus\wav\ARA NORM  0371.wav,نَظَراً لِكَمِّيَّةِ الْبَيَانَاتِ الشَّخْصِيَّةِ أَلَّتِي يَتِمُّ تَخْزِينُهَا عَلَيْهَا,arabic_speech_corpus_wordtier,gold_diacritized_text,
asc_main_ARA NORM  0372,arabic_sentence_ending_training\data\raw\arabic_speech_corpus\arabic-speech-corpus\wav\ARA NORM  0372.wav,وَيُعْتَبَرُ تَفْعِيلُ قُفْلِ الْجِهَازِ بِمَ^َابَةِ الْخُطْوَةِ الْأُولَى لِحِمَايَةِ الْبَيَانَاتِ الشَّخْصِيَّةِ,arabic_speech_corpus_wordtier,gold_diacritized_text,
asc_main_ARA NORM  0373,arabic_sentence_ending_training\data\raw\arabic_speech_corpus\arabic-speech-corpus\wav\ARA NORM  0373.wav,سَوَاءً كَانَ ذَلِكَ بِاسْتِخْدَامِ الرَّقْمِ السِّرِّيِّ أَوِ الْأَنْمَاطِ أَوْ بَصْمَةِ الْأَصَابِعِ أَوْ خَاصِّيَّةِ التَّعَرُّفِ عَلَى وَجْهِ الْمُسْتَخْدِمْ,arabic_speech_corpus_wordtier,gold_diacritized_text,
asc_main_ARA NORM  0374,arabic_sentence_ending_training\data\raw\arabic_speech_corpus\arabic-speech-corpus\wav\ARA NORM  0374.wav,فَيُمْكِنُ لِلْمُسْتَخْدِمِ الإِسْتِعَانَةُ بِوَظِيفَةِ تَحْدِيدِ الْمَوْقِعِ أَوْ وَظِيفَةِ حَذْفِ الْبَيَانَاتِ عَنْ بُعْدٍ لِلْحِفَاظِ عَلَى الْخُصُوصِيَّةِ,arabic_speech_corpus_wordtier,gold_diacritized_text,
asc_main_ARA NORM  0375,arabic_sentence_ending_training\data\raw\arabic_speech_corpus\arabic-speech-corpus\wav\ARA NORM  0375.wav,وَتَتَوَفَّرُ مِ^ْلُ هَذِهِ الْوَظَائِفِ فِي أَغْلَبِ أَنْظِمَةِ التَّشْغِيلْ,arabic_speech_corpus_wordtier,gold_diacritized_text,
asc_main_ARA NORM  0376,arabic_sentence_ending_training\data\raw\arabic_speech_corpus\arabic-speech-corpus\wav\ARA NORM  0376.wav,كَيْفَ تَتَصَرَّفُ لِتُوقِفَ تَسَاقُطَ شَعْرِكَ وَتُحَافِظَ عَلَى مَا تَبَقَّى مِنْهُ أَوْرَدَ مَوْقِعُ غَيْزُونْدِهَايتَّيْبْسْ أَلْأَلْمَانِيُّ أَلْإِلِكْترُونِيُّ الْمُخْتَصُّ بِالصِّحَةِ نَصَائِحَ هَامَّةً وَبَسِيطَةً قَدْ تُسَاعِدُكَ,arabic_speech_corpus_wordtier,gold_diacritized_text,
asc_main_ARA NORM  0377,arabic_sentence_ending_training\data\raw\arabic_speech_corpus\arabic-speech-corpus\wav\ARA NORM  0377.wav,مِنْ أَهَمِّهَا مُرَاجَعَةُ طَبِيبٍ مُخْتَصٍّ فَوْرَ ظُهُورِ أَعْرَاضِ تَسَاقُطِ الشَّعْرِ,arabic_speech_corpus_wordtier,gold_diacritized_text,
asc_main_ARA NORM  0378,arabic_sentence_ending_training\data\raw\arabic_speech_corpus\arabic-speech-corpus\wav\ARA NORM  0378.wav,وَالْمُحَافَظَةُ عَلَى الْقَدْرِ الْكَافِي مِنَ النَّوْمِ.,arabic_speech_corpus_wordtier,gold_diacritized_text,
asc_main_ARA NORM  0379,arabic_sentence_ending_training\data\raw\arabic_speech_corpus\arabic-speech-corpus\wav\ARA NORM  0379.wav,حَيْ^ُ يَجِبُ أَنْ يَكُونَ هُنَاكَ صَدِيقٌ لِلْمُسْتَخْدِمِ الرَّاغِبِ فِي الْإِنْضِمَامِ إِلَيْهَا,arabic_speech_corpus_wordtier,gold_diacritized_text,
asc_main_ARA NORM  0380,arabic_sentence_ending_training\data\raw\arabic_speech_corpus\arabic-speech-corpus\wav\ARA NORM  0380.wav,مُوضِحَةً أَنَّهُ مِنَ الْمُحْتَمَلِ أَنْ تَبْدَأَ التَّجَارِبُ عَلَى اللِّقَاحَاتِ بِأَفْرِيقْيَا فِي دِيسَمْبَرْ كَانُونَ الْأَوَّلِ الْقَادِمْ,arabic_speech_corpus_wordtier,gold_diacritized_text,
asc_main_ARA NORM  0381,arabic_sentence_ending_training\data\raw\arabic_speech_corpus\arabic-speech-corpus\wav\ARA NORM  0381.wav,وَقَالَ الْبَاحِ^ُ فِيلِيب إِيكْرَاتِ لِوَكَالَةِ الْأَنْبَاءِ أَلْأَلْمَانِيَّةِ إِنَّ هُنَاكَ عَوْدَةً مُتَزَايِدَةً مِنْ جَانِبِ الشَّبَابِ الْيَافِعِينَ إِلَى الْعَلَاقَاتِ الشَّخْصِيَّةِ الْمُبَاشِرَةِ وَالرِّحْلَاتِ وَالْحِرَفِ الْيَدَوِيَّةِ وَالْوَجَبَاتِ الْغِذَائِيَّةِ التَّقْلِيدِيَّةِ,arabic_speech_corpus_wordtier,gold_diacritized_text,
asc_main_ARA NORM  0382,arabic_sentence_ending_training\data\raw\arabic_speech_corpus\arabic-speech-corpus\wav\ARA NORM  0382.wav,فِي حِينِ أَنَّ الْمَشْغُولِينَ الْآنَ بِالْهَوَاتِفِ الذَّكِيَّةِ وَأَحْدَ^ِ الْأَجْهِزَةِ الرَّقْمِيَّةِ هُمُ الْأَكْبَرُ سِنّاً,arabic_speech_corpus_wordtier,gold_diacritized_text,
asc_main_ARA NORM  0383,arabic_sentence_ending_training\data\raw\arabic_speech_corpus\arabic-speech-corpus\wav\ARA NORM  0383.wav,وَتَابَعَ الْبَاحِ^ُ قائِلاً إِنَّ الشَّبَابَ الْيَوْمَ يَقُومُ بِمُحَاوَلَةٍ وَاعِيَةٍ لِإِيْجَادِ مَسَارٍ مُوَازٍ وَمُنَاظِرٍ لِلْعَصْرِ الرَّقْمِيِّ,arabic_speech_corpus_wordtier,gold_diacritized_text,
asc_main_ARA NORM  0384,arabic_sentence_ending_training\data\raw\arabic_speech_corpus\arabic-speech-corpus\wav\ARA NORM  0384.wav,عَنْ طَرِيقِ تَقْدِيمِ حَوَافِزَ مَالِيَّةٍ لِكُلِّ زَوْجَيْنِ يَنْحَدِرُ أَحَدُهُمَا مِنْ إِحْدَى الْأَقَلِّيَّاتِ الْعِرْقِيَّةِ وَال^َّانِي مِنْ سُلَالَةِ أَلهَانْ أَلصِّينِيَّةِ,arabic_speech_corpus_wordtier,gold_diacritized_text,
asc_main_ARA NORM  0385,arabic_sentence_ending_training\data\raw\arabic_speech_corpus\arabic-speech-corpus\wav\ARA NORM  0385.wav,وَيُشَكِّلُ الْإِيغُور أَغْلَبِيَّةَ سُكَّانِ إِقْلِيمِ شَنْغْيانْغْ,arabic_speech_corpus_wordtier,gold_diacritized_text,
asc_main_ARA NORM  0386,arabic_sentence_ending_training\data\raw\arabic_speech_corpus\arabic-speech-corpus\wav\ARA NORM  0386.wav,حَذَّرَتْ مَجَلَّةُ الصَّيْدَلِيَّاتِ الْحَدِي^َةِ أَلْأَلْمَانِيَّةِ مِنْ أَنَّ بُرُودَةَ الطَّقْسِ فِي الشِّتَاءِ قَدْ تُؤَدِّي إِلَى تَدَهْوُرِ الْحَالَةِ الصِّحِّيَّةِ لَدَى المُسِنِّينَ الْمُصَابِينَ بِالرَّبْوِ أَوِ الْإِنْسِدَادِ الرِّئَوِيِّ الْمُزْمِنِ,arabic_speech_corpus_wordtier,gold_diacritized_text,
asc_main_ARA NORM  0387,arabic_sentence_ending_training\data\raw\arabic_speech_corpus\arabic-speech-corpus\wav\ARA NORM  0387.wav,لِذَا شَدَّدَتِ الْمَجَلَّةُ عَلَى أَهَمِّيَّةِ أَنْ يَصْطَحِبَ المُسِنُّونَ بَخَّاخَ الرَّبْوِ مَعَهُمْ بِاسْتِمْرَارٍ خِلَالَ فَصْلِ الشِّتَاءِ مَعَ الْإِكْ^َارِ مِنَ السَّوَائِلِ,arabic_speech_corpus_wordtier,gold_diacritized_text,
asc_main_ARA NORM  0388,arabic_sentence_ending_training\data\raw\arabic_speech_corpus\arabic-speech-corpus\wav\ARA NORM  0388.wav,أَلَّذِي يُحَدِّدُ زِيَادَةَ أَوْ نُقْصَانَ الْوَزْنِ,arabic_speech_corpus_wordtier,gold_diacritized_text,
asc_main_ARA NORM  0389,arabic_sentence_ending_training\data\raw\arabic_speech_corpus\arabic-speech-corpus\wav\ARA NORM  0389.wav,فِي وَقْتٍ رَبَطَ فِيهِ خُبَرَاءُ اقْتِصَادِيُّونَ بَيْنَ تَدَهْوُرِ أَوْضَاعِهَا وَالسِّيَاسَاتِ الْمَالِيَّةِ غَيْرِ الْمُسْتَقِرَّةِ أَلَّتِي تَعْتَمِدُهَا الْحُكُومَةُ مُمَ^َّلَةً فِي الْبَنْكِ الْمَرْكَزِيِّ نَفْسِهِ,arabic_speech_corpus_wordtier,gold_diacritized_text,
asc_main_ARA NORM  0390,arabic_sentence_ending_training\data\raw\arabic_speech_corpus\arabic-speech-corpus\wav\ARA NORM  0390.wav,وَأَشَارُوا إِلَى مَا سَمّوْهُ التَّجَاوُزَاتِ الْإِجْرَائِيَّةَ لِنَافِذِينَ مَعَ كَافَّةِ الْمَصَارِفِ الْمَحَلِّيَّةِ,arabic_speech_corpus_wordtier,gold_diacritized_text,
asc_main_ARA NORM  0391,arabic_sentence_ending_training\data\raw\arabic_speech_corpus\arabic-speech-corpus\wav\ARA NORM  0391.wav,وَيُتِيحُ التَّطْبِيقُ إِمْكَانِيَّةَ التَّوَاصُلِ عَبْرَ الرَّسَائِلِ وَالْمُكَالَمَاتِ الصَّوْتِيَّةِ,arabic_speech_corpus_wordtier,gold_diacritized_text,
asc_main_ARA NORM  0392,arabic_sentence_ending_training\data\raw\arabic_speech_corpus\arabic-speech-corpus\wav\ARA NORM  0392.wav,وَتَبَادُلَ الصُّوَرِ وَالْمُوسِيقَى وَمَقَاطِعِ الْفِيدْيُو,arabic_speech_corpus_wordtier,gold_diacritized_text,
asc_main_ARA NORM  0393,arabic_sentence_ending_training\data\raw\arabic_speech_corpus\arabic-speech-corpus\wav\ARA NORM  0393.wav,إِنْطَلَقَتْ مَسَاءَ السَّبْتِ فِي تُونُسُ أَلدَّوْرَةُ الْخامِسَةُ وَالْعِشْرونَ لِمِهْرَجَانِ أَيَّامِ قَرْطَاجَ السِّينَمَائِيِّ,arabic_speech_corpus_wordtier,gold_diacritized_text,
asc_main_ARA NORM  0394,arabic_sentence_ending_training\data\raw\arabic_speech_corpus\arabic-speech-corpus\wav\ARA NORM  0394.wav,بَيْنَهَا فِيلْمٌ تُونُسِيٌّ وَاحِدٌ,arabic_speech_corpus_wordtier,gold_diacritized_text,
asc_main_ARA NORM  0395,arabic_sentence_ending_training\data\raw\arabic_speech_corpus\arabic-speech-corpus\wav\ARA NORM  0395.wav,وَافْتُتِحَ الْمِهْرَجَانُ بِعَرْضِ الْفِيلْمِ الْمُورِيتَانِيِّ تَمْبَكْتو لِلْمُخْرِجِ عَبْد الرَّحْمَنْ سِيسَاكُو,arabic_speech_corpus_wordtier,gold_diacritized_text,
asc_main_ARA NORM  0396,arabic_sentence_ending_training\data\raw\arabic_speech_corpus\arabic-speech-corpus\wav\ARA NORM  0396.wav,أَلْحَاصِلُ عَلَى السَّعْفَةِ الذَّهَبِيَّةِ بِمِهْرَجَانِ كَان السِّينَمَائِيِّ الْأَخِيرِ,arabic_speech_corpus_wordtier,gold_diacritized_text,
asc_main_ARA NORM  0397,arabic_sentence_ending_training\data\raw\arabic_speech_corpus\arabic-speech-corpus\wav\ARA NORM  0397.wav,وَأَغْلَقَتِ السُّلُطَاتُ مَلْعَبَ الْعَاصِمَةِ لِإِعَادَةِ تَأْهِيلِ جَمِيعِ مَرَافِقِهِ حَتَّى يَكُونَ فِي قِيمَةِ وَمُسْتَوَى الْحَدَ^ِ الْعَالَمِيِّ,arabic_speech_corpus_wordtier,gold_diacritized_text,
asc_main_ARA NORM  0398,arabic_sentence_ending_training\data\raw\arabic_speech_corpus\arabic-speech-corpus\wav\ARA NORM  0398.wav,مَعَ مَا يُرَافِقُ الْعَمَلِيَّةَ مِنْ تَوْسِيعٍ لِلطُّرُقَاتِ أَلْمُحَاذِيَةِ وَتَزْيِينِهَا,arabic_speech_corpus_wordtier,gold_diacritized_text,
asc_main_ARA NORM  0399,arabic_sentence_ending_training\data\raw\arabic_speech_corpus\arabic-speech-corpus\wav\ARA NORM  0399.wav,تُعَدّ الْبَدَانَةُ مَرَضَ الْعَصْرِ الَّذِي أَصَابَ الرِّجَالَ وَالنِّسَاءَ وَالْكِبَارَ وَالصِّغَارَ,arabic_speech_corpus_wordtier,gold_diacritized_text,
asc_main_ARA NORM  0400,arabic_sentence_ending_training\data\raw\arabic_speech_corpus\arabic-speech-corpus\wav\ARA NORM  0400.wav,وَذَلِكَ عَبْرَ تَأْخِيرِ إِعْطَاءِ الْأَطْعِمَةِ الصَّلْبَةِ لِلطِّفْلِ وَالِاعْتِمَادِ عَلَى الرِّضَاعَةِ الطَّبِيعِيَّةِ لِأَطْوَلِ فِتْرَةٍ مُمْكِنَةٍ,arabic_speech_corpus_wordtier,gold_diacritized_text,
asc_main_ARA NORM  0401,arabic_sentence_ending_training\data\raw\arabic_speech_corpus\arabic-speech-corpus\wav\ARA NORM  0401.wav,وَذَلِكَ بِمُشَارَكَتِهِ اللَّعِبَ أَوْ اصْطِحَابِهِ فِي جَوْلَةٍ عَلَى الْأَقْدَامِ,arabic_speech_corpus_wordtier,gold_diacritized_text,
asc_main_ARA NORM  0402,arabic_sentence_ending_training\data\raw\arabic_speech_corpus\arabic-speech-corpus\wav\ARA NORM  0402.wav,مِمَّا يُهْدِرُ فُرَصَ عَمَلِ الْمَرْأَةِ الْمُحَجَّبَةِ فِي هَذَا الْمَجَالِ,arabic_speech_corpus_wordtier,gold_diacritized_text,
asc_main_ARA NORM  0403,arabic_sentence_ending_training\data\raw\arabic_speech_corpus\arabic-speech-corpus\wav\ARA NORM  0403.wav,الَّتِي خَاضَتْ مَعْرَكَةً قَضَائِيَّةً لَدَى الْعَدِيدِ مِنَ الْهَيْئَاتِ أَلْقَانُونِيَّةِ أَلِابْتِدَائِيَّةِ وَالْإِسْتِئْنَافِيَّةِ,arabic_speech_corpus_wordtier,gold_diacritized_text,
asc_main_ARA NORM  0404,arabic_sentence_ending_training\data\raw\arabic_speech_corpus\arabic-speech-corpus\wav\ARA NORM  0404.wav,لَمْ تَعُدْ تُحَرِّكُ مَشَاعِرَ لُودِينِس حَيْ^ُ تَقُولُ عَشْرُ سَنَوَاتٍ فَتْرَةٌ طَوِيلَةٌ بِلَا شَكٍّ,arabic_speech_corpus_wordtier,gold_diacritized_text,
asc_main_ARA NORM  0405,arabic_sentence_ending_training\data\raw\arabic_speech_corpus\arabic-speech-corpus\wav\ARA NORM  0405.wav,إِلَّا أَنَّهَا لَيْسَتْ مُنَاسَبَةً سَعِيدَةً بِالنِّسْبَةِ لِي وتُضِيفُ صَحِيحٌ أَنَّنِي احْتَفَلْتُ آنَذَاكَ بِالْحُكْمِ,arabic_speech_corpus_wordtier,gold_diacritized_text,
asc_main_ARA NORM  0406,arabic_sentence_ending_training\data\raw\arabic_speech_corpus\arabic-speech-corpus\wav\ARA NORM  0406.wav,هَدَّدَ الرَّئِيسُ الْأَمِرِكِيُّ بَارَاك أُوبَامَا بِفَرْضِ عُقُوبَاتٍ أَمِرِكِيَّةٍ وَأُورُوبِّيَّةٍ جَدِيدَةٍ عَلَى مُوسْكُو رَدّاً عَلَى أَيِّ تَصْعِيدٍ رُوسِيٍّ فِي أُوكْرَانْيَا,arabic_speech_corpus_wordtier,gold_diacritized_text,
asc_main_ARA NORM  0407,arabic_sentence_ending_training\data\raw\arabic_speech_corpus\arabic-speech-corpus\wav\ARA NORM  0407.wav,يَسْتَضِيفُ مَعْهَدُ الْعَالَمِ الْعَرَبِيِّ فِي بَارِيسَ مَعْرِضاً بِعُنْوَانِ كَانَ يَا مَكَان قِطَارُ الشَّرْقِ السَّرِيعُ,arabic_speech_corpus_wordtier,gold_diacritized_text,
asc_main_ARA NORM  0408,arabic_sentence_ending_training\data\raw\arabic_speech_corpus\arabic-speech-corpus\wav\ARA NORM  0408.wav,أَنَّ التَّخَلُّصَ مِنْ هَذِهِ الدَّائِرَةِ الْمُفْرَغَةِ لَيْسَ أَمْراً سَهْلاً عَلَى الْإِطْلَاقِ وَيَحْتَاجُ لِبَذْلِ بَعْضِ الْمَجْهُودِ فِي الْبِدَايَةِ,arabic_speech_corpus_wordtier,gold_diacritized_text,
asc_main_ARA NORM  0409,arabic_sentence_ending_training\data\raw\arabic_speech_corpus\arabic-speech-corpus\wav\ARA NORM  0409.wav,وَتُؤَكِّدُ عَالِمَةُ النَّفْسِ أَنَّ الْأَسْبَابَ الْمَنْطِقِيَّةَ الْمُحَفِّزَةَ عَلَى مُمَارَسَةِ الرِّيَّاضَةِ لَا تَكْفِي وَحْدَهَا,arabic_speech_corpus_wordtier,gold_diacritized_text,
asc_main_ARA NORM  0410,arabic_sentence_ending_training\data\raw\arabic_speech_corpus\arabic-speech-corpus\wav\ARA NORM  0410.wav,وَأَنَّ مَنْ يَرْغَبُ فِي تَغْيِيرِ سُلُوكِهِ بِصِفَةٍ دَائِمَةٍ يَحْتَاجُ لِلشُّعُورِ بِالْمُتْعَةِ إِلَى جَانِبِ الدَّوَافِعِ الْمَنْطِقِيَّةِ,arabic_speech_corpus_wordtier,gold_diacritized_text,
asc_main_ARA NORM  0411,arabic_sentence_ending_training\data\raw\arabic_speech_corpus\arabic-speech-corpus\wav\ARA NORM  0411.wav,مَشَاكِلَ وَصُعُوبَاتٍ قَدْ تَحْكُمُ عَلَيْهِ بِالْفَشَلِ أَوْ بِعَدَمِ التَّوَصُّلِ إِلى حُلُولٍ لِعَدَدٍ مِنَ الْقَضَايَا الْأَسَاسِيَّةِ أَلْمَعْرُوضَةِ عَلَيْهْ,arabic_speech_corpus_wordtier,gold_diacritized_text,
asc_main_ARA NORM  0412,arabic_sentence_ending_training\data\raw\arabic_speech_corpus\arabic-speech-corpus\wav\ARA NORM  0412.wav,وَقَالَ النَّاطِقُ الرَّسْمِيُّ لِلْحِرَاكِ إِنَّ وَفْدَ الْحِرَاكِ لَمْ يَنْسَحِبْ مِنَ الْمُؤْتَمَرِ,arabic_speech_corpus_wordtier,gold_diacritized_text,
asc_main_ARA NORM  0413,arabic_sentence_ending_training\data\raw\arabic_speech_corpus\arabic-speech-corpus\wav\ARA NORM  0413.wav,وَاسْتَغْرَقَ فِي ذَلِكَ ^َمَانِي سَنَوَاتٍ بَدْءاً مِنْ عَامِ أَلفَيْنِ بِعَمَلِ خَمْسِ سَاعَاتٍ يَوْمِيّاً,arabic_speech_corpus_wordtier,gold_diacritized_text,
asc_main_ARA NORM  0414,arabic_sentence_ending_training\data\raw\arabic_speech_corpus\arabic-speech-corpus\wav\ARA NORM  0414.wav,^ُمَّ جَاءَتِ الْفِكْرَةُ وَالْعَزِيمَةُ لِحِيَاكَةِ الْمُصْحَفِ الشَّرِيفِ كَامِلاً بِوَزْنِ مِئَتَيْ كِيلوغْرَامٍ تَوَزَّعَتْ عَلَى إِ^ْنَيْ عَشَرَ مُجَلَّداً يَحْوِي كُلٌّ مِنْهَا جُزْأَيْنِ وَنِصْفاً,arabic_speech_corpus_wordtier,gold_diacritized_text,
asc_main_ARA NORM  0415,arabic_sentence_ending_training\data\raw\arabic_speech_corpus\arabic-speech-corpus\wav\ARA NORM  0415.wav,بِالرَّسْمِ الْعُ^ْمَانِيِّ لِمُصْحَفِ الْمَدِينَةِ بِاللَّوْنَيْنِ أَلذَّهَبِيِّ وَالْفِضِّيِّ,arabic_speech_corpus_wordtier,gold_diacritized_text,
asc_main_ARA NORM  0416,arabic_sentence_ending_training\data\raw\arabic_speech_corpus\arabic-speech-corpus\wav\ARA NORM  0416.wav,تَسْعَى السُّعُودِيَّةُ إِلَى تَحْقِيقِ طَفْرَةٍ فِي مُسْتَقْبَلِ الرِّعَايَةِ الصِّحِّيَّةِ بِالْمَمْلَكَةِ مِنْ خِلَالِ مَشْرُوعٍ جَدِيدٍ لِرَسْمِ خَرَائِطِ الْجِينُومِ أَلْبَشَرِيِّ يَسْتَمِرُّ خَمْسَ سَنَوَاتٍ لِتَكْوِينِ قَاعِدَةِ بَيَانَاتٍ لِلْحِمْضِ النَّوَوِيِّ لِيَسْتَخْدِمَهَا الْعُلَمَاءُ فِي مُخْتَلَفِ الْأَغْرَاضِ,arabic_speech_corpus_wordtier,gold_diacritized_text,
asc_main_ARA NORM  0417,arabic_sentence_ending_training\data\raw\arabic_speech_corpus\arabic-speech-corpus\wav\ARA NORM  0417.wav,تَحَسُّباً لِاسْتِغْلَالِ سُلُطَاتِ الْإِحْتِلَالِ الْفَرَنْسِيِّ فِي الْجَزَائِرِ لَهَا لِأَغْرَاضِ الدَّعْمِ الْمَعْنَوِيِّ لِلْقُوَّاتِ الْفَرَنْسِيَّةِ مَعَ بِدَايَةِ الْحَرْبِ الْعَالَمِيَّةِ ال^َّانِيَّةِ,arabic_speech_corpus_wordtier,gold_diacritized_text,
asc_main_ARA NORM  0418,arabic_sentence_ending_training\data\raw\arabic_speech_corpus\arabic-speech-corpus\wav\ARA NORM  0418.wav,وَقَدْ شَرَعَ فِي هَذَا الْإِتِّجَاهِ بَعْدَ أَنْ أَكْمَلَ رَحَلَاتِهِ فِي طَلَبِ الْعِلْمِ فِي تُونُسَ وَمِصْرَ وَالْحِجَازِ,arabic_speech_corpus_wordtier,gold_diacritized_text,
asc_main_ARA NORM  0419,arabic_sentence_ending_training\data\raw\arabic_speech_corpus\arabic-speech-corpus\wav\ARA NORM  0419.wav,وَبَيْنَ الشَّرْقِ الَّذِي أَحَبَّهُ وَاعْتَنَقَ دِيَانَتَهُ وَعَاشَ فِيهِ مُعْظَمَ حَيَاتِهِ,arabic_speech_corpus_wordtier,gold_diacritized_text,
asc_main_ARA NORM  0420,arabic_sentence_ending_training\data\raw\arabic_speech_corpus\arabic-speech-corpus\wav\ARA NORM  0420.wav,وَكَمَا جَاءَ فِي مُدَاخَلَاتِ الْمُشَارِكِينَ فِي الْمُؤْتَمَرِ الدَّوْلِيِّ عَنِ الْمُفَكِّرِ الرَّاحِلِ بِالْعَاصِمَةِ الْأُوكْرانيَّةِ كْييفْ,arabic_speech_corpus_wordtier,gold_diacritized_text,
asc_main_ARA NORM  0421,arabic_sentence_ending_training\data\raw\arabic_speech_corpus\arabic-speech-corpus\wav\ARA NORM  0421.wav,قَبْلَ أَنْ يُسْلِمَ لِيُدَافِعَ عَنْ دِينِهِ مُحِبّاً وَمُحْتَرِماً لِأَصْلِهِ وَمَاضِيهِ,arabic_speech_corpus_wordtier,gold_diacritized_text,
asc_main_ARA NORM  0422,arabic_sentence_ending_training\data\raw\arabic_speech_corpus\arabic-speech-corpus\wav\ARA NORM  0422.wav,وَالشِّعْرِ الْفَارِسِيِّ أَلْمُتَمَ^ِّلِ فِي شِعْرِ حَافِظٍ أَلشّيرَازِيِّ,arabic_speech_corpus_wordtier,gold_diacritized_text,
asc_main_ARA NORM  0423,arabic_sentence_ending_training\data\raw\arabic_speech_corpus\arabic-speech-corpus\wav\ARA NORM  0423.wav,وَغَيْرِهَا مِنْ رَوَافِدِ ال^َّقَافَةِ أَلْعَرَبِيَّةِ وَالْإِسْلَامِيَّةِ,arabic_speech_corpus_wordtier,gold_diacritized_text,
asc_main_ARA NORM  0424,arabic_sentence_ending_training\data\raw\arabic_speech_corpus\arabic-speech-corpus\wav\ARA NORM  0424.wav,أَسَّسَ الْإِسْلَامُ نَظْرَتَهُ إِلَى الْإِنْسَانِ عَلَى رَكِيزَةٍ جَوْهَرِيَّةٍ هِيَ فَرَادَةُ الْإِنْسَانِ بَيْنَ مَخْلُوقَاتِ اللَّهِ عَزَّ وَجَلَّ لِكَوْنِهِ ذَاتاً عَارِفَةً وَعَلَّمَ آدَمَ الْأَسْمَاءَ كُلَّهَا,arabic_speech_corpus_wordtier,gold_diacritized_text,
asc_main_ARA NORM  0425,arabic_sentence_ending_training\data\raw\arabic_speech_corpus\arabic-speech-corpus\wav\ARA NORM  0425.wav,وَعَلَى مَوْقِعِهِ الْمُتَمَيِّزِ فِي الْمُعَادَلَةِ الْكَوْنِيَّةِ وَإِذْ قَالَ رَبُّكَ لِلْمَلَائِكَةِ إِنِّي جَاعِلٌ فِي الْأَرْضِ خَلِيفَةً,arabic_speech_corpus_wordtier,gold_diacritized_text,
asc_main_ARA NORM  0426,arabic_sentence_ending_training\data\raw\arabic_speech_corpus\arabic-speech-corpus\wav\ARA NORM  0426.wav,وَرَبْطِهِ قِيمَةَ الْفَرْدِ بِالْعَمَلِ الَّذِي يَقُومُ بِهِ لَا بِشَيْءٍ آخِرَ مِنْ لَوْنٍ أَوْ عِرْقٍ أَوْ جِنْسٍ إِنَّ أَكْرَمَكُمْ عِنْدَ اللَّهِ أَتْقَاكُمْ ^َالِ^اً,arabic_speech_corpus_wordtier,gold_diacritized_text,
asc_main_ARA NORM  0427,arabic_sentence_ending_training\data\raw\arabic_speech_corpus\arabic-speech-corpus\wav\ARA NORM  0427.wav,وَبَدَأَ يَجْذِبُ اهْتِمَامَ الْأَكَادِيميِّينَ وَالْمُتَخَصِّصِينَ فِي الطِّبِّ,arabic_speech_corpus_wordtier,gold_diacritized_text,
asc_main_ARA NORM  0428,arabic_sentence_ending_training\data\raw\arabic_speech_corpus\arabic-speech-corpus\wav\ARA NORM  0428.wav,وَحَقَّقَ نَجَاحَاتٍ كَبِيرَةً خُصُوصاً فِي عِلَاجِ الْأَمْرَاضِ الْمُزْمِنَةِ,arabic_speech_corpus_wordtier,gold_diacritized_text,
asc_main_ARA NORM  0429,arabic_sentence_ending_training\data\raw\arabic_speech_corpus\arabic-speech-corpus\wav\ARA NORM  0429.wav,عَنْ طَرِيقِ وَسَائِلَ مِ^ْلَ أَلْحِجَامَةِ وَالْعِلَاجِ بِالْأَعْشَابِ أَوِ الْوَخْزِ بِالْإِبَرِ,arabic_speech_corpus_wordtier,gold_diacritized_text,
asc_main_ARA NORM  0430,arabic_sentence_ending_training\data\raw\arabic_speech_corpus\arabic-speech-corpus\wav\ARA NORM  0430.wav,هَلْ تَرَى فِي الطِّبِّ الشَّعْبِيِّ مَدْخَلاً عِلْمِيّاً جَدِيداً وَحَقِيقَةً يُمْكِنُ إِ^ْبَاتُهَا مِنْ مَنْظُورٍ عِلْمِيٍّ أَمْ أَنَّهُ أَقْرَبُ إِلَى الدَّجَلِ فِي ظِلِّ غِيَابِ الضَّوَابِطِ وَالْقَوَانِينِ الَّتِي تُؤَطِّرُهُ هَلْ هُوَ حَقِيقَةٌ يُمْكِنُ الإِعْتِمَادُ عَلَيْهَا فِي عِلَاجِ الْأَمْرَاضِ أَمْ أَنَّهُ مُجَرَّدُ وَسِيلَةٍ لِلتَّرَبُّحِ السَّرِيعِ عَبْرَ بَ^ِّ الْخُرَافَاتِ,arabic_speech_corpus_wordtier,gold_diacritized_text,
asc_main_ARA NORM  0431,arabic_sentence_ending_training\data\raw\arabic_speech_corpus\arabic-speech-corpus\wav\ARA NORM  0431.wav,وَيُصَوِّرُ حَيَاةَ النَّاسِ حِينَمَا تَجْتَاحُهُمْ مُتَغَيِّرَاتٌ عَدِيدَةٌ وَيَلُفُّهُمْ أَلْإِنْشِغَالُ بِالْمُسْتَقْبَلِ وَالْخُصُوصِيَّةِ فَيُدْفَنُ التَّارِيخُ وَيَبْقَى رَهْناً لِلذِّكْرَيَاتِ,arabic_speech_corpus_wordtier,gold_diacritized_text,
asc_main_ARA NORM  0432,arabic_sentence_ending_training\data\raw\arabic_speech_corpus\arabic-speech-corpus\wav\ARA NORM  0432.wav,يَعْقِدُ الْمَبْعُو^ُ الْأَمِرِكِيُّ مَارْتِنْ إِنْدِيكْ إِجْتِمَاعَاتٍ هَذِهِ الْأَيَّامْ مَعَ الْمُفَاوِضِينَ الْفِلَسْطِينِيِّينَ وَالْإِسْرِائِيلِيِّينَ فِي مُحَاوَلَةٍ لِإِنْقَاذِ الْمُفَاوَضَاتِ,arabic_speech_corpus_wordtier,gold_diacritized_text,
asc_main_ARA NORM  0433,arabic_sentence_ending_training\data\raw\arabic_speech_corpus\arabic-speech-corpus\wav\ARA NORM  0433.wav,عَلَى رَأْسِهَا كُرَتَا أَلْقَدَمِ وَالْيَدِ وَبْعْضُ الْأَلْعَابِ الْفَرْدِيَّةِ,arabic_speech_corpus_wordtier,gold_diacritized_text,
asc_main_ARA NORM  0434,arabic_sentence_ending_training\data\raw\arabic_speech_corpus\arabic-speech-corpus\wav\ARA NORM  0434.wav,وَالْارْتِقَاءِ إِلَى دَرَجَاتِ التَّصْنِيفِ الْمُعْتَمَدِ مِنْ قِبَلِ الْإِتِّحَادِ الدَّوْلِيِّ لِلْفُرُوسِيَّةِ,arabic_speech_corpus_wordtier,gold_diacritized_text,
asc_main_ARA NORM  0435,arabic_sentence_ending_training\data\raw\arabic_speech_corpus\arabic-speech-corpus\wav\ARA NORM  0435.wav,وَتَمْتَلِكُ الْبِلَادُ ^َرَوَاتٍ طَبِيعِيَّةً كَبِيرَةً مِنْ مَصَادِرِ الْمِيَاهِ سَاعَدَتْهَا فِي تَصْدِيرِ الْكَهْرَبَاءِ,arabic_speech_corpus_wordtier,gold_diacritized_text,
asc_main_ARA NORM  0436,arabic_sentence_ending_training\data\raw\arabic_speech_corpus\arabic-speech-corpus\wav\ARA NORM  0436.wav,وَتُضَافُ إِلَى ذَلِكَ مَنَاجِمُ الْفَحْمِ وَصِنَاعَةُ الْأَخْشَابِ وَالْأَلومِنْيومْ,arabic_speech_corpus_wordtier,gold_diacritized_text,
asc_main_ARA NORM  0437,arabic_sentence_ending_training\data\raw\arabic_speech_corpus\arabic-speech-corpus\wav\ARA NORM  0437.wav,قَادَ الْفَرَنْسِيُّ كَرِيمُ بِنْزِيمَة فَرِيقَهُ رِيَال مَدْرِيد إِلى فَوْزٍ ^َمِينٍ عِنْدَمَا سَجَّلَ هَدَفَ الْمُبَارَاةِ الْوَحِيدَ في الدَّقِيقَةِ ال^َّامِنَةَ عَشْرَةَ في مَرْمَى بايْرِنْ مْيونِخْ حَامِلِ اللَّقَبِ فِي ذَهَابِ نِصْفِ نِهَائِيِّ دَوْرِيِّ أَبْطَالِ أُورُوبَّا,arabic_speech_corpus_wordtier,gold_diacritized_text,
asc_main_ARA NORM  0438,arabic_sentence_ending_training\data\raw\arabic_speech_corpus\arabic-speech-corpus\wav\ARA NORM  0438.wav,مُدَرِّبُ الْبايْرِنْ لِإِشْرَاكِ ظَهِيرِهِ وَقَائِدِ الْفَرِيقِ فِيلِيب لامْ فِي وَسَطِ الْمَلْعَبِ مِنْ أَجْلِ الْحَدِّ مِنْ تَحَرُّكَاتِ رُونَالْدُو,arabic_speech_corpus_wordtier,gold_diacritized_text,
asc_main_ARA NORM  0439,arabic_sentence_ending_training\data\raw\arabic_speech_corpus\arabic-speech-corpus\wav\ARA NORM  0439.wav,وَكَشَفَ مَصْدَرٌ مُقَرَّبٌ مِنَ النَّادِي أَنَّ شَرِكَةَ الْمَحْرُوقَاتِ الْحُكُومِيَّةَ قَرَّرَتْ مَنْحَ كُلَّ لاعِبٍ خَمْسَةَ عَشَرَ أَلْفَ يُورُو,arabic_speech_corpus_wordtier,gold_diacritized_text,
asc_main_ARA NORM  0440,arabic_sentence_ending_training\data\raw\arabic_speech_corpus\arabic-speech-corpus\wav\ARA NORM  0440.wav,دَعَتِ الْحُكُومَةُ الْبَرَازِيلِيَّةُ الدُّوَلَ الْمُشَارِكَةَ فِي مُونْديَالِ الْبَرَازِيلَ أَلَّذِي يَنْطَلِقُ بَعْدَ نَحْوِ شَهْرَيْنِ لِإِرْسَالِ قُوَّاتٍ خَاصَّةٍ لِحِمَايَةِ مُشَجِّعِي مُنْتَخَبَاتِهَا,arabic_speech_corpus_wordtier,gold_diacritized_text,
asc_main_ARA NORM  0441,arabic_sentence_ending_training\data\raw\arabic_speech_corpus\arabic-speech-corpus\wav\ARA NORM  0441.wav,بَيْنَمَا تَزَايَدَتْ نِسْبَةُ الْمُعَارِضِينَ الْبَرَازِيلِيِّينَ لِإِقَامَةِ كَأْسِ الْعَالَمِ فِي الْبِلَادِ,arabic_speech_corpus_wordtier,gold_diacritized_text,
asc_main_ARA NORM  0442,arabic_sentence_ending_training\data\raw\arabic_speech_corpus\arabic-speech-corpus\wav\ARA NORM  0442.wav,وَأَكَّدَتْ وَزَارَةُ الْعَدْلِ أَنَّهُ لَنْ يُسْمَحَ لِلْقُوَّاتِ الْأَجْنَبِيَّةِ بِحَمْلِ أَسْلِحَةٍ أَوِ الْقِيَامِ بِاعْتِقَالَاتٍ,arabic_speech_corpus_wordtier,gold_diacritized_text,
asc_main_ARA NORM  0443,arabic_sentence_ending_training\data\raw\arabic_speech_corpus\arabic-speech-corpus\wav\ARA NORM  0443.wav,تَنْظِيمَ نَشْرِ هَذِهِ الْقُوَّاتِ فِي الْمُدُنِ الَّتِي تَسْتَضِيفُ مُبَارَيَاتِ فِرَقِهَا وَفِي أَمَاكِنِ إِقَامَةِ الْبَعَ^َاتِ,arabic_speech_corpus_wordtier,gold_diacritized_text,
asc_main_ARA NORM  0444,arabic_sentence_ending_training\data\raw\arabic_speech_corpus\arabic-speech-corpus\wav\ARA NORM  0444.wav,حَيْ^ُ أَوْقَعَتْهَا فِي مَجْمُوعَاتٍ وُصِفَتْ بِأَنَّها صَعْبَةٌ,arabic_speech_corpus_wordtier,gold_diacritized_text,
asc_main_ARA NORM  0445,arabic_sentence_ending_training\data\raw\arabic_speech_corpus\arabic-speech-corpus\wav\ARA NORM  0445.wav,وَاشْتَبَهَتِ السُّلُطَاتُ الْجُمْرُكِيَّةُ بِمَدِينَةِ شْتوتْغارْتْ فِي أَنَّهَا مُهَرَّبَةٌ فَضَبَطَتْهَا وَصَادَرَتْهَا عَامَ أَلْفَيْنِ وَتِسْعَةَ أَ^ْنَاءَ مُحَاوَلَةِ تَهْرِيبِهَا إِلَى بَلْجِيكَا,arabic_speech_corpus_wordtier,gold_diacritized_text,
asc_main_ARA NORM  0446,arabic_sentence_ending_training\data\raw\arabic_speech_corpus\arabic-speech-corpus\wav\ARA NORM  0446.wav,وَكَانَتْ وِزَارَةُ الصِّحَّةِ قَدْ أَعْلَنَتْ نِيَتَهَا تَطْبِيقَ نِظَامٍ لِلرَّصْدِ الْوَبَائِيِّ وَمُرَاقَبَةِ الْقَادِمِينَ لِأَدَاءِ مَنَاسِكِ الْعُمْرَةِ وَالْحَجِّ عَبْرَ الْمَنَافِذِ الْحُدُودِيَّةِ,arabic_speech_corpus_wordtier,gold_diacritized_text,
asc_main_ARA NORM  0447,arabic_sentence_ending_training\data\raw\arabic_speech_corpus\arabic-speech-corpus\wav\ARA NORM  0447.wav,وَأَصْبَحَ يَقْضِي يَوْمَهُ بَيْنَ الْعَمَلِ الْمُجْهِدِ وَمُشَاهَدَةِ الْأَفْلَامِ الْهِنْدِيَّةِ وَالْأَكْلِ وَالنَّوْمِ,arabic_speech_corpus_wordtier,gold_diacritized_text,
asc_main_ARA NORM  0448,arabic_sentence_ending_training\data\raw\arabic_speech_corpus\arabic-speech-corpus\wav\ARA NORM  0448.wav,بَعْدَ أَنْ أَصْغَى إِلَى نِدَاءِ الرُّوحِ وَتَسَاؤُلِهَا عَنِ السَّعَادَةِ وَسِرِّ الْوُجُودِ,arabic_speech_corpus_wordtier,gold_diacritized_text,
asc_main_ARA NORM  0449,arabic_sentence_ending_training\data\raw\arabic_speech_corpus\arabic-speech-corpus\wav\ARA NORM  0449.wav,حَيْ^ُ قَرَّرَ دُخُولَ الْإِسْلَامِ,arabic_speech_corpus_wordtier,gold_diacritized_text,
asc_main_ARA NORM  0450,arabic_sentence_ending_training\data\raw\arabic_speech_corpus\arabic-speech-corpus\wav\ARA NORM  0450.wav,وَشَمَلَتْ قَائِمَةُ الْمُهْتَدِينَ الْجُدُدِ مُوَاطِنِينَ مِنْ نَيْجِيرْيَا وَالْكَامِرُون وَفَرَنْسَا وَدُوَلٍ آسْيَوِيَّةٍ,arabic_speech_corpus_wordtier,gold_diacritized_text,
asc_main_ARA NORM  0451,arabic_sentence_ending_training\data\raw\arabic_speech_corpus\arabic-speech-corpus\wav\ARA NORM  0451.wav,يَشْكُو الْعَالَمُ مُنْذُ سَنَوَاتٍ مِنِ ارْتِفَاعِ أَسْعَارِ أَلْغِذَاءِ,arabic_speech_corpus_wordtier,gold_diacritized_text,
asc_main_ARA NORM  0452,arabic_sentence_ending_training\data\raw\arabic_speech_corpus\arabic-speech-corpus\wav\ARA NORM  0452.wav,وَتَزَايُدِ عَدَدِ الْجَوْعَى لِيَتَجَاوَزَ مِلْيَارَ إِنْسَانٍ,arabic_speech_corpus_wordtier,gold_diacritized_text,
asc_main_ARA NORM  0453,arabic_sentence_ending_training\data\raw\arabic_speech_corpus\arabic-speech-corpus\wav\ARA NORM  0453.wav,وَانْتِشَارِ الْمَخَاوِفِ مِنَ الْمُنْتَجَاتِ الزِّرَاعِيَّةِ الْمُسْتَنْبَتَةِ مِنَ الْبُذُورِ الْمُهَجَّنَةِ وِرَا^ِيّاً,arabic_speech_corpus_wordtier,gold_diacritized_text,
asc_main_ARA NORM  0454,arabic_sentence_ending_training\data\raw\arabic_speech_corpus\arabic-speech-corpus\wav\ARA NORM  0454.wav,وَعَلَى التَّوَازُنِ الْبِيئِيِّ,arabic_speech_corpus_wordtier,gold_diacritized_text,
asc_main_ARA NORM  0455,arabic_sentence_ending_training\data\raw\arabic_speech_corpus\arabic-speech-corpus\wav\ARA NORM  0455.wav,لِتَكُونَ أَكْ^َرَ الْعُرُوضِ جَذْباً لِلجَّمَاهِيرِ ضِمْنَ الْفُنُونِ التُّرَا^ِيَّةِ أَلشَّعْبِيَّةِ فِي الْإِقْلِيمِ,arabic_speech_corpus_wordtier,gold_diacritized_text,
asc_main_ARA NORM  0456,arabic_sentence_ending_training\data\raw\arabic_speech_corpus\arabic-speech-corpus\wav\ARA NORM  0456.wav,وَهِيَ تَحْضُرُ بِمُخْتَلِفِ الْمُنَاسَبَاتِ وَالْفَعَالِيَّاتِ لِتُبْرِزَ ذَلِكَ التَّوَهُّجَ فِي الذَّاكِرَةِ الْجَمْعِيَّةِ,arabic_speech_corpus_wordtier,gold_diacritized_text,
asc_main_ARA NORM  0457,arabic_sentence_ending_training\data\raw\arabic_speech_corpus\arabic-speech-corpus\wav\ARA NORM  0457.wav,وَتَتَطَلَّبُ أَدَوَاتٍ مُوسِيقِيَّةً شَعْبِيَّةً تَجْعَلُهَا أَكْ^َرَ إِ^َارَةً,arabic_speech_corpus_wordtier,gold_diacritized_text,
asc_main_ARA NORM  0458,arabic_sentence_ending_training\data\raw\arabic_speech_corpus\arabic-speech-corpus\wav\ARA NORM  0458.wav,فِي قَاعَةِ مِيدْيَا بِمَدِينَةِ أَرْبِيل تُدَرِّبُ أَرْزو هونَرْ رَئِيسَةُ فِرْقَةِ رُوزَهِلاتْ لِلْفُنُونِ الشَّعْبِيَّةِ فِرْقَتَهَا أَلْمُتَكَوَّنَةَ مِنْ عَشْرَةِ رَاقِصِينَ مِنْ كِلَا الْجِنْسَيْنِ,arabic_speech_corpus_wordtier,gold_diacritized_text,
asc_main_ARA NORM  0459,arabic_sentence_ending_training\data\raw\arabic_speech_corpus\arabic-speech-corpus\wav\ARA NORM  0459.wav,وَقَدْ تَحَدَّ^َتْ لِلْجَزِيرَةِ نِتْ عَنْ كَيْفِيَّةِ اخْتِيَارِ نَوْعِيَّةِ الدَّبْكَةِ فِي الْمُنَاسَبَاتِ الرَّسْمِيَّةِ,arabic_speech_corpus_wordtier,gold_diacritized_text,
asc_main_ARA NORM  0460,arabic_sentence_ending_training\data\raw\arabic_speech_corpus\arabic-speech-corpus\wav\ARA NORM  0460.wav,ال^َّلاسِيمْيَا مَرَضٌ جِينِيٌّ يَنْتَقِلُ مِنَ الْوَالِدَيْنِ,arabic_speech_corpus_wordtier,gold_diacritized_text,
asc_main_ARA NORM  0461,arabic_sentence_ending_training\data\raw\arabic_speech_corpus\arabic-speech-corpus\wav\ARA NORM  0461.wav,وَيُعْرَفُ أَيْضاً بِاسْمِ فَقْرِ دَمِ كولِي,arabic_speech_corpus_wordtier,gold_diacritized_text,
asc_main_ARA NORM  0462,arabic_sentence_ending_training\data\raw\arabic_speech_corpus\arabic-speech-corpus\wav\ARA NORM  0462.wav,إِذْ كَانَ يُعْتَقَدُ فِي السَّابِقِ أَنَّ هَذَا الْمَرَضَ يَقْتَصِرُ عَلى سُكَّانِ حَوْضِ الْبَحْرِ الْمُتَوَسِّطِ,arabic_speech_corpus_wordtier,gold_diacritized_text,
asc_main_ARA NORM  0463,arabic_sentence_ending_training\data\raw\arabic_speech_corpus\arabic-speech-corpus\wav\ARA NORM  0463.wav,مِنَ الْمُقَرَّرِ أَنْ تُنَظَّمَ انْتِخَابَاتٌ رِئَاسِيَّةٌ فِي سُورِيَا فِي ال^َّالِ^ِ مِنْ يونْيُو حزِيرَان الْقَادِمْ,arabic_speech_corpus_wordtier,gold_diacritized_text,
asc_main_ARA NORM  0464,arabic_sentence_ending_training\data\raw\arabic_speech_corpus\arabic-speech-corpus\wav\ARA NORM  0464.wav,مُسَبِّباً حَتَّى الْآن أَكْ^َرَ مِنْ مِئَةٍ وَخَمْسِينَ أَلْفَ قَتِيلٍ حَسَبَ الْمَرْصَدِ السُّورِيِّ لِحُقُوقِ الْإِنْسَانِ,arabic_speech_corpus_wordtier,gold_diacritized_text,
asc_main_ARA NORM  0465,arabic_sentence_ending_training\data\raw\arabic_speech_corpus\arabic-speech-corpus\wav\ARA NORM  0465.wav,وحَوَالَي ^َلا^َةِ مَلَايِينَ لَاجِئٍ حَسَبَ مُفَوَّضِيَّةِ الْأُمَمِ الْمُتَّحِدَةِ لِشُؤُونِ اللَّاجِئِينَ,arabic_speech_corpus_wordtier,gold_diacritized_text,
asc_main_ARA NORM  0466,arabic_sentence_ending_training\data\raw\arabic_speech_corpus\arabic-speech-corpus\wav\ARA NORM  0466.wav,أَ^َارَ اسْتِخْدَامُ الْأَخْبَارِ الْمَدْفُوعَةِ الْأَجْرِ فِي الدِّعَايَةِ الْإِنْتِخَابِيَّةِ سُخْطَ الرَّأْيِ الْعَامِّ الْهِنْدِيِّ بَعْدَ ^ُبُوتِ تَوَرُّطِ عَشَرَاتِ الْمُرَشَّحِينَ مِنْ مُخْتَلَفِ الْأَحْزَابِ السِّيَاسِيَّةِ فِي الْعَمَلِ عَلَى تَوْظِيفِ الْأَخْبَارِ لِتَغْيِيرِ اقْتِنَاعَاتِ النَّاخِبِينَ,arabic_speech_corpus_wordtier,gold_diacritized_text,
asc_main_ARA NORM  0467,arabic_sentence_ending_training\data\raw\arabic_speech_corpus\arabic-speech-corpus\wav\ARA NORM  0467.wav,وَبَلَغَتْ نِسْبَةُ الْبِطَالَةِ فِي أَوْسَاطِ الشَّبَابِ الْبَالِغِينَ مِنَ الْعُمْرِ مَا بَيْنَ خَمْسَ عَشْرَةٍ وَأَرْبَعٍ وَعِشْرينَ سَنَةً عِشْرينَ فَاصِلَة إِ^ْنَيْنِ بِالْمِئَةِ بَدَلاً مِنْ تِسْعَ عَشْرَةَ فَاصِلَة خَمْسَةً بِالْمِئَةِ,arabic_speech_corpus_wordtier,gold_diacritized_text,
asc_main_ARA NORM  0468,arabic_sentence_ending_training\data\raw\arabic_speech_corpus\arabic-speech-corpus\wav\ARA NORM  0468.wav,وَأَحْرَزَ مَسْرَحِي أَلْمَرْكَزَ السْ^انِي فِي أَرْبَعٍ وَأَرْبَعِينَ ^َانِيَةً وسَبْعَةٍ وسَبْعِينَ جُزْءً مِنَ الْمِئَةِ خَلْفَ الْأَمِرِكِيّْ لاشُون ميريتْ أَلَّذِي سَجَّلَ أَرْبَعاً وَأَرْبَعينَ ^َانِيَةً وأَربَعاً وأَرْبَعينَ جُزْءً مِنَ الْمِئَةِ وَأَمامَ التِّشِيكِيِّ بَافِل مَاشْلَاك أَرْبَعاً وَأَرْبَعينَ ^َانِيَةً وتِسْعَةً وسَبْعِينَ جُزْءً مِنَ الْمِئَةِ,arabic_speech_corpus_wordtier,gold_diacritized_text,
asc_main_ARA NORM  0469,arabic_sentence_ending_training\data\raw\arabic_speech_corpus\arabic-speech-corpus\wav\ARA NORM  0469.wav,أُولِمْبيَادِ لَنَدَنَ أَلْفَيْنِ وَإِ^ْناعَشَرْ بِالْمَرْكَزِ الْأَوَّلِ فِي الْوَ^ْبِ مِتْرَيْنِ فاصِلَة أَرْبَعينَ,arabic_speech_corpus_wordtier,gold_diacritized_text,
asc_main_ARA NORM  0470,arabic_sentence_ending_training\data\raw\arabic_speech_corpus\arabic-speech-corpus\wav\ARA NORM  0470.wav,أَكَّدَتْ أَدِلَّةٌ حَدِي^َةٌ أَنَّ الْكُوَيْكِبَ أَلَّذِي اصْطَدَمَ بِالْأَرْضِ وَتَسَبَّبَ فِي انْقِرَاضِ الدّينَاصُورَاتِ قَبْلَ نَحْوِ سِتَّةٍ وَسِتّينَ مِلْيُونَ عَامٍ قَدْ تَسَبَّبَ كَذَلِكَ فِي حُدُو^ِ شِتَاءٍ عَالَمِيٍّ قَاتِلٍ إِسْتَمَرَّ نَحْوَ قَرْنٍ مِنَ الزَّمَنِ,arabic_speech_corpus_wordtier,gold_diacritized_text,
asc_main_ARA NORM  0471,arabic_sentence_ending_training\data\raw\arabic_speech_corpus\arabic-speech-corpus\wav\ARA NORM  0471.wav,حِينَ طُرِدَ أَكْ^َرُ مِنْ سَبْعِ مِئَةٍ وَخَمْسِينَ أَلْفَ فِلَسْطِينِيٍّ مِنْ أَرْضِهِمْ لَتُقَامَ عَلَيْهَا دَوْلَةُ إِسْرَائِيلَ,arabic_speech_corpus_wordtier,gold_diacritized_text,
asc_main_ARA NORM  0472,arabic_sentence_ending_training\data\raw\arabic_speech_corpus\arabic-speech-corpus\wav\ARA NORM  0472.wav,بِسَبَبِ الْإِنْقِسَامَاتِ الْعَمِيقَةِ حَوْلَ الْأَزْمَةِ السُّورِيَّةِ وَسِلَاحِ حِزْبُ الله,arabic_speech_corpus_wordtier,gold_diacritized_text,
asc_main_ARA NORM  0473,arabic_sentence_ending_training\data\raw\arabic_speech_corpus\arabic-speech-corpus\wav\ARA NORM  0473.wav,وَأَعْلَنَ رَئِيسُ الْبَرْلَمَانِ نَبِيه بَرِّي إِرْجَاءَ جَلْسَةِ الْإِنْتِخَابِ إِلَى الْأَرْبِعَاءِ الْمُقْبِلِ,arabic_speech_corpus_wordtier,gold_diacritized_text,
asc_main_ARA NORM  0474,arabic_sentence_ending_training\data\raw\arabic_speech_corpus\arabic-speech-corpus\wav\ARA NORM  0474.wav,أَعْلَنَ نَادِي بَرْشَلُونَةَ الْيَوْمَ قُبَيْلَ مَوْقِعَتِهِ الْحَاسِمَةِ مَعْ ضَيْفِهِ أَتْلِيتِكُو مَدْرِيد غَداً فِي الْمَرْحَلَةِ الْخِتَامِيَّةِ مِنَ الدَّوْرِيِّ الْإِسْبَانِيِّ تَوَصُّلَهُ إِلَى اتِّفَاقٍ مَعْ نَجْمِهِ الْأَرْجَنْتِينِيِّ لِيُونِيل مِسِّي مِنْ أَجْلِ تَوْقِيعِ عَقْدٍ جَدِيدٍ سَيَجْعَلُهُ الْأَعْلَى رَاتِباً فِي الْعَالَمِ,arabic_speech_corpus_wordtier,gold_diacritized_text,
asc_main_ARA NORM  0475,arabic_sentence_ending_training\data\raw\arabic_speech_corpus\arabic-speech-corpus\wav\ARA NORM  0475.wav,مِمَّا يُشِيرُ إِلَى تَنَاقُضٍ وَاضِحٍ مَعَ تَوَجُّهَاتِ الرَّئِيسِ أَلْمُعْلَنَةِ بِإِصْلَاحٍ شَامِلٍ لِقَوَانِينِ الْهِجْرَةِ,arabic_speech_corpus_wordtier,gold_diacritized_text,
asc_main_ARA NORM  0476,arabic_sentence_ending_training\data\raw\arabic_speech_corpus\arabic-speech-corpus\wav\ARA NORM  0476.wav,وَحَلَّتْ مُوَاطِنَتُهَا سَلِيمَةُ الْوَالِي ^َانِيَةً بِسِبَاقِ ال^َّلا^َةَ أَلْفِ مِتْرٍ فِي لِقَاءِ بِكِينَ الدَّوْلِيِّ لِأَلْعَابِ الْقِوَى,arabic_speech_corpus_wordtier,gold_diacritized_text,
asc_main_ARA NORM  0477,arabic_sentence_ending_training\data\raw\arabic_speech_corpus\arabic-speech-corpus\wav\ARA NORM  0477.wav,وَاحْتَلَّتِ الْعَدَّاءَاتُ أَلْجَامَايْكِيَّاتُ أَلْمَرَاكِزَ ال^َّلَا^َةَ الْأُولَى فِي سِبَاقِ الْمِئَةِ مِتْرٍ,arabic_speech_corpus_wordtier,gold_diacritized_text,
asc_main_ARA NORM  0478,arabic_sentence_ending_training\data\raw\arabic_speech_corpus\arabic-speech-corpus\wav\ARA NORM  0478.wav,حَقَّقَ الْأَمِرِكِيُّ جَاسْتِن غَاتْلِين أَفْضَلَ رَقْمٍ عَالَمِيٍّ لِهَذَا الْمَوْسِمِ فِي سِبَاقِ الْمِئَةِ مِتْرٍ وَسَيْطَرَ الرُّوسِيُّ إِيفَانُ تِيخُوفُ بَطَلُ الْعَالَمِ كَالْعَادَةِ عَلَى الْوَ^ْبِ الْعَالِي,arabic_speech_corpus_wordtier,gold_diacritized_text,
asc_main_ARA NORM  0479,arabic_sentence_ending_training\data\raw\arabic_speech_corpus\arabic-speech-corpus\wav\ARA NORM  0479.wav,مُنِحَت أَلسَّعْفَةُ الذَّهَبِيَّةُ فِي مِهْرَجَانِ كَانْ أَلسِّينَمَائِيِّ أَلدَّوْلِيِّ لِهَذَا الْعَامِ لِلْفِيلْمِ التُّرْكِيِّ سُبَاتٌ شَتْوِيٌّ لِلْمُخْرِجِ نُورِي بَلْجِي غَيلان,arabic_speech_corpus_wordtier,gold_diacritized_text,
asc_main_ARA NORM  0480,arabic_sentence_ending_training\data\raw\arabic_speech_corpus\arabic-speech-corpus\wav\ARA NORM  0480.wav,وَقَالَ غَيْلَانْ إِنَّ الْجَائِزَةَ جَاءَتْ فِي الذِّكْرَى أَلْمِئَوِيَّةِ لِصِنَاعَةِ السِّينَمَا التُّرْكِيَّةِ,arabic_speech_corpus_wordtier,gold_diacritized_text,
asc_main_ARA NORM  0481,arabic_sentence_ending_training\data\raw\arabic_speech_corpus\arabic-speech-corpus\wav\ARA NORM  0481.wav,خَرَجَتْ أَلْجُمُعَةَ في طَرَابلُس وَبَنْغَازِي مُظَاهَرَاتٌ مُعَارِضَةٌ لِلْحَمْلَةِ أَلْعَسْكَرِيَّةِ أَلَّتِي يَقُودُهَا أَلْجَنِرَالُ الْمُنْشَقُّ خَلِيفَة حَفْتَر وَأُخْرَى مُؤَيِّدَةٌ لَهَا,arabic_speech_corpus_wordtier,gold_diacritized_text,
asc_main_ARA NORM  0482,arabic_sentence_ending_training\data\raw\arabic_speech_corpus\arabic-speech-corpus\wav\ARA NORM  0482.wav,وَتَتَبَّعَ فَرِيقٌ مِنَ الْبَاحِ^ِينَ أَلْمِلَفَّ الطِّبِّيَّ لِعَدَدٍ مِنْ مُسْتَعْمِلِي أَلْهَوَاتِفِ الْجَوَّالَةِ لِمَعْرِفَةِ انْعِكَاسَاتِها أَلسَّلْبِيَّةِ عَلَى صِحَّتِهِمْ,arabic_speech_corpus_wordtier,gold_diacritized_text,
asc_main_ARA NORM  0483,arabic_sentence_ending_training\data\raw\arabic_speech_corpus\arabic-speech-corpus\wav\ARA NORM  0483.wav,وَبَدَلاً مِنْ ذَلِكَ يُمْكِنُ الْإِكْتِفَاءُ بِبَعْ^ِ الْرَّسَائِلِ الْقَصِيرَةِ,arabic_speech_corpus_wordtier,gold_diacritized_text,
asc_main_ARA NORM  0484,arabic_sentence_ending_training\data\raw\arabic_speech_corpus\arabic-speech-corpus\wav\ARA NORM  0484.wav,يُلْقِي الْفِيلْمُ الْجَزَائِرِيُّ فَاطِمَة نْسُومر- لِلْمُخْرِجِ بِلْقَاسِم حَجَّاج,arabic_speech_corpus_wordtier,gold_diacritized_text,
asc_main_ARA NORM  0485,arabic_sentence_ending_training\data\raw\arabic_speech_corpus\arabic-speech-corpus\wav\ARA NORM  0485.wav,^ُمَّ انْصَرَفَتْ إِلَى الْعِبَادَةِ وَتَلَقِّي عُلُومِ الدِّينِ مِنْ وَالِدِهَا قَيِّمِ الزَّاوِيَةِ الرَّحْمَانِيَّةِ,arabic_speech_corpus_wordtier,gold_diacritized_text,
asc_main_ARA NORM  0486,arabic_sentence_ending_training\data\raw\arabic_speech_corpus\arabic-speech-corpus\wav\ARA NORM  0486.wav,وَلَمْ تَكُنْ فَاطِمَةُ مُجَرَّدَ امْرَأَةٍ عَادِيَّةٍ فِي ذَلِكَ الْوَقْتِ,arabic_speech_corpus_wordtier,gold_diacritized_text,
asc_main_ARA NORM  0487,arabic_sentence_ending_training\data\raw\arabic_speech_corpus\arabic-speech-corpus\wav\ARA NORM  0487.wav,بَلْ كَانَ لَهَا دَوْرٌ مُهِمٌّ فِي مُحَارَبَةِ الْإِسْتِعْمَارِ الْفَرَنْسِيِّ,arabic_speech_corpus_wordtier,gold_diacritized_text,
asc_main_ARA NORM  0488,arabic_sentence_ending_training\data\raw\arabic_speech_corpus\arabic-speech-corpus\wav\ARA NORM  0488.wav,حَقَّقَ مُنْتَخَبُ فِلَسْطِينْ لِكُرَةِ الْقَدَمِ إِنْجَازاً تَارِيخِيّاً بِتَأَهُّلِهِ لِلْمَرَّةِ الْأُولَى فِي تَارِيخِهِ إِلَى نِهَائِيَّاتِ كَأْسِ أُمَمِ آسْيَا أَلْفَيْنِ وَخَمْسَةَ عَشَرَ أَلَّتِي سَتُقَامُ مَطْلَعَ الْعَامِ الْمُقْبِلِ فِي أُسْترَالْيَا بَعْدَمَا أَحْرَزَ لَقَبَ كَأْسِ التَّحَدِّي بِفَوْزِهِ أَلْيَوْمَ فِي النِّهَائِيِّ عَلَى الْفِلِبِّين وَاحِدٌ مُقَابِلَ صِفْرٍ,arabic_speech_corpus_wordtier,gold_diacritized_text,
asc_main_ARA NORM  0489,arabic_sentence_ending_training\data\raw\arabic_speech_corpus\arabic-speech-corpus\wav\ARA NORM  0489.wav,وَأَصْبَحَ مُنْتَخَبُ فِلَسْطِينَ تَاسِعَ الْمُنْتَخَبَاتِ الْعَرَبِيَّةِ أَلَّتِي تَحْجِزُ مَقْعَداً فِي كَأْسِ أُمَمِ آسْيَا,arabic_speech_corpus_wordtier,gold_diacritized_text,
asc_main_ARA NORM  0490,arabic_sentence_ending_training\data\raw\arabic_speech_corpus\arabic-speech-corpus\wav\ARA NORM  0490.wav,عَكَسَتِ الْإِنْتِخَابَاتُ الرِّئَاسِيَّةُ أَلْمِصْرِيَّةُ عُزُوفاً مَلْحُوظاً مِنَ الْمِصْرِيِّينَ عَنِ الْإِدْلَاءِ بِأَصْوَاتِهِمْ فِيهَا,arabic_speech_corpus_wordtier,gold_diacritized_text,
asc_main_ARA NORM  0491,arabic_sentence_ending_training\data\raw\arabic_speech_corpus\arabic-speech-corpus\wav\ARA NORM  0491.wav,وَبَعْضُها إِلَى الْحِقْبَةِ الْمُعَاصِرَةِ,arabic_speech_corpus_wordtier,gold_diacritized_text,
asc_main_ARA NORM  0492,arabic_sentence_ending_training\data\raw\arabic_speech_corpus\arabic-speech-corpus\wav\ARA NORM  0492.wav,بِالْإِضَافَةِ إِلَى وَ^َائِقَ نَادِرَةٍ وَأَفْلَامٍ وَ^َائِقِيَّةٍ وَمُقْتَطَفَاتٍ صَوْتِيَّةٍ تَرْوِي كُلُّهَا تَارِيخَ وَحَاضِرَ الرُّكْنِ الْخَامِسِ فِي الْإِسْلَامْ,arabic_speech_corpus_wordtier,gold_diacritized_text,
asc_main_ARA NORM  0493,arabic_sentence_ending_training\data\raw\arabic_speech_corpus\arabic-speech-corpus\wav\ARA NORM  0493.wav,وَقَالَتْ إِنَّهَا كَانَت إِنْتِخَابَاتٍ حُرَّةً وَتَعَدُّدِيَّةً وَشَفَّافَةً,arabic_speech_corpus_wordtier,gold_diacritized_text,
asc_main_ARA NORM  0494,arabic_sentence_ending_training\data\raw\arabic_speech_corpus\arabic-speech-corpus\wav\ARA NORM  0494.wav,فِي حِينِ أَكَّدَ اْلْإِئْتِلَافُ الْوَطَنِيُّ لِقُوَى ال^َّوْرَةِ وَالْمُعَارَضَةِ السُّورِيَّةِ أَنَّ مَا جَرَى غَيْرُ شَرْعِيٍّ,arabic_speech_corpus_wordtier,gold_diacritized_text,
asc_main_ARA NORM  0495,arabic_sentence_ending_training\data\raw\arabic_speech_corpus\arabic-speech-corpus\wav\ARA NORM  0495.wav,فَإِنَّ جِهَاتٍ مَسْؤُولَةً تَرَى غَيْرَ مَا يَراهُ مَنْ يُوَجِّهُونَ أَصَابِعَ الْإِتِّهَامِ بِحُجَّةِ التَّقْصِيرِ,arabic_speech_corpus_wordtier,gold_diacritized_text,
asc_main_ARA NORM  0496,arabic_sentence_ending_training\data\raw\arabic_speech_corpus\arabic-speech-corpus\wav\ARA NORM  0496.wav,وَذَلِكَ عَلَى الرَّغْمِ مِنْ سَيْطَرَةِ الصِّبْغَةِ ال^َّقَافِيَّةِ الْكَامِلَةِ عَلَى الْفَعَالِيَّاتِ الْمُصَاحِبَةِ لِلْإِجْتِمَاعِ طَوَالَ فَتْرَةِ انْعِقَادِهِ مِنَ الرَّابِعِ وَالْعِشْرينَ إِلَى السَّابِعِ وَالْعِشْرينَ من نُوفَمْبِرْ تِشْرِينَ ال^َّانِي أَلْجَارِي,arabic_speech_corpus_wordtier,gold_diacritized_text,
asc_main_ARA NORM  0497,arabic_sentence_ending_training\data\raw\arabic_speech_corpus\arabic-speech-corpus\wav\ARA NORM  0497.wav,أَلَّتِي كَشَفَ مَضْمُونُهَا عَنْ تَخَوُّفِ الْمُبْدِعِينَ وَالْكُتَّابِ الْعَرَبِ مِنَ التَّأْ^ِيرِ السَّلْبِيِّ لِتِلْكَ التَّحَوُّلَاتِ عَلَى مَسِيرَةِ الْإِبْدَاعِ الْأَدَبِيِّ وَالْفِكْرِيِّ بِالْمَنْطِقَةِ,arabic_speech_corpus_wordtier,gold_diacritized_text,
asc_main_ARA NORM  0498,arabic_sentence_ending_training\data\raw\arabic_speech_corpus\arabic-speech-corpus\wav\ARA NORM  0498.wav,حَيْ^ُ كَانَ الْقِنَاعُ الْأَفْرِيقِيُّ أَحَدَ مَصَادِرِ إِلْهَامِ أَلرَّسَّامِ الشَّهِيرِ بابلو بِيكَاسُو,arabic_speech_corpus_wordtier,gold_diacritized_text,
asc_main_ARA NORM  0499,arabic_sentence_ending_training\data\raw\arabic_speech_corpus\arabic-speech-corpus\wav\ARA NORM  0499.wav,وَيَحْظَى فَنُّ النَّحْتِ بِاهْتِمَامٍ وَاسِعٍ مِنْ قِبَلِ السَّنِغَاليِّينَ,arabic_speech_corpus_wordtier,gold_diacritized_text,
asc_main_ARA NORM  0500,arabic_sentence_ending_training\data\raw\arabic_speech_corpus\arabic-speech-corpus\wav\ARA NORM  0500.wav,وَيَرَى النَّحَّاتُ مَالِك إِمْبَاي أَنَّ النَّحْتَ ارْتَبَطَ فِي ال^َّقَافَاتِ أَلْأَفْرِيقِيَّةِ أَلْقَدِيمَةِ بِبَعْضِ الْمُعْتَقَدَاتِ أَلْوَ^َنِيَّةِ وَالسِّحْرِ,arabic_speech_corpus_wordtier,gold_diacritized_text,
asc_main_ARA NORM  0501,arabic_sentence_ending_training\data\raw\arabic_speech_corpus\arabic-speech-corpus\wav\ARA NORM  0501.wav,فُصُولٌ مِنَ الْمُعَانَاةِ رَوَاهَا لِلْجَزِيرَةِ نَتْ بَعْضُ أَعْضَاءِ الْجَالِيَاتِ الْعَرَبِيَّةِ فِي الصِّينِ,arabic_speech_corpus_wordtier,gold_diacritized_text,
asc_main_ARA NORM  0502,arabic_sentence_ending_training\data\raw\arabic_speech_corpus\arabic-speech-corpus\wav\ARA NORM  0502.wav,أَ^ْنَاءَ تَخْلِيدِ بِعْ^َةِ جَامِعَةِ الدُّوَلِ الْعَرَبِيَّةِ بِالصِّينِ لِيَوْمِ الْمُغْتَرِبِ الْعَرَبِيِّ,arabic_speech_corpus_wordtier,gold_diacritized_text,
asc_main_ARA NORM  0503,arabic_sentence_ending_training\data\raw\arabic_speech_corpus\arabic-speech-corpus\wav\ARA NORM  0503.wav,وَأَصْبَحَتْ بِجُهُودِهِمْ وَاحِدَةً مِنْ أَكْبَرِ الْأَسْوَاقِ التِّجَارِيَّةِ أَلدَّائِمَةِ فِي الْعَالَمْ,arabic_speech_corpus_wordtier,gold_diacritized_text,
asc_main_ARA NORM  0504,arabic_sentence_ending_training\data\raw\arabic_speech_corpus\arabic-speech-corpus\wav\ARA NORM  0504.wav,لَكِنَّهُمْ كُوفِئُوا بِفَرْضِ قَوَانِينَ جَائِرَةٍ لِلتَّضْيِيقِ عَلَيْنَا وَإِجْبَارِنَا عَلَى الْمُغَادَرَةِ,arabic_speech_corpus_wordtier,gold_diacritized_text,
asc_main_ARA NORM  0505,arabic_sentence_ending_training\data\raw\arabic_speech_corpus\arabic-speech-corpus\wav\ARA NORM  0505.wav,وَمِنْ أَمْ^ِلَةِ هَذَا التَّضْيِيقِ,arabic_speech_corpus_wordtier,gold_diacritized_text,
asc_main_ARA NORM  0506,arabic_sentence_ending_training\data\raw\arabic_speech_corpus\arabic-speech-corpus\wav\ARA NORM  0506.wav,إِلْزَامُ الْمُغْتَرِبِينَ بِدَفْعِ ضَرَائِبَ بِأَ^َرٍ رَجْعِيٍّ يَعُودُ إِلَى عِدَّةِ سَنَوَاتٍ,arabic_speech_corpus_wordtier,gold_diacritized_text,
asc_main_ARA NORM  0507,arabic_sentence_ending_training\data\raw\arabic_speech_corpus\arabic-speech-corpus\wav\ARA NORM  0507.wav,وَمَنْحُ تَأْشِيرَةِ إِقَامَةٍ لِشَخْصٍ وَاحِدٍ فَقَطْ مِنْ ذَوِي الْمُقِيمِ,arabic_speech_corpus_wordtier,gold_diacritized_text,
asc_main_ARA NORM  0508,arabic_sentence_ending_training\data\raw\arabic_speech_corpus\arabic-speech-corpus\wav\ARA NORM  0508.wav,وَرَفْضُ التَّرْخِيصِ لِلْمَدَارِسِ الْعَرَبِيَّةِ أَوْ لِلْمَسَاجِدِ وَحَظْرُ السُّلُطَاتِ دَفْنَ الْمَوْتَى الْعَرَبِ فِي الْمَدِينَةِ,arabic_speech_corpus_wordtier,gold_diacritized_text,
asc_main_ARA NORM  0509,arabic_sentence_ending_training\data\raw\arabic_speech_corpus\arabic-speech-corpus\wav\ARA NORM  0509.wav,وَفَرْضُهَا إِرْسَالَ النَّعْشِ إِلَى بَلَدِ الْمُتَوَفَّى,arabic_speech_corpus_wordtier,gold_diacritized_text,
asc_main_ARA NORM  0510,arabic_sentence_ending_training\data\raw\arabic_speech_corpus\arabic-speech-corpus\wav\ARA NORM  0510.wav,لَكِنَّهَا أَفْقَدَتِ الْأُسْرَةَ دِفْءَ الْحَمِيمِيَّةِ وَالْحِوَارِ,arabic_speech_corpus_wordtier,gold_diacritized_text,
asc_main_ARA NORM  0511,arabic_sentence_ending_training\data\raw\arabic_speech_corpus\arabic-speech-corpus\wav\ARA NORM  0511.wav,وَأَخْفَتِ الشَّعُورَ بِالْغُرْبَةِ,arabic_speech_corpus_wordtier,gold_diacritized_text,
asc_main_ARA NORM  0512,arabic_sentence_ending_training\data\raw\arabic_speech_corpus\arabic-speech-corpus\wav\ARA NORM  0512.wav,وَهُوَ يُعَدُّ تُحْفَةً فَنِّيَّةً وَضَعَهَا عَامَ أَلْفٍ وَتِسْعِ مِئَةٍ وَأَرْبَعَةَ أَلرَّحَّالَةُ وَمُهَنْدِسُ التَّعْدِينِ كالْفْرِتْ أَلَّذِي فُتِنَ بِإِسْبَانْيَا فَأَلَّفَ عَنْهَا وَعَنْ فُنُونِهَا سِتَّةً وَ^َلا^ينَ كِتَاباً,arabic_speech_corpus_wordtier,gold_diacritized_text,
asc_main_ARA NORM  0513,arabic_sentence_ending_training\data\raw\arabic_speech_corpus\arabic-speech-corpus\wav\ARA NORM  0513.wav,أَصْدَرَتْ مَحْكَمَةُ جِنَايَاتِ الْقَاهِرَةِ قَرَاراً بِتَجْدِيدِ حَبْسِ مُرَاسِلِ الْجَزِيرَةِ أَلْإِخْبَارِيَّةِ عَبْدُ اللهِ الشَّامِي خَمْسَةً وَأَرْبْعِينَ يوماً,arabic_speech_corpus_wordtier,gold_diacritized_text,
asc_main_ARA NORM  0514,arabic_sentence_ending_training\data\raw\arabic_speech_corpus\arabic-speech-corpus\wav\ARA NORM  0514.wav,وَلَمْ تُوَجَّهْ لِلشَّامِي أَلْمُضْرِبِ عَنِ الطَّعَامِ لِأَكْ^َرَ مِنْ مِئَةٍ وَأَرْبَعَةٍ وَ^َلَا^ِينَ يَوْماً أَّيُّ تُهْمَةٍ,arabic_speech_corpus_wordtier,gold_diacritized_text,
asc_main_ARA NORM  0515,arabic_sentence_ending_training\data\raw\arabic_speech_corpus\arabic-speech-corpus\wav\ARA NORM  0515.wav,أَفَادَتْ دِرَاسَةٌ جَدِيدَةٌ بِأَنَّ الصِّيَامَ لِمُدَّةٍ أَقَلَّ مِنْ ^َلا^َةِ أَيَّامٍ يُمْكِنُ أَنْ يُجَدِّدَ نَشَاطَ الْجِهَازِ الْمَنَاعِيِّ بِأَكْمَلِهِ حَتَّى فِي كِبَارِ السِّنِّ,arabic_speech_corpus_wordtier,gold_diacritized_text,
asc_main_ARA NORM  0516,arabic_sentence_ending_training\data\raw\arabic_speech_corpus\arabic-speech-corpus\wav\ARA NORM  0516.wav,وَأَشَارَتِ الدِّرَاسَةُ إِلَى أَنَّ تَجْوِيعَ الْجِسْمِ يُحَفِّزُ الْخَلَايَا الْجِذْعِيَّةَ عَلَى تَجْدِيدِ خَلَايَا الدَّمِ الْبَيْضَاءِ أَلْمُقَاوِمَةِ لِلْعَدْوَى,arabic_speech_corpus_wordtier,gold_diacritized_text,
asc_main_ARA NORM  0517,arabic_sentence_ending_training\data\raw\arabic_speech_corpus\arabic-speech-corpus\wav\ARA NORM  0517.wav,مِمَّا يَزِيدُ صُعُوبَةَ مُقَاوَمَتِهِمْ لِلْأَمْرَاضِ الشَّائِعَةِ,arabic_speech_corpus_wordtier,gold_diacritized_text,
asc_main_ARA NORM  0518,arabic_sentence_ending_training\data\raw\arabic_speech_corpus\arabic-speech-corpus\wav\ARA NORM  0518.wav,بَدَأَتْ عَمَلِيَّةُ فَرْزِ الْأَصْوَاتِ فِي جَوْلَةِ الْإِعَادَةِ لِلْإِنْتِخَابَاتِ الرِّئَاسِيَّةِ الَّتِي جَرَتْ أَلسَّبْتَ فِي أَفْغَانِسْتَان وَسَطَ مُشَارَكَةٍ ضَعِيفَةٍ,arabic_speech_corpus_wordtier,gold_diacritized_text,
asc_main_ARA NORM  0519,arabic_sentence_ending_training\data\raw\arabic_speech_corpus\arabic-speech-corpus\wav\ARA NORM  0519.wav,وَرَحَّبَتْ وَاشِنْطُن بِإِجْرَاءِ هَذِهِ الْإِنْتِخَابَاتِ,arabic_speech_corpus_wordtier,gold_diacritized_text,
asc_main_ARA NORM  0520,arabic_sentence_ending_training\data\raw\arabic_speech_corpus\arabic-speech-corpus\wav\ARA NORM  0520.wav,وَعَدَّتْهَا خُطْوَةً مُهِمَّةً لِلدِّيمُقْرَاطِيَّةِ فِي الْبِلَادِ,arabic_speech_corpus_wordtier,gold_diacritized_text,
asc_main_ARA NORM  0521,arabic_sentence_ending_training\data\raw\arabic_speech_corpus\arabic-speech-corpus\wav\ARA NORM  0521.wav,فِي عُيُونِهِنَّ عُنْوَانُ مَعْرِضِ صُوَرٍ فُوتُوغْرَافِيَّةٍ فَريِدٍ تَرْعَاهُ وِزَارَةُ ال^َّقَافَةِ الْفِلَسْطِينِيَّةُ,arabic_speech_corpus_wordtier,gold_diacritized_text,
asc_main_ARA NORM  0522,arabic_sentence_ending_training\data\raw\arabic_speech_corpus\arabic-speech-corpus\wav\ARA NORM  0522.wav,وَلَمْ يُخَيِّبْ مِسِي آمَالَ مُحِبِّيهِ وَنَجَحَ مِنْ فُرْصَةٍ فَرْدِيَّةٍ فِي مُبَاغَتَةِ الْحَارِسِلْ أَلْإِيرَانِيِّ أَلْمُتَأَلِّقِ فِي الدَّقِيقَةِ الْأُولَى مِنَ الْوَقْتِ بَدَلِ الضَّائِعِ لِيُسَجِّلَ هَدَفَهُ ال^َّانِي فِي الْبُطُولَةِ,arabic_speech_corpus_wordtier,gold_diacritized_text,
asc_main_ARA NORM  0523,arabic_sentence_ending_training\data\raw\arabic_speech_corpus\arabic-speech-corpus\wav\ARA NORM  0523.wav,وَبَاتَ الْحَجْزُ الْمُسْبَقُ إِلْزَامِيّاً لِتَأْمِينِ كُرْسِيٍّ فِي الْمَقْهَى,arabic_speech_corpus_wordtier,gold_diacritized_text,
asc_main_ARA NORM  0524,arabic_sentence_ending_training\data\raw\arabic_speech_corpus\arabic-speech-corpus\wav\ARA NORM  0524.wav,وَافَقَ مَجْلِسُ أُمَنَاءِ الْمُنَظَّمَةِ الْعَالَمِيَّةِ لِلنُّهُوضِ بِاللُّغَةِ الْعَرَبِيَّةِ عَلَى مَشْرُوعِ قَانُونٍ لِحِمَايَةِ لُغَةِ الضَّادِ فِي قَطَرَ تَمْهِيداً لِرَفْعِهِ إِلَى الْجِهَاتِ الْعُلْيَا أَلْمُخْتَصَّةِ بِالْبِلَادِ لِلنَّظَرِ فِيهِ وَاعْتِمَادِهِ,arabic_speech_corpus_wordtier,gold_diacritized_text,
asc_main_ARA NORM  0525,arabic_sentence_ending_training\data\raw\arabic_speech_corpus\arabic-speech-corpus\wav\ARA NORM  0525.wav,لِأَنَّهُ إِذَا لَمْ تُضْبَطْ هَذِهِ الْمُمَارَسَاتُ فَلَا يُمْكِنُ ضَبْطُ الْإِرْهَابِ وَالْقَضَاءُ عَلَيْهِ,arabic_speech_corpus_wordtier,gold_diacritized_text,
asc_main_ARA NORM  0526,arabic_sentence_ending_training\data\raw\arabic_speech_corpus\arabic-speech-corpus\wav\ARA NORM  0526.wav,تَسَبَّبَتِ الْعَاصِفَةُ ال^َّلْجِيَّةُ الْعَاتِيَةُ أَلَّتِي تَضْرِبُ دُوَلَ شَرْقِ الْمُتَوَسِّطِ فِي قَطْعِ الطُّرُقِ وَالْكَهْرَبَاءِ وَتَعْلِيقِ الدِّرَاسَةِ وَتَعْطِيلِ الْمِلَاحَةِ الْجَوِّيَّةِ فِي لُبْنَانَ وَالْأُرْدُنِّ,arabic_speech_corpus_wordtier,gold_diacritized_text,
asc_main_ARA NORM  0527,arabic_sentence_ending_training\data\raw\arabic_speech_corpus\arabic-speech-corpus\wav\ARA NORM  0527.wav,وَفَاقَمَتْ مُعَانَاةَ اللَّاجِئِينَ السُّورِيِّينَ,arabic_speech_corpus_wordtier,gold_diacritized_text,
asc_main_ARA NORM  0528,arabic_sentence_ending_training\data\raw\arabic_speech_corpus\arabic-speech-corpus\wav\ARA NORM  0528.wav,وَسَارَعَ سُكَّانُ الضِّفَّةِ الْغَرْبِيَّةِ وَالْأُرْدُنِ إِلَى تَخْزِينِ الْمُؤَنِ تَحَسُّباً لِلْعَاصِفَةِ,arabic_speech_corpus_wordtier,gold_diacritized_text,
asc_main_ARA NORM  0529,arabic_sentence_ending_training\data\raw\arabic_speech_corpus\arabic-speech-corpus\wav\ARA NORM  0529.wav,حُضُورَ بَعْضِ الزَّعَمَاءِ فِي الْمَسِيرَةِ أَلْجُمْهُورِيَّةِ بِبَارِيسَ,arabic_speech_corpus_wordtier,gold_diacritized_text,
asc_main_ARA NORM  0530,arabic_sentence_ending_training\data\raw\arabic_speech_corpus\arabic-speech-corpus\wav\ARA NORM  0530.wav,أَظْهَرَتْ دِرَاسَةٌ عِلْمِيَّةٌ أَنَّ الْمَجَالَ الْمِغْنَاطِيسِيَّ لِلْأَرْضِ يَقُودُ إِنَا^َ السَّلَاحِفِ الْبَحْرِيَّةِ أَلْبَالِغَةِ فِي طَرِيقِ عَوْدَتِهَا إِلَى الشَّوَاطِئِ,arabic_speech_corpus_wordtier,gold_diacritized_text,
asc_main_ARA NORM  0531,arabic_sentence_ending_training\data\raw\arabic_speech_corpus\arabic-speech-corpus\wav\ARA NORM  0531.wav,الَّتِي شَهِدَتْ مَسْقَطَ رَأْسِهَا,arabic_speech_corpus_wordtier,gold_diacritized_text,
asc_main_ARA NORM  0532,arabic_sentence_ending_training\data\raw\arabic_speech_corpus\arabic-speech-corpus\wav\ARA NORM  0532.wav,وَاعْتَبَرَتْ أَنَّ الْفِلِسْطِينِيِّينَ غَيْرُ مُؤَهَّلِينَ لِلْإِنْضِمَامِ إِلَى الْمَحْكَمَةِ,arabic_speech_corpus_wordtier,gold_diacritized_text,
asc_main_ARA NORM  0533,arabic_sentence_ending_training\data\raw\arabic_speech_corpus\arabic-speech-corpus\wav\ARA NORM  0533.wav,وَذَلِكَ لِاخْتِرَاعِهِ وَسِيلَةً لِشَحْنِ الْهَاتِفِ النَّقَّالِ عَنْ طَرِيقِ الصَّوْتِ,arabic_speech_corpus_wordtier,gold_diacritized_text,
asc_main_ARA NORM  0534,arabic_sentence_ending_training\data\raw\arabic_speech_corpus\arabic-speech-corpus\wav\ARA NORM  0534.wav,بَعْدَ عَصْرِ الْبُخَارِ وَالْآلَاتِ الْمِيكَانِيكِيَّةِ أَلضَّخْمَةِ أَلَّذِي بَدَأَ مَعَ نِهَايَةِ الْقَرْنِ ال^َّامِنِ عَشَرَ,arabic_speech_corpus_wordtier,gold_diacritized_text,
asc_main_ARA NORM  0535,arabic_sentence_ending_training\data\raw\arabic_speech_corpus\arabic-speech-corpus\wav\ARA NORM  0535.wav,وَعَصْرِ السِّيلِكُونْ أَلَّذِي بَزَغَ مَعَ اخْتِرَاعِ أَوَّلِ تِرَانْزِيسْتُورٍ فِي بِدَايَةِ خَمْسِينِيَّاتِ الْقَرْنِ العِشْرِينَ,arabic_speech_corpus_wordtier,gold_diacritized_text,
asc_main_ARA NORM  0536,arabic_sentence_ending_training\data\raw\arabic_speech_corpus\arabic-speech-corpus\wav\ARA NORM  0536.wav,دَخَلَتْ أَلْحَضَارَةُ الْإِنْسَانِيَّةُ فِي طَوْرٍ جَدِيدٍ فِي تِسْعِينِيَّاتِ الْقَرْنِ نَفْسِهِ,arabic_speech_corpus_wordtier,gold_diacritized_text,
asc_main_ARA NORM  0537,arabic_sentence_ending_training\data\raw\arabic_speech_corpus\arabic-speech-corpus\wav\ARA NORM  0537.wav,جَاءَ ذَلِكَ فِي جَلْسَةِ تَصْوِيتٍ طَارِئَةٍ اسْتَخْدَمَتْ خِلَالَهَا الْوِلَايَاتُ الْمُتَّحِدَةُ حَقَّ النَّقْضِ أَلْفِيتو بِاعْتِبَارِهَا دَوْلَةً دَائِمَةَ الْعُضْوِيَّةِ بِالْمَجْلِسِ,arabic_speech_corpus_wordtier,gold_diacritized_text,
asc_main_ARA NORM  0538,arabic_sentence_ending_training\data\raw\arabic_speech_corpus\arabic-speech-corpus\wav\ARA NORM  0538.wav,وَرَغْمَ الْفَائِدَةِ الَّتِي يُمْكِنُ أَنْ تُحَقِقَهَا لِلْبَشَرِيَّةِ,arabic_speech_corpus_wordtier,gold_diacritized_text,
asc_main_ARA NORM  0539,arabic_sentence_ending_training\data\raw\arabic_speech_corpus\arabic-speech-corpus\wav\ARA NORM  0539.wav,يَخْشَى كَ^ِيرُونَ أَنْ تُشَكِّلَ تَهْدِيداً لِلْبَشَرِ,arabic_speech_corpus_wordtier,gold_diacritized_text,
asc_main_ARA NORM  0540,arabic_sentence_ending_training\data\raw\arabic_speech_corpus\arabic-speech-corpus\wav\ARA NORM  0540.wav,خَاصَّةً إِذَا مَا وَصَلَتْ أَلتِّقْنِيَّةُ إِلَى مَرْحَلَةٍ تَمْتَلِكُ فِيهَا الْآلَاتُ عُقُولاً خَاصَّةً بِهَا تُمَكِّنُهَا مِنَ التَّفْكِيرِ,arabic_speech_corpus_wordtier,gold_diacritized_text,
asc_main_ARA NORM  0541,arabic_sentence_ending_training\data\raw\arabic_speech_corpus\arabic-speech-corpus\wav\ARA NORM  0541.wav,أَلَّذِي أَطَاحَتْ بِهِ ال^َّوْرَةُ الْتُونُسِيَّةُ فِي يَنَايِرْ أَلْفَيْنِ وَأَحَدَ عَشَرْ,arabic_speech_corpus_wordtier,gold_diacritized_text,
asc_main_ARA NORM  0542,arabic_sentence_ending_training\data\raw\arabic_speech_corpus\arabic-speech-corpus\wav\ARA NORM  0542.wav,مَوْقِفُ نِقَابَةِ الصَّحَفِيِّينَ فِي عَهْدِ الرَّئِيسِ الْمِصْرِيِّ أَلْمَعْزُولِ مُحَمَّدْ مُرْسِي أَلْكَ^ِيرُ مِنَ الضَّجِيجِ والِاحْتِجَاجِ وَمَوْقِفُهَا فِي عَهْدِ الإِنْقِلَابِ أَلنَّوْمُ وَاللَّا مُبَالاَةُ,arabic_speech_corpus_wordtier,gold_diacritized_text,
asc_main_ARA NORM  0543,arabic_sentence_ending_training\data\raw\arabic_speech_corpus\arabic-speech-corpus\wav\ARA NORM  0543.wav,وَتَشْهَدُ الْمُبَارَيَاتُ الْأَرْبَعُ وُجُودَ فَرِيقَيْنَ سَبَقَ أَن فَازَا بِلَقَبِ الْكَأْسِ,arabic_speech_corpus_wordtier,gold_diacritized_text,
asc_main_ARA NORM  0544,arabic_sentence_ending_training\data\raw\arabic_speech_corpus\arabic-speech-corpus\wav\ARA NORM  0544.wav,تُوِّجَ الْإِسْبَانِيُّ دِيفِدُ فيريرْ لِلْمَرَّةِ الْأُولَى فِي تَارِيخِهِ بِبُطُولَةِ قَطَرَ الْمَفْتُوحَةِ لِلتِّنِسِ,arabic_speech_corpus_wordtier,gold_diacritized_text,
asc_main_ARA NORM  0545,arabic_sentence_ending_training\data\raw\arabic_speech_corpus\arabic-speech-corpus\wav\ARA NORM  0545.wav,عَقِبَ فَوْزِهِ بِالْمُبَارَاةِ النِّهَائِيَّةِ عَلَى التِّشِيكِيِّ توماس بيرْدِتْش بِنَتِيجَةِ سِتّةٍ مُقابِلَ أَرْبَعَةَ وَ سَبْعَةٍ مُقابِلَ خمْسَةٍ يَوْمَ السَّبْتِ,arabic_speech_corpus_wordtier,gold_diacritized_text,
asc_main_ARA NORM  0546,arabic_sentence_ending_training\data\raw\arabic_speech_corpus\arabic-speech-corpus\wav\ARA NORM  0546.wav,أُسْدِلَ السِّتَارُ لَيْلَةَ الجُّمُعَةِ عَلَى الدَّوْرَةِ الرَّابِعَةَ عَشْرَةَ لِمِهْرَجَانِ سِينَمَا حَوْضِ الْمُتَوَسِّطِ أَلَّذِي احْتَضَنَتْهُ الْعَاصِمَةُ الْبِلْجيكيَّةُ بْروكْسِلْ مِن الْخَامِسِ إِلَى ال^َّانِيَ عَشَرَ مِنْ دِيسَمْبَرْ- كَانُونَ الْأَوَّلْ,arabic_speech_corpus_wordtier,gold_diacritized_text,
asc_main_ARA NORM  0547,arabic_sentence_ending_training\data\raw\arabic_speech_corpus\arabic-speech-corpus\wav\ARA NORM  0547.wav,أَلَّذِي يَكْشِفُ عَن الْوَاقِعِ فِي مِنْطَقَةِ الرِّيفِ فِي السَّبْعِينِيَّاتِ مِنَ الْقَرْنِ الْمَاضِي,arabic_speech_corpus_wordtier,gold_diacritized_text,
asc_main_ARA NORM  0548,arabic_sentence_ending_training\data\raw\arabic_speech_corpus\arabic-speech-corpus\wav\ARA NORM  0548.wav,وَقَدْ تَمَّ اخْتِيَارُ السِّينَمَا أَلْيَابَانِيَّةَ ضَيْفاً لِهَذِهِ الدَّوْرَةِ,arabic_speech_corpus_wordtier,gold_diacritized_text,
asc_main_ARA NORM  0549,arabic_sentence_ending_training\data\raw\arabic_speech_corpus\arabic-speech-corpus\wav\ARA NORM  0549.wav,إِذْ تَزْدَحِمُ الْمَتَاجِرُ بِالجُّمْهُورِ لِشِرَاءِ هَذِهِ الْحَلْوَى الْمُصَمَّمَةِ عَلَى شَكْلِ حِصَانٍ وَعَرُوسٍ,arabic_speech_corpus_wordtier,gold_diacritized_text,
asc_main_ARA NORM  0550,arabic_sentence_ending_training\data\raw\arabic_speech_corpus\arabic-speech-corpus\wav\ARA NORM  0550.wav,وَفِي مُحِيطِ مَسْجِدِ السَّيِّدَةِ زَيْنَبَ بِالْقَاهِرَةِ تُقَامُ هَذِهِ الْأَيَّامُ سُرَادِقَاتُ بَيْعِ حَلْوَى الْمَوْلِدِ بِأَسْعَارٍ مُتَفَاوِتَةٍ تَتَرَاوَحُ بَيْنَ خَمْسَةَ عشَرَ جنيْهاً حَوَالَيْ دُولَارَيْنِ وَمِئَةٍ وَخَمْسِينَ جُنَيْهاً,arabic_speech_corpus_wordtier,gold_diacritized_text,
asc_main_ARA NORM  0551,arabic_sentence_ending_training\data\raw\arabic_speech_corpus\arabic-speech-corpus\wav\ARA NORM  0551.wav,إِنْطَلَقَتْ بِالْعَاصِمَةِ أَلْقَطَرِيَّةِ فَعَّالِيَّاتُ مَعْرِضِ أَلدَّوْحَةِ أَلدَّوْلِيِّ لِلْكِتَابِ فِي دَوْرَتِهِ أَلْخَامِسَةِ وَالْعِشْرينَ أَلَّتِي يُصَاحِبُهَا هَذَا الْعَامَ عَوْدَةُ مِهْرَجَانِ الدَّوْحَةِ أَل^َّقَافِيِّ بَعْدَ تَوَقُّفِهِ مُنْذُ عَامِ أَلْفَيْنِ وَ^َمَانِيَّةَ,arabic_speech_corpus_wordtier,gold_diacritized_text,
asc_main_ARA NORM  0552,arabic_sentence_ending_training\data\raw\arabic_speech_corpus\arabic-speech-corpus\wav\ARA NORM  0552.wav,كَمَا تَشْهَدُ هَذِهِ الدَّوْرَةُ إِحْتِفَالاً بِالْيُوبِيلِ الْفِضِّي لِلْمَعْرِضِ,arabic_speech_corpus_wordtier,gold_diacritized_text,
asc_main_ARA NORM  0553,arabic_sentence_ending_training\data\raw\arabic_speech_corpus\arabic-speech-corpus\wav\ARA NORM  0553.wav,كَمَا تَمَّ تَخْصِيصُ تِسْعَةً وَسَبْعينَ جَنَاحاً لِكُتُبِ الْأَطْفَالِ وَخَمْسَةَ عَشَرَ جَنَاحاً لِلتِّقْنِيَّاتِ الْمَعْلُومَاتِيَّةِ,arabic_speech_corpus_wordtier,gold_diacritized_text,
asc_main_ARA NORM  0554,arabic_sentence_ending_training\data\raw\arabic_speech_corpus\arabic-speech-corpus\wav\ARA NORM  0554.wav,تُوُفِيَتْ مَسَاءَ السَّبْتِ أَلْمُمَ^ِّلَةُ الْمِصْرِيَّةُ فَاتن حَمَامَة أَلَّتِي حَمَلَتْ لَقَبَ سَيِّدَةِ الشَّاشَةِ الْعَرَبِيَّةِ عَنْ عُمْرٍ نَاهَزَ الْأَرْبَعَة وَال^َّمَانينَ عَاماً,arabic_speech_corpus_wordtier,gold_diacritized_text,
asc_main_ARA NORM  0555,arabic_sentence_ending_training\data\raw\arabic_speech_corpus\arabic-speech-corpus\wav\ARA NORM  0555.wav,بَعْدَ رِحْلَةٍ مَعَ التَّمْ^ِيلِ امْتَدَّتْ نَحْوَ خَمْسَةً وَسَبْعِينَ عَاماً شَارَكَتْ خِلَالَهَا فِي أَكْ^َرَ مِنْ تِسْعينَ فِيلْماً سِينَمَائِيّاً وَمُسَلْسَلاً تِلفزْيُونِيّاً,arabic_speech_corpus_wordtier,gold_diacritized_text,
asc_main_ARA NORM  0556,arabic_sentence_ending_training\data\raw\arabic_speech_corpus\arabic-speech-corpus\wav\ARA NORM  0556.wav,وُلِدَتْ فاَتِن أَحْمَد حَمَامَة يَوْمَ السَّابِعِ مَايو- أَيَّارْ أَلْفٌ وَتِسْعُ مِئَةٍ وَوَاحِدٌ وَ^َلا^ونَ,arabic_speech_corpus_wordtier,gold_diacritized_text,
asc_main_ARA NORM  0557,arabic_sentence_ending_training\data\raw\arabic_speech_corpus\arabic-speech-corpus\wav\ARA NORM  0557.wav,وَبَدَأَتْ رِحْلَةَ التَّمْ^ِيلِ فِي السِّينَمَا فِي وَقْتٍ مُبَكِّرٍ حِينَ اشْتَرَكَتْ بِدَوْرٍ قَصِيرٍ فِي فِيلْمْ يَوْمْ سَعِيدْ أَلَّذِي قَامَ بِبُطُولَتِهِ أَلْمُطْرِبُ مُحَمَّد عَبْدُ الْوَهَّابِ عَامَ أَلْفٍ وَتِسْعُ مِئَةٍ وَأَرْبَعِينْ,arabic_speech_corpus_wordtier,gold_diacritized_text,
asc_main_ARA NORM  0558,arabic_sentence_ending_training\data\raw\arabic_speech_corpus\arabic-speech-corpus\wav\ARA NORM  0558.wav,وَجَّهَتِ اللَّجْنَةُ الْعَرَبِيَّةُ أَلْأَمِرِكِيَّةُ لِمُكَافَحَةِ التَّمْيِيزِ رِسَالَةً إِلَى مُخْرِجِ وَبَطَلِ فِيلْمِ أَمِرِكَن سنايْبَرْ,arabic_speech_corpus_wordtier,gold_diacritized_text,
asc_main_ARA NORM  0559,arabic_sentence_ending_training\data\raw\arabic_speech_corpus\arabic-speech-corpus\wav\ARA NORM  0559.wav,إِ^ْرَ عَرْضِ الْفِيلْمِ الَّذِي يَتَنَاوَلُ دَوْرَ قَنَّاصٍ أَمِرِكِيٍّ فِي حَرْبِ الْعِرَاقِ,arabic_speech_corpus_wordtier,gold_diacritized_text,
asc_main_ARA NORM  0560,arabic_sentence_ending_training\data\raw\arabic_speech_corpus\arabic-speech-corpus\wav\ARA NORM  0560.wav,وَيَحْكِي الْفِيلْمُ الْمُرَشَّحُ لِجَائِزَةِ أَحْسَنِ فِيلْمٍ قِصَّةَ كْريسْ كيلْ,arabic_speech_corpus_wordtier,gold_diacritized_text,
asc_main_ARA NORM  0561,arabic_sentence_ending_training\data\raw\arabic_speech_corpus\arabic-speech-corpus\wav\ARA NORM  0561.wav,أَظْهَرَتْ دِرَاسَةٌ بَرِيطَانِيَّةٌ حَدِي^َةٌ أُجْرِيَتْ عَلَى السَّيِّدَاتِ وَالْأَطْفَالِ فِي مِصْرَ أَنَّ نِسْبَةَ الْبَدَانَةِ لَدَى الْأُمَّهَاتِ فِي الْفَتْرَةِ مِنْ أَلْفَيْنِ وَخَمْسَةَ إِلَى أَلْفَيْنِ وَ^َمَانِيَةَ قَدْ بَلَغَتْ إِ^ْنَيْنِ وَ^َلا^ينَ فاصِلَة ^َلا^َةَ بِالْمِئَةِ,arabic_speech_corpus_wordtier,gold_diacritized_text,
asc_main_ARA NORM  0562,arabic_sentence_ending_training\data\raw\arabic_speech_corpus\arabic-speech-corpus\wav\ARA NORM  0562.wav,وَالتَّقَزُّمُ الْغِذَائِيُّ هُوَ قِصَرُ الْقَامَةِ الْمُرْتَبِطُ بِسُوءِ التَّغْذِيَةِ,arabic_speech_corpus_wordtier,gold_diacritized_text,
asc_main_ARA NORM  0563,arabic_sentence_ending_training\data\raw\arabic_speech_corpus\arabic-speech-corpus\wav\ARA NORM  0563.wav,وَأَوْضَحَ الْبَاحِ^ُونَ أَنَّ سُوءَ التَّغْذِيَةِ هُوَ السَّبَبُ الرَّئِيسِيُّ لِتَوَقُّفِ النُّمُوِّ عِنْدَ الْأَطْفَالِ,arabic_speech_corpus_wordtier,gold_diacritized_text,
asc_main_ARA NORM  0564,arabic_sentence_ending_training\data\raw\arabic_speech_corpus\arabic-speech-corpus\wav\ARA NORM  0564.wav,أَلَّذِي كَانَ بِطَلَ مَقْطَعِ فِيدِيُو جَدِيدٍ بِصُحْبَةِ الْمُهَاجِمِ الدُّوْلِيِّ الْهُولَنْدِيِّ آرِييِنْ روبِنْ,arabic_speech_corpus_wordtier,gold_diacritized_text,
asc_main_ARA NORM  0565,arabic_sentence_ending_training\data\raw\arabic_speech_corpus\arabic-speech-corpus\wav\ARA NORM  0565.wav,وَظَهَرَ ال^َّنَائِيُّ غُوارْدِيولا وَروبِنْ مُنْسَجِمَينِ تَمَامَاً خِلَالَ التَّدْرِيبَاتِ,arabic_speech_corpus_wordtier,gold_diacritized_text,
asc_main_ARA NORM  0566,arabic_sentence_ending_training\data\raw\arabic_speech_corpus\arabic-speech-corpus\wav\ARA NORM  0566.wav,عَلَى ضَوْءِ النَّتَائِجِ الْمُبْهِرَةِ أَلَّتِي حَقَّقَهَا خِلَالَ الْمَوْسِمِ الْمَاضِي,arabic_speech_corpus_wordtier,gold_diacritized_text,
asc_main_ARA NORM  0567,arabic_sentence_ending_training\data\raw\arabic_speech_corpus\arabic-speech-corpus\wav\ARA NORM  0567.wav,وَجَّهَتْ نَقَابَةُ السِّينَمَائِيّينَ أَلْمِصْرِيّينَ عِدَةَ رَسَائِلٍ إِلَى عَدَدٍ مِنْ قَادَةِ الدُّوَلِ لِإِيصَالِ وِجْهَةِ نَظرِهَا بِشَأْنِ عَزْلِ الرَّئِيسِ الْمِصْرِيِّ السَّابِقِ مُحَمَّدْ مُرْسِي,arabic_speech_corpus_wordtier,gold_diacritized_text,
asc_main_ARA NORM  0568,arabic_sentence_ending_training\data\raw\arabic_speech_corpus\arabic-speech-corpus\wav\ARA NORM  0568.wav,فِي مُسَاهْمَةٍ مِنْهَا لِإِعْطَاءِ مَا حَدَ^َ فِي مِصْرَ مُؤَخَّراً شَرْعِيَّةً دَوْلِيَّةً,arabic_speech_corpus_wordtier,gold_diacritized_text,
asc_main_ARA NORM  0569,arabic_sentence_ending_training\data\raw\arabic_speech_corpus\arabic-speech-corpus\wav\ARA NORM  0569.wav,وَمِنْ بَيْنِ رُؤَسَاءِ الدُّوَلِ الَّتِي وَجّهتْ لَهَا النَّقَابَةُ رَسَائِلاً رَئِيسُ الْوِلَايَاتِ الْمُتَّحِدَةِ الْأَمِرِكِيَّةِ وَالْمُسْتَشَارَةُ أَلْأَلْمَانِيَّةُ أَنْجِيلَا مِيرْكِلْ وَالرَّئِيسُ الرُّوسِيُّ فْلَادِيمِيرْ بُوتِينْ,arabic_speech_corpus_wordtier,gold_diacritized_text,
asc_main_ARA NORM  0570,arabic_sentence_ending_training\data\raw\arabic_speech_corpus\arabic-speech-corpus\wav\ARA NORM  0570.wav,مُشَدِّدَةً عَلَى أَنَّ مَا حَدَ^َ لَا يُشكِّلُ انْقِلَابَاً عَسْكَرِيَّاً كَمَا يُرَوِّجُ الْبَعْضُ,arabic_speech_corpus_wordtier,gold_diacritized_text,
asc_main_ARA NORM  0571,arabic_sentence_ending_training\data\raw\arabic_speech_corpus\arabic-speech-corpus\wav\ARA NORM  0571.wav,وَأَكَّدَ الْمُبْدِعُونَ أَنَّ الْفَنَ عَانَى كَ^ِيراً خِلَالَ الْعَامِ الَّذِي تَوَلَّى فِيهِ الْإِخْوَانُ الْمُسْلِمِينَ الْحُكْمَ,arabic_speech_corpus_wordtier,gold_diacritized_text,
asc_main_ARA NORM  0572,arabic_sentence_ending_training\data\raw\arabic_speech_corpus\arabic-speech-corpus\wav\ARA NORM  0572.wav,وَأَرْفَقَتِ النَّقَابَةُ مَعَ الرَّسَائِلِ الصَّادِرَةِ إِلَى قَادَةِ الدُّوَلِ,arabic_speech_corpus_wordtier,gold_diacritized_text,
asc_main_ARA NORM  0573,arabic_sentence_ending_training\data\raw\arabic_speech_corpus\arabic-speech-corpus\wav\ARA NORM  0573.wav,حَسْبَ تَأْكِيدِهِمْ,arabic_speech_corpus_wordtier,gold_diacritized_text,
asc_main_ARA NORM  0574,arabic_sentence_ending_training\data\raw\arabic_speech_corpus\arabic-speech-corpus\wav\ARA NORM  0574.wav,وَهُوَ زَاخِرٌ بِالْمَوَادِّ الْغِذَائِيَّةِ ذَاتِ الْفَائِدَةِ الْكَبِيرَةِ,arabic_speech_corpus_wordtier,gold_diacritized_text,
asc_main_ARA NORM  0575,arabic_sentence_ending_training\data\raw\arabic_speech_corpus\arabic-speech-corpus\wav\ARA NORM  0575.wav,كَمَا يَتَمَيَّزُ بِسُهُولَةِ الْهَضْمِ وَلَا يُرْهِقُ الْمَعِدَةَ,arabic_speech_corpus_wordtier,gold_diacritized_text,
asc_main_ARA NORM  0576,arabic_sentence_ending_training\data\raw\arabic_speech_corpus\arabic-speech-corpus\wav\ARA NORM  0576.wav,كَمَا أَنَّهُ يَحُدُّ مِنْ الشُّعُورِ بِالْجُوعِ لَدَى الصَّائِمِ,arabic_speech_corpus_wordtier,gold_diacritized_text,
asc_main_ARA NORM  0577,arabic_sentence_ending_training\data\raw\arabic_speech_corpus\arabic-speech-corpus\wav\ARA NORM  0577.wav,وَيُهَدِّئُ الْأَعْصَابَ,arabic_speech_corpus_wordtier,gold_diacritized_text,
asc_main_ARA NORM  0578,arabic_sentence_ending_training\data\raw\arabic_speech_corpus\arabic-speech-corpus\wav\ARA NORM  0578.wav,كَمَا أَنَّهُ أَيْضاً مُعَالِجٌ لِلْإِمْسَاكِ لِاحْتِوَائِهِ عَلَى أَلْيَافٍ سِلِيْلُوزِيَّةٍ تُسَاعِدُ عَلَى تَحْسِينِ حَرَكَةِ الْأَمْعَاءِ الطَّبِيعِيَّةِ,arabic_speech_corpus_wordtier,gold_diacritized_text,
asc_main_ARA NORM  0579,arabic_sentence_ending_training\data\raw\arabic_speech_corpus\arabic-speech-corpus\wav\ARA NORM  0579.wav,وَتَحْوِي مَوَادًّ مُضَادَّةً لِلْأَكْسَدَةِ وَأَحْمَاضَاً أَمِينِيَّةً,arabic_speech_corpus_wordtier,gold_diacritized_text,
asc_main_ARA NORM  0580,arabic_sentence_ending_training\data\raw\arabic_speech_corpus\arabic-speech-corpus\wav\ARA NORM  0580.wav,وَكَذَلِكَ عَلَى مَعْدَنِ الْمِغْنِسْيومْ الْمُفِيدِ لِصَحَّةِ الْعِظَامِ وَالْبُوتَاسْيُومْ أَلْمُهِمِّ لِلْقَلْبِ وَالْعَضَلَاتِ,arabic_speech_corpus_wordtier,gold_diacritized_text,
asc_main_ARA NORM  0581,arabic_sentence_ending_training\data\raw\arabic_speech_corpus\arabic-speech-corpus\wav\ARA NORM  0581.wav,وَيَجِبُ تَجَنُّبُ إِضَافَةِ الشُّوكُولَاتَةِ إِلَى التَّمْرِ حَيْ^ُ يَزِيدُ ذَلِكَ مِنْ سُعَرَاتِهِ الْحَرَارِيَّةِ,arabic_speech_corpus_wordtier,gold_diacritized_text,
asc_main_ARA NORM  0582,arabic_sentence_ending_training\data\raw\arabic_speech_corpus\arabic-speech-corpus\wav\ARA NORM  0582.wav,فَحَبَّتَانِ مِنَ التَّمْرِ أَلْمَغْمُوسِ فِي الشُّوكُولَاتَةِ تَحْوِيَانِ مِئَةً وَ^َمَانِينَ سُعْرَةً حَرَارِيَّةً,arabic_speech_corpus_wordtier,gold_diacritized_text,
asc_main_ARA NORM  0583,arabic_sentence_ending_training\data\raw\arabic_speech_corpus\arabic-speech-corpus\wav\ARA NORM  0583.wav,وَيَقُومُ هَذَاَ التَّصْمِيمُ عَلَى الْتَّخْفِيفِ مِنِ ازْدِحَامِ أَلْأَيْقُونَاتِ وَالْخِيَارَاتِ وَالتَّرْكِيزِ عَلَى الْخَرِيطَةِ,arabic_speech_corpus_wordtier,gold_diacritized_text,
asc_main_ARA NORM  0584,arabic_sentence_ending_training\data\raw\arabic_speech_corpus\arabic-speech-corpus\wav\ARA NORM  0584.wav,وَتَسْهِيلِ عَمَلِيَّةِ اسْتِكْشَافِ الْأَمَاكِنِ أَلْجَدِيدَةِ,arabic_speech_corpus_wordtier,gold_diacritized_text,
asc_main_ARA NORM  0585,arabic_sentence_ending_training\data\raw\arabic_speech_corpus\arabic-speech-corpus\wav\ARA NORM  0585.wav,وَتَدْعَمُ أَلنُّسْخَةُ الْجَدِيدَةُ مِنْ خَرَائِطِ جُوجِلْ إِظْهَارَ مَعْلُومَاتِ الطَّرِيقِ فِي الْوَقْتِ الْحَقِيقِيِّ,arabic_speech_corpus_wordtier,gold_diacritized_text,
asc_main_ARA NORM  0586,arabic_sentence_ending_training\data\raw\arabic_speech_corpus\arabic-speech-corpus\wav\ARA NORM  0586.wav,حَيْ^ُ يَسْتَطِيعُ الْمُسْتَخْدِمُ أَلنَّقّرَ عَلَى أَيَقُونَةِ الْحَادِ^ِ أَلظَّاهِرَةِ عَلَى الْخَرِيطَةِ لِمَعْرِفَةِ الْمَزِيدِ مِنْ التَّفَاصِيلِ,arabic_speech_corpus_wordtier,gold_diacritized_text,
asc_main_ARA NORM  0587,arabic_sentence_ending_training\data\raw\arabic_speech_corpus\arabic-speech-corpus\wav\ARA NORM  0587.wav,كَمَا يَقْتَرِحُ التَّطْبِيقُ وَبِشَكْلٍ فَوْرِيٍ طَرِيقَاً بَدِيلاً لِمُسَاعَدَةِ الْمُسْتَخْدِمِ فِي تَفَادِي أَلْإِزْدِحَامِ الْمُرُورِيِّ,arabic_speech_corpus_wordtier,gold_diacritized_text,
asc_main_ARA NORM  0588,arabic_sentence_ending_training\data\raw\arabic_speech_corpus\arabic-speech-corpus\wav\ARA NORM  0588.wav,قَالَ رَئِيسُ الْمَجْلِسِ أَلْإِحْتِيَاطِيِّ أَلْإِتِّحَادِيِّ بِنْ بِرْنَانْكِي إِنَّ الْبَنْكَ الْمَرْكَزِيَّ أَلْأَمِرِكِيَّ سَيُوَاصِلُ انْتِهَاجَ سِيَاسَةٍ لِلتَّيْسِيرِ النَّقْدِيِّ فِي الْوَقْتِ الْحَالِيِّ,arabic_speech_corpus_wordtier,gold_diacritized_text,
asc_main_ARA NORM  0589,arabic_sentence_ending_training\data\raw\arabic_speech_corpus\arabic-speech-corpus\wav\ARA NORM  0589.wav,مَعَ بَقَاءِ التَّضَخُّمِ مُنْخَفَضاً,arabic_speech_corpus_wordtier,gold_diacritized_text,
asc_main_ARA NORM  0590,arabic_sentence_ending_training\data\raw\arabic_speech_corpus\arabic-speech-corpus\wav\ARA NORM  0590.wav,وَإِنَّ مُعَدَّلَ الْبَطَالَةِ رُبَّمَا يُبَالِغُ فِي إِظْهَارِ قُوَّةِ سُوقِ الْعَمَلِ,arabic_speech_corpus_wordtier,gold_diacritized_text,
asc_main_ARA NORM  0591,arabic_sentence_ending_training\data\raw\arabic_speech_corpus\arabic-speech-corpus\wav\ARA NORM  0591.wav,وَأَضَافَ بِرْنَانْكِي قَائِلاً فِي كَلِمَةٍ بِمُؤْتَمَرٍ يَرْعَاهُ الْمكْتَبُ الْوَطَنِيُّ لِلْبُحُو^ِ أَلْإِقْتِصَادِيَّةِ أَلرِّسَالَةُ الْعَامَةُ هِيَ التَّيْسِيرُ,arabic_speech_corpus_wordtier,gold_diacritized_text,
asc_main_ARA NORM  0592,arabic_sentence_ending_training\data\raw\arabic_speech_corpus\arabic-speech-corpus\wav\ARA NORM  0592.wav,قَالَ خُبَرَاءٌ إِقْتِصَادِيُّونَ إِنَّ الدَّعْمَ الْخَلِيجِيَّ أَلَّذِي أَعْلَنَتْ عَنْهُ مُؤَخَّرَاً أَلسُّعُودِيَّةُ وَالْإِمَارَاتُ وَالْكُوَيْتُ لِمِصْرَ سَيُعَوِّضُ تدَنِّيَ الْإِسْتِ^ْمَارِ الْأَجْنَبِيِّ أَلَّذِي شَهِدَتْ مُعَدَّلَاتُ تَدَفُّقِهِ تَدَنِّيَاً مَلْحُوظاً مُنْذُ أَحْدَا^ِ ^َوْرَةِ الْخَامِسِ وَالْعِشْرِينَ مِنْ يَنَايِرْ,arabic_speech_corpus_wordtier,gold_diacritized_text,
asc_main_ARA NORM  0593,arabic_sentence_ending_training\data\raw\arabic_speech_corpus\arabic-speech-corpus\wav\ARA NORM  0593.wav,مُؤَشْراً شَامِلاً يَعْكِسُ الْعَدِيدَ مِنَ الْمَدْلُولَاتِ السِّيَاسِيَّةِ وَالْإِقْتِصَادِيَّةِ فِي آنٍ وَاحِدٍ,arabic_speech_corpus_wordtier,gold_diacritized_text,
asc_main_ARA NORM  0594,arabic_sentence_ending_training\data\raw\arabic_speech_corpus\arabic-speech-corpus\wav\ARA NORM  0594.wav,خَالِدْ الْحَسَنْ أَلْعُضْوُ فِي غُرْفَةِ التِّجَارَةِ الْمِصْرِيَّةِ يَقُولُ إِنَّهُ يُمْكِنُ تَقْسِيمُ خَسَائِرِ الْإِسْتِ^ْمَارَاتِ الْخَلِيجِيَّةِ فِي مِصْرَ إِلَى ^َلَا^َةِ أَنْوَاعٍ,arabic_speech_corpus_wordtier,gold_diacritized_text,
asc_main_ARA NORM  0595,arabic_sentence_ending_training\data\raw\arabic_speech_corpus\arabic-speech-corpus\wav\ARA NORM  0595.wav,أَلنَّوْعُ ال^َّانِي وَهِيَ الْخَسَائِرُ النَّاجِمَةُ عَنْ تَوَقُّفِ عَدَدٍ مِنْ الْإِسْتِ^ْمَارَاتِ الْخَلِيجِيَّةِ عَنْ مُمَارَسَةِ نَشَاطِهَا بِالصُّورَةِ الْمُعْتَادَةِ,arabic_speech_corpus_wordtier,gold_diacritized_text,
asc_main_ARA NORM  0596,arabic_sentence_ending_training\data\raw\arabic_speech_corpus\arabic-speech-corpus\wav\ARA NORM  0596.wav,أَمَّا النَّوْعُ ال^َّالِ^ُ وَالْأَخِيرُ وَهِيَ تَوَقُّعَاتٌ بِأَنَّ الْأَسْوَاقَ الْمِصْرِيَّةَ لَنْ تَشْهَدَ إِسْتِ^ْمَارَاتٍ خَلِيجِيَّةٍ خِلَالَ الْفَتْرَةِ الْمُقْبِلَةِ وَلَكِنْ هَذَا مُسْتَبْعَدٌ الْآنَ,arabic_speech_corpus_wordtier,gold_diacritized_text,
asc_main_ARA NORM  0597,arabic_sentence_ending_training\data\raw\arabic_speech_corpus\arabic-speech-corpus\wav\ARA NORM  0597.wav,وَأَكَّدَ الْبَاحِ^ُ الْإِقْتِصَادِيُّ إِبْرَاهِيمْ خَلِيلْ ضَرُورَةَ التَّفْرِيقِ بَيْنَ نَوْعَيْنِ مِنْ الْإِسْتِ^ْمَارَاتِ الْخَلِيجِيَّةِ فِي مِصْرَ وَيَقُولُ هُنَاكَ إِسْتِ^ْمَارَاتٌ يَقُومُ بِهَا الْقَطَاعُ الْخَاصُّ وَرِجَالُ الْأَعْمَالِ الْخَلِيجِيِّينَ,arabic_speech_corpus_wordtier,gold_diacritized_text,
asc_main_ARA NORM  0598,arabic_sentence_ending_training\data\raw\arabic_speech_corpus\arabic-speech-corpus\wav\ARA NORM  0598.wav,وَهُنَاكَ اسْتِ^ْمَارَاتٌ مُبَاشَرَةٌ مِنَ الدُّوَلِ الْخَلِيجِيَّةِ وَالنَّوْعُ ال^َّانِي مِنْ وِجْهَةِ نَظَرَهِ هُوَ الْأَكْ^َرُ أَهَمِيَّةً بِالنِّسْبَةِ لِمَصْرَ مِنْ حَيْ^ُ الْقِيمَةُ,arabic_speech_corpus_wordtier,gold_diacritized_text,
asc_main_ARA NORM  0599,arabic_sentence_ending_training\data\raw\arabic_speech_corpus\arabic-speech-corpus\wav\ARA NORM  0599.wav,وَيُضِيفَ لَكِنْ عَلَى الرَّغْمِ مِنْ رَغْبَةِ الْبُلْدَانِ الْخَلِيجِيَّةِ فِي تَوْجِيهِ فَوَائِضِهَا أَلْمَالِيَّةِ لِلْإِسْتِ^ْمَارِ فِي مُخْتَلَفِ الْبُلْدَانِ الْعَرَبِيَّةِ وَمِصْرَ فِي الْمُقَدِّمَةِ إِلَّا أَنَّ الْإِقْتِصَادَ الْمِصْرِيَّ يَظُلُّ عَاجِزاً عَنْ الْإِسْتِفَادَةِ مِنْ تِلْكَ الْفُرْصَةِ,arabic_speech_corpus_wordtier,gold_diacritized_text,
asc_main_ARA NORM  0600,arabic_sentence_ending_training\data\raw\arabic_speech_corpus\arabic-speech-corpus\wav\ARA NORM  0600.wav,إِذْ يَصْعُبُ تَوَقُّعُ أَنْ تَسْمَحَ تِلْكَ الْأَوْضَاعُ بِتَدَفُّقَاتٍ مَالِيَّةٍ فِي شَكْلِ إِسْتِ^ْمَارَاتٍ خَلِيجِيَّةٍ لِمِصْرَ,arabic_speech_corpus_wordtier,gold_diacritized_text,
asc_main_ARA NORM  0601,arabic_sentence_ending_training\data\raw\arabic_speech_corpus\arabic-speech-corpus\wav\ARA NORM  0601.wav,وَغِيَّابَ مُحَفِّزَاتٍ إِقْتِصَادِيَّةٍ قَوِيَّةٍ تُسَاعِدُ عَلَى إِقْنَاعِ الْمُسْتَ^ْمِرِينَ بِالْبَقَاءِ,arabic_speech_corpus_wordtier,gold_diacritized_text,
asc_main_ARA NORM  0602,arabic_sentence_ending_training\data\raw\arabic_speech_corpus\arabic-speech-corpus\wav\ARA NORM  0602.wav,عَلَى الْمُ^َلَّ^ِ الْحُدُودِيِّ أَلَّذِي يَجْمَعُ بَيْنَ أَلْمَانِيَا وَسُوِسْرَا وَالنِّمْسَا مُبَاشَرَةً,arabic_speech_corpus_wordtier,gold_diacritized_text,
asc_main_ARA NORM  0603,arabic_sentence_ending_training\data\raw\arabic_speech_corpus\arabic-speech-corpus\wav\ARA NORM  0603.wav,فَفِي مَطْلَعِ شَهْرِ تَمُّوزَ يولِيو,arabic_speech_corpus_wordtier,gold_diacritized_text,
asc_main_ARA NORM  0604,arabic_sentence_ending_training\data\raw\arabic_speech_corpus\arabic-speech-corpus\wav\ARA NORM  0604.wav,أَجْمَلُ فُصُولِ السَّنَةِ,arabic_speech_corpus_wordtier,gold_diacritized_text,
asc_main_ARA NORM  0605,arabic_sentence_ending_training\data\raw\arabic_speech_corpus\arabic-speech-corpus\wav\ARA NORM  0605.wav,لَيْسَ فِي الْغِنَاءِ وَالتَّمْ^ِيلِ,arabic_speech_corpus_wordtier,gold_diacritized_text,
asc_main_ARA NORM  0606,arabic_sentence_ending_training\data\raw\arabic_speech_corpus\arabic-speech-corpus\wav\ARA NORM  0606.wav,بَلْ أُولَئِكَ الْحَائِزِينَ عَلَى جَائِزَةِ نُوبِلْ,arabic_speech_corpus_wordtier,gold_diacritized_text,
asc_main_ARA NORM  0607,arabic_sentence_ending_training\data\raw\arabic_speech_corpus\arabic-speech-corpus\wav\ARA NORM  0607.wav,إِذْ سَيَحْضُرُ لِقَاءَ هَذَا الْعَامِ خَمْسٌ وَ ^َلَا^ُونَ مِنْهُمْ,arabic_speech_corpus_wordtier,gold_diacritized_text,
asc_main_ARA NORM  0608,arabic_sentence_ending_training\data\raw\arabic_speech_corpus\arabic-speech-corpus\wav\ARA NORM  0608.wav,أَمْ^َالَ مَارْيُو مُولِينَا وَهَارْتْمُتْ مِيشِيلْ وَهَارُولْدْ تْسُوهَاوزِنْ,arabic_speech_corpus_wordtier,gold_diacritized_text,
asc_main_ARA NORM  0609,arabic_sentence_ending_training\data\raw\arabic_speech_corpus\arabic-speech-corpus\wav\ARA NORM  0609.wav,إِذْ يَسْعَى أَحْيَانَاً إِلَى جَمْعِ أَفْضَلِ الْأَطِبَّاءِ,arabic_speech_corpus_wordtier,gold_diacritized_text,
asc_main_ARA NORM  0610,arabic_sentence_ending_training\data\raw\arabic_speech_corpus\arabic-speech-corpus\wav\ARA NORM  0610.wav,إِذْ يُرَكِّزُ عَلَى الْبِيئَةِ تَحْتَ شِعَارِ أَلْكِيمِيَاءُ أَلْخَضْرَاءُ بُغْيَةَ تَوْفِيرِ الطَّاقَةِ وَالتَّفْكِيرِ فِي مُسْتَقْبَلِ الْأَجْيَالِ الْقَادِمَةِ,arabic_speech_corpus_wordtier,gold_diacritized_text,
asc_main_ARA NORM  0611,arabic_sentence_ending_training\data\raw\arabic_speech_corpus\arabic-speech-corpus\wav\ARA NORM  0611.wav,حَيْ^ُ يَقُومُ الْعُلَمَاءُ الشَّبَابُ بِطَرْحِ أَفْكَارٍ جَدِيدَةٍ وَمُنَاقَشَتِهَا مَعَ حَامِلِي أَجَائِزَةِ نُوبِلْ مُسْتَفِيدِينَ مِنْ خِبْرَاتِهِمْ وَتَجَارِبِهِمْ,arabic_speech_corpus_wordtier,gold_diacritized_text,
asc_main_ARA NORM  0612,arabic_sentence_ending_training\data\raw\arabic_speech_corpus\arabic-speech-corpus\wav\ARA NORM  0612.wav,فِي ظِلِّ أَجْوَاءٍ لَا تَخْلُو مِنَ التَّرْفِيهِ وَالْإِسْتِمْتَاعِ بِتَنَاوُلِ الْمَشْوِيَّاتِ الْبَافَارِيَّةِ الْمُمَيَّزَةِ وَشُرْبِ الْبِيرَةِ,arabic_speech_corpus_wordtier,gold_diacritized_text,
asc_main_ARA NORM  0613,arabic_sentence_ending_training\data\raw\arabic_speech_corpus\arabic-speech-corpus\wav\ARA NORM  0613.wav,الْحِمْضِيَّاتُ غَنيَّةٌ بِمُكَوْنَاتٍ صِحِّيَّةٍ لِجِسْمِ الْإِنْسَانِ,arabic_speech_corpus_wordtier,gold_diacritized_text,
asc_main_ARA NORM  0614,arabic_sentence_ending_training\data\raw\arabic_speech_corpus\arabic-speech-corpus\wav\ARA NORM  0614.wav,إِلّا أَنَّ هَذَا الْمَظْهَرَ خَادِعٌ,arabic_speech_corpus_wordtier,gold_diacritized_text,
asc_main_ARA NORM  0615,arabic_sentence_ending_training\data\raw\arabic_speech_corpus\arabic-speech-corpus\wav\ARA NORM  0615.wav,وَيُسَاعِدُ الشَّمْعُ عَلَى إِضْفَاءِ طَبَقَةٍ رَقِيقَةٍ لَامِعَةٍ عَلَى ال^َّمَرَةِ وَيَحْمِيهَا مِنَ الْجَّفَافِ,arabic_speech_corpus_wordtier,gold_diacritized_text,
asc_main_ARA NORM  0616,arabic_sentence_ending_training\data\raw\arabic_speech_corpus\arabic-speech-corpus\wav\ARA NORM  0616.wav,لَكِنَّ الْمَادَّةَ تِلْكَ الَّتِي تُخْلَطُ مَعَهُ عَلَى دَرَجَةٍ ضَئِيلَةٍ مِنْ السُّمْيَةِ وَبِالتَّالِي لَا يَنْبَغِي أَنْ تُؤْكَلَ شَأْنُهَا شَأْنُ الْقِشْرَةِ,arabic_speech_corpus_wordtier,gold_diacritized_text,
asc_main_ARA NORM  0617,arabic_sentence_ending_training\data\raw\arabic_speech_corpus\arabic-speech-corpus\wav\ARA NORM  0617.wav,وَإِذَا مَا أَصْبَحَ الطَّقْسُ حَاراً جِدَاً بِحَيْ^ُ تَتَأَ^َّرُ زِرَاعَةُ أَشْجَارِ اللَّيْمُونِ فِي لِيمْبُوبُو,arabic_speech_corpus_wordtier,gold_diacritized_text,
asc_main_ARA NORM  0618,arabic_sentence_ending_training\data\raw\arabic_speech_corpus\arabic-speech-corpus\wav\ARA NORM  0618.wav,حَيْ^ُ تَنْمُو الْآنَ بِالْفِعْلِ مُعْظَمُ أَشْجَارِ اللَّيْمُونِ,arabic_speech_corpus_wordtier,gold_diacritized_text,
asc_main_ARA NORM  0619,arabic_sentence_ending_training\data\raw\arabic_speech_corpus\arabic-speech-corpus\wav\ARA NORM  0619.wav,وَحَالِيَّاً يَنْمُو الْجْرِيْبْ فرُوتْ وَالْيُوسُفِيُّ فِي الْحُقُولِ الشَّمَالِيَّةِ,arabic_speech_corpus_wordtier,gold_diacritized_text,
asc_main_ARA NORM  0620,arabic_sentence_ending_training\data\raw\arabic_speech_corpus\arabic-speech-corpus\wav\ARA NORM  0620.wav,بَيْنَمَا يُزْرَعُ الْبُرْتُقَالُ عَلَى نَحْوٍ مُتَزَايِدٍ فِي جَنُوبِ الْبِلَادِ,arabic_speech_corpus_wordtier,gold_diacritized_text,
asc_main_ARA NORM  0621,arabic_sentence_ending_training\data\raw\arabic_speech_corpus\arabic-speech-corpus\wav\ARA NORM  0621.wav,فَإِنَّ تَدَفُقَ النِّسَاءِ إِلَى سُوقِ الْعَمَلِ سَيُسَاهِمُ فِي رَفْعِ مُسْتَوَى مَعِيشَةِ أُسَرِهِنَّ وَتَحْسِينِ النِّظَامِ التَّعْلِيمِيِّ وَتَوْسِيعِ فُرَصِ الْعَمَلِ الَّتِي يُمْكِنُ إِتَاحَتُهَا لِأَطْفَالِهِنَّ,arabic_speech_corpus_wordtier,gold_diacritized_text,
asc_main_ARA NORM  0622,arabic_sentence_ending_training\data\raw\arabic_speech_corpus\arabic-speech-corpus\wav\ARA NORM  0622.wav,فَإِنَّهُ مِنْ الْمَلْحُوظِ أَنَّهُ لَا يُمْكِنُ مُوَاصَلَةُ السَّيْرِ فِي هَذَا النَّهْجِ حَتَّى الْآنْ,arabic_speech_corpus_wordtier,gold_diacritized_text,
asc_main_ARA NORM  0623,arabic_sentence_ending_training\data\raw\arabic_speech_corpus\arabic-speech-corpus\wav\ARA NORM  0623.wav,أَيْ أَنَّهُ مِنْ الضَّرُورِيِّ التَّرَاجُعُ عَنْ النِّفْطِ وَالْغَازِ الطَّبِيعِيِّ وَغَيْرِهِمَا مِنْ الْمَوَادِّ الْأَوَّلِيَّةِ,arabic_speech_corpus_wordtier,gold_diacritized_text,
asc_main_ARA NORM  0624,arabic_sentence_ending_training\data\raw\arabic_speech_corpus\arabic-speech-corpus\wav\ARA NORM  0624.wav,وَتُضِيْفُ السَّيِّدَةُ كْرَاتُوخْفِيلْ أَنَّ الدُّوَلَ الْعَرَبِيَّةَ مُهْتَمَّةٌ جِدَاً بِتَطْوِيرِ اقْتِصَادَاتٍ حَدِي^َةٍ تَعْتَمِدُ عَلَى نَتَائِجِ الْعُلُومِ,arabic_speech_corpus_wordtier,gold_diacritized_text,
asc_main_ARA NORM  0625,arabic_sentence_ending_training\data\raw\arabic_speech_corpus\arabic-speech-corpus\wav\ARA NORM  0625.wav,قَادِرَاتٌ إِلَى حَدٍّ كَبِيرٍ عَلَى تَنْفِيذِ مُرَادِهِنَّ,arabic_speech_corpus_wordtier,gold_diacritized_text,
asc_main_ARA NORM  0626,arabic_sentence_ending_training\data\raw\arabic_speech_corpus\arabic-speech-corpus\wav\ARA NORM  0626.wav,أَ^َارَتْ مُؤَخَّرَاً عَمَلَةٌ رَقَمِيَّةٌ تُسَمَّى بَيتْكويْنْ ضَجَّةً إِعْلَامِيَّةً وَاقْتِصَادِيَّةً كَبِيرَةً بِسَبَبِ التَّذَبْذُبُ الْكَبِيرِ فِي سِعْرِ صَرْفِهَا وَبِسَبَبِ عَمَلِيَّاتِ الْمُضَارَبَةِ وَالْقَرْصَنَةِ الَّتِي اسْتَهْدَفَتْ مَوَاقِعَ صَرْفٍ وَمَحَافِظَ إِلِكْتْرُونِيَّةٍ خَاصَّةٍ بِتِلْكَ الْعُمْلَةِ,arabic_speech_corpus_wordtier,gold_diacritized_text,
asc_main_ARA NORM  0627,arabic_sentence_ending_training\data\raw\arabic_speech_corpus\arabic-speech-corpus\wav\ARA NORM  0627.wav,فَمَا هِيَ هَذِهِ الْعُمْلَةُ وَأَشَارَ بَيَانٌ لِلْحُكُومَةِ إِلَى أَنَّ مَانْدِلَّا مَا يَزَالُ فِي وَضْعٍ حَرِجٍ لَكِنْ مُسْتَقِرٍّ,arabic_speech_corpus_wordtier,gold_diacritized_text,
asc_main_ARA NORM  0628,arabic_sentence_ending_training\data\raw\arabic_speech_corpus\arabic-speech-corpus\wav\ARA NORM  0628.wav,نُؤَكِّدُ مَا وَرَدَ فِي بَيَانِنَا السَّابِقِ الْمَنْشُورِ بَعْدَ ظُهْرِ الْيَوْمِ إِ^ْرَ زِيَارَةِ الرَّئِيسِ جَاكُوبْ زُومَا إِلَى الْمُسْتَشْفَى,arabic_speech_corpus_wordtier,gold_diacritized_text,
asc_main_ARA NORM  0629,arabic_sentence_ending_training\data\raw\arabic_speech_corpus\arabic-speech-corpus\wav\ARA NORM  0629.wav,حَصَلَتْ وَكَالَةُ فْرَانْسْ بْرِسْ عَلَى وَ^ِيقَةٍ قَضَائِيَّةٍ مُؤَرَّخَةً فِي السَّادِسِ وَ الْعِشْرِينَ مِنْ حُزَيرَانَ يُونِيُو يُؤَكَّدُ فِيهَا مُحَامِي مَانْدِيلَّا أَنَّ الرَّئِيسَ السَّابِقَ دَخَلَ فِي حَالَةٍ مِنْ فُقِدَانِ الْوَظَائِفِ الْعَصَبِيَّةِ أَلْادْرَاكِيَّةِ,arabic_speech_corpus_wordtier,gold_diacritized_text,
asc_main_ARA NORM  0630,arabic_sentence_ending_training\data\raw\arabic_speech_corpus\arabic-speech-corpus\wav\ARA NORM  0630.wav,وَجَاءَ فِي الْوَ^ِيقَةِ أَنَّ الْأَطِبَّاءَ نَصَحُوا عَائِلَةَ مَانْدِيلَّا بِوَقْفِ أَجْهِزَةِ التَّنَفُّسِ الْإِصْطِنَاعِيِّ أَلَّتِي تُبْقِيهِ عَلَى قَيْدِ الْحَيَاةِ وَأَنَ عَائِلَةَ مَانْدِيلَّا تُفَكِّرُ فِي هَذَا الْخِيَارِ,arabic_speech_corpus_wordtier,gold_diacritized_text,
asc_main_ARA NORM  0631,arabic_sentence_ending_training\data\raw\arabic_speech_corpus\arabic-speech-corpus\wav\ARA NORM  0631.wav,وَقَدَّمَتْ أَلْعَائِلَةُ هَذِهِ الْوَ^ِيقَةَ أَلْأُسْبُوعَ الْمَاضِيَ إِلَى مَحْكَمَةِ مَتْهَاتَا جَنُوبُ فِي إِطَارِ قَضِيَّةِ نَقْلِ رُفَاتِ أَوْلَادِ مَانْدِيلَّا لِإِعَادَةِ دَفْنِهَا,arabic_speech_corpus_wordtier,gold_diacritized_text,
asc_main_ARA NORM  0632,arabic_sentence_ending_training\data\raw\arabic_speech_corpus\arabic-speech-corpus\wav\ARA NORM  0632.wav,وَكُسِرَ بَلُّورُ الْمَبْنَى فِي حِينِ تَرَاجَعَتْ قُوَّاتُ الشُّرْطَةِ أَمَامَ الْمُحْتَجِّينَ,arabic_speech_corpus_wordtier,gold_diacritized_text,
asc_main_ARA NORM  0633,arabic_sentence_ending_training\data\raw\arabic_speech_corpus\arabic-speech-corpus\wav\ARA NORM  0633.wav,قَالَ الرَّئِيسُ الْفَرَنْسِيُّ فْرَنْسْوا هَولَانْدْ أَلْأَرْبِعَاءَ فِي بَرْلِينْ أَنَّهُ أَعْطَى عَلَى الْفَوْرِ أَلْإِذْنَ بِتَحْلِيقِ الطَّائِرَةِ الَّتِي تَقُلُّ الرَّئِيسَ الْبُولِيفِيَّ إِيَفُو مُورَالِيسْ حِينَ عَلِمَ أَنَّ هَذَا الْأَخِيْرُ كَانَ فِي الطَّائِرَةِ,arabic_speech_corpus_wordtier,gold_diacritized_text,
asc_main_ARA NORM  0634,arabic_sentence_ending_training\data\raw\arabic_speech_corpus\arabic-speech-corpus\wav\ARA NORM  0634.wav,وَخَاصَّةً الطَّوِيلَ التِّيلَةِ,arabic_speech_corpus_wordtier,gold_diacritized_text,
asc_main_ARA NORM  0635,arabic_sentence_ending_training\data\raw\arabic_speech_corpus\arabic-speech-corpus\wav\ARA NORM  0635.wav,أَصْبَحَتْ شَدِيدَةَ التَّكْلُفَةِ,arabic_speech_corpus_wordtier,gold_diacritized_text,
asc_main_ARA NORM  0636,arabic_sentence_ending_training\data\raw\arabic_speech_corpus\arabic-speech-corpus\wav\ARA NORM  0636.wav,مُبْرِزاً أَنَّ فِئَةَ الشَّبَابِ وَخِرِّيجِي أَلْجَامِعَاتِ هُمُ الْأَكْ^َرُ بِطَالَةً,arabic_speech_corpus_wordtier,gold_diacritized_text,
asc_main_ARA NORM  0637,arabic_sentence_ending_training\data\raw\arabic_speech_corpus\arabic-speech-corpus\wav\ARA NORM  0637.wav,وَخَلَصَ التَّحْقِيقُ الَّذِي أَجْرَاهُ الدِّيوَانُ الْجَزَائِرِيُّ لِلْإِحْصَائِيَّاتِ خِلَالَ شَهْرَيْ أَبْرِيلْ نِيسَانْ وَسِبْتَمْبَر أَيْلُولَ الْمَاضِيَيْنِ إِلَى أَنَّ النِّسْبَةَ الْعَامَّةَ لِلْبِطَالَةِ فِي الْبِلَادِ تُقَدَّرُ بِعَشرةٍ فاصِلَة سِتَّةَ بِالْمِئَةِ خِلَالَ شَهْرِ سِبْتَمْبَرَ أَيْلُولَ الْمَاضِي,arabic_speech_corpus_wordtier,gold_diacritized_text,
asc_main_ARA NORM  0638,arabic_sentence_ending_training\data\raw\arabic_speech_corpus\arabic-speech-corpus\wav\ARA NORM  0638.wav,وَهُوَ مَا يُعَادِلُ أَلْفاً وَمئَتَيْنِ وَأَربَعَةَ عَشَرَ مِلْيُونَ عَاطِلٍ عَنِ الْعَمَلِ,arabic_speech_corpus_wordtier,gold_diacritized_text,
asc_main_ARA NORM  0639,arabic_sentence_ending_training\data\raw\arabic_speech_corpus\arabic-speech-corpus\wav\ARA NORM  0639.wav,وَتَمَّ تَوْقِيعُ عَقْدِ اسْتِيرَادِ سِتِّ شُحْنَاتٍ جَزَائِرِيَّةٍ تَتَضَمَّنُ كُلٌّ مِنْهَا ^َمانِيَ مِئَةٍ وَخَمْسِينَ أَلْفَ مِتْرٍ مُكَعَّبٍ مِنَ الْغَازِ الطَّبِيعِيِّ الْمُسَالِ,arabic_speech_corpus_wordtier,gold_diacritized_text,
asc_main_ARA NORM  0640,arabic_sentence_ending_training\data\raw\arabic_speech_corpus\arabic-speech-corpus\wav\ARA NORM  0640.wav,وَلْمْ يَذْكُرِ الْبَيَانُ سِعْرَ الْغَازِ الْمُسْتَوْرَدِ,arabic_speech_corpus_wordtier,gold_diacritized_text,
asc_main_ARA NORM  0641,arabic_sentence_ending_training\data\raw\arabic_speech_corpus\arabic-speech-corpus\wav\ARA NORM  0641.wav,وَجَدَ عُلَمَاءُ أَنَّ الْأَشْخاصَ الَّذِينَ يَحْظَوْنَ بِنَوْمٍ أَطْوَلَ وَأَفْضَلَ قَبْلَ بُلُوغِهِم عُمْرَ السِّتِّينَ تَتَأَخَّرُ لَدَيْهِمُ تَغَيُّرَاتُ الذَّاكِرَةِ وَالتَّفْكِيرِ الْمُرْتَبِطَةُ بَالشَّيْخُوخَةِ,arabic_speech_corpus_wordtier,gold_diacritized_text,
asc_main_ARA NORM  0642,arabic_sentence_ending_training\data\raw\arabic_speech_corpus\arabic-speech-corpus\wav\ARA NORM  0642.wav,أَمَّا الْأَشْخَاصُ الَّذِينَ يَنَامُونَ أَقَلَّ فَقَدْ يُصْبِحُونَ أَكْ^َرَ نِسْيَاناً وَيُوَاجِهُونَ صُعُوبَاتٍ فِي الْوَظَائِفِ الْعَقْلِيَّةِ,arabic_speech_corpus_wordtier,gold_diacritized_text,
asc_main_ARA NORM  0643,arabic_sentence_ending_training\data\raw\arabic_speech_corpus\arabic-speech-corpus\wav\ARA NORM  0643.wav,لِذَا يُنْصَحُ الشَّخْصُ عِنْدَ بُلُوغِهِ مُنْتَصَفَ الْعُمْرِ بِأَنْ يَزِيدَ مِنَ النَّوْمِ خِلَالَ النَّهَارِ مِ^ْلَ نَوْمِ الْقَيْلُولَةِ بَعْدَ الظُّهْرِ,arabic_speech_corpus_wordtier,gold_diacritized_text,
asc_main_ARA NORM  0644,arabic_sentence_ending_training\data\raw\arabic_speech_corpus\arabic-speech-corpus\wav\ARA NORM  0644.wav,شَرِيطَةَ أَنْ لَا تُؤَ^ِّرَ الْقَيْلُولَةُ عَلَى نَوْمِ اللَّيْلِ,arabic_speech_corpus_wordtier,gold_diacritized_text,
asc_main_ARA NORM  0645,arabic_sentence_ending_training\data\raw\arabic_speech_corpus\arabic-speech-corpus\wav\ARA NORM  0645.wav,وَرَاجَعَ الْبَاحِ^ُونَ مِائَتَيْ دِرَاسَةٍ حَوْلَ النَّوْمِ وَالْوَظَائِفِ الْعَقْلِيَّةِ,arabic_speech_corpus_wordtier,gold_diacritized_text,
asc_main_ARA NORM  0646,arabic_sentence_ending_training\data\raw\arabic_speech_corpus\arabic-speech-corpus\wav\ARA NORM  0646.wav,قَالَ بَاحِ^ُونَ فَرَنْسِيُّونَ إِنَّهُمْ إِبْتَكَرُوا رُقَاقَةً إِلِكْتْرُونِيَّةً صَغِيرَةً قَدْ تُسَاعِدُ الْمَشْلُولِينَ عَلَى الْمَشْيِ بِاسْتِقْلَالِيَّةٍ,arabic_speech_corpus_wordtier,gold_diacritized_text,
asc_main_ARA NORM  0647,arabic_sentence_ending_training\data\raw\arabic_speech_corpus\arabic-speech-corpus\wav\ARA NORM  0647.wav,مُشِيرِينَ إِلَى أَنَّ تَجَارِبَهُمْ نَجَحَتْ مَعَ فِئْرَانٍ مَشْلُولَةٍ,arabic_speech_corpus_wordtier,gold_diacritized_text,
asc_main_ARA NORM  0648,arabic_sentence_ending_training\data\raw\arabic_speech_corpus\arabic-speech-corpus\wav\ARA NORM  0648.wav,وَأَشَارَ الْبَاحِ^ُونَ إِلَى أَنَّهُمْ صَنَعُوا الرُّقَاقَةَ مِنْ مَادَّةٍ تُحَاكِي الْأَنْسِجَةَ أَلرَّخْوَةَ الْمُحِيطَةَ بِالْعَمُودِ الْفِقْرِيِّ,arabic_speech_corpus_wordtier,gold_diacritized_text,
asc_main_ARA NORM  0649,arabic_sentence_ending_training\data\raw\arabic_speech_corpus\arabic-speech-corpus\wav\ARA NORM  0649.wav,أَظْهَرَتْ دِرَاسَةٌ نَشَرَتْهَا جَرِيدَةُ لانْسيت الطِّبِّيَّةُ الْبَرِيطَانِيَّةُ زِيَادَةَ مُتَوَسِّطِ عُمْرِ الْإِنْسَانِ بسِتِّ سَنَوَاتٍ,arabic_speech_corpus_wordtier,gold_diacritized_text,
asc_main_ARA NORM  0650,arabic_sentence_ending_training\data\raw\arabic_speech_corpus\arabic-speech-corpus\wav\ARA NORM  0650.wav,وَزَادَ مُتَوَسِّطُ عُمْرِ الْإِنْسَانِ فِي دُوَلٍ نَامِيَةٍ مِ^ْلَ نِيبَالَ وَرُوَانْدَا وَإِ^ْيُوبْيَا وَالنَّيْجِرِ وَإِيرَانَ بِإِ^نا عَشَرَ عَاماً,arabic_speech_corpus_wordtier,gold_diacritized_text,
asc_main_ARA NORM  0651,arabic_sentence_ending_training\data\raw\arabic_speech_corpus\arabic-speech-corpus\wav\ARA NORM  0651.wav,وَأَدَّى انْتِشَارُ مَرَضِ نَقْصِ الْمَنَاعَةِ الْمُكْتَسَبِ أَلْإِيدْز فِي دُوَلٍ مِ^ْلِ جَنُوبِ أَفْرِيقْيَا وَبُتُسْوَانَا وَنَامِيبْيَا إِلَى انْخِفَاضِ مُتَوَسِّطِ عُمْرِ الْإِنْسَانِ فِي تِلْكَ الْبِلَادِ بِخَمْسِ سَنَوَاتٍ,arabic_speech_corpus_wordtier,gold_diacritized_text,
asc_main_ARA NORM  0652,arabic_sentence_ending_training\data\raw\arabic_speech_corpus\arabic-speech-corpus\wav\ARA NORM  0652.wav,كَمَا حَزِنَ عُشَّاقُ أَلْعَابِ الْفِيدْيُو لِوَفَاةِ مُبْتَكِرِ أَوَّلِ مِنَصَّةِ أَلْعَابٍ,arabic_speech_corpus_wordtier,gold_diacritized_text,
asc_main_ARA NORM  0653,arabic_sentence_ending_training\data\raw\arabic_speech_corpus\arabic-speech-corpus\wav\ARA NORM  0653.wav,وَتَصَاعَدَ الإِهْتِمَامُ بِالْخُصُوصِيَّةِ وَتَشْفِيرِ الْبَيَانَاتِ,arabic_speech_corpus_wordtier,gold_diacritized_text,
asc_main_ARA NORM  0654,arabic_sentence_ending_training\data\raw\arabic_speech_corpus\arabic-speech-corpus\wav\ARA NORM  0654.wav,وَأَنَّهَا قَدْ تُؤَ^ِّرُ سَلْبِيّاً عَلَى الْعَلَاقَةِ بَيْنَ الزَّوْجَيْنِ,arabic_speech_corpus_wordtier,gold_diacritized_text,
asc_main_ARA NORM  0655,arabic_sentence_ending_training\data\raw\arabic_speech_corpus\arabic-speech-corpus\wav\ARA NORM  0655.wav,فَإِنَّ الْآخَرَ يَشْعُرُ بِأَنَّهُ مُهْمَلٌ وَغَيْرُ مُسْتَقِرٍّ فِي الْعَلَاقَةِ,arabic_speech_corpus_wordtier,gold_diacritized_text,
asc_main_ARA NORM  0656,arabic_sentence_ending_training\data\raw\arabic_speech_corpus\arabic-speech-corpus\wav\ARA NORM  0656.wav,وَدَعَتْ دُوَلُ الْعَالَمِ إِلَى أَنْ تَحْذُوَ حَذْوَ أَورُوغْوَاي أَلَّتِي نُقِلَ إِلَيْهَا الْمُعْتَقَلُونْ مِنْ أَجْلِ إِنْهَاءِ الظُّلْمِ الَّذِي طَالَ أَمَدُهُ وَالْمُتَمَ^ِّلِ فِي اعْتِقَالِ أَشْخَاصٍ إِلَى أَجَلٍ غَيْرِ مُسَمّى مِنْ دُونِ اتِّهَامٍ,arabic_speech_corpus_wordtier,gold_diacritized_text,
asc_main_ARA NORM  0657,arabic_sentence_ending_training\data\raw\arabic_speech_corpus\arabic-speech-corpus\wav\ARA NORM  0657.wav,حَسَبَ تَصْرِيحٍ لِمَسْؤُولَةٍ بِالْمُنَظَّمَةِ,arabic_speech_corpus_wordtier,gold_diacritized_text,
asc_main_ARA NORM  0658,arabic_sentence_ending_training\data\raw\arabic_speech_corpus\arabic-speech-corpus\wav\ARA NORM  0658.wav,بَعْدَ أَنْ قَضَوْا إِ^ْنَتَا عَشْرَةَ سَنَةً مِنَ الْإِحْتِجَازِ مِنْ دُونِ مُحَاكَمَةٍ,arabic_speech_corpus_wordtier,gold_diacritized_text,
asc_main_ARA NORM  0659,arabic_sentence_ending_training\data\raw\arabic_speech_corpus\arabic-speech-corpus\wav\ARA NORM  0659.wav,وَالَّذِي شَهِدَ حَالَاتِ تَعْذِيبٍ حَسَبَ مُنَظَّمَاتٍ حُقُوقِيَّةٍ,arabic_speech_corpus_wordtier,gold_diacritized_text,
asc_main_ARA NORM  0660,arabic_sentence_ending_training\data\raw\arabic_speech_corpus\arabic-speech-corpus\wav\ARA NORM  0660.wav,وَمُنَظِّمٌ لَاسِلْكِيٌّ لِضَرَبَاتِ الْقَلْبِ,arabic_speech_corpus_wordtier,gold_diacritized_text,
asc_main_ARA NORM  0661,arabic_sentence_ending_training\data\raw\arabic_speech_corpus\arabic-speech-corpus\wav\ARA NORM  0661.wav,أَمَّا جَائِزَةُ نُوبِلَ فِي الطِّبِّ فَقَدْ فَازَ بِهَا ^َلَا^َةُ عُلَمَاءَ بِسَبَبِ اكْتِشَافِهِمْ خَلَايَا نِظَامِ تَحْدِيدِ الْمَوَاقِعِ الدَّاخِلِيِّ فِي الدِّمَاغِ,arabic_speech_corpus_wordtier,gold_diacritized_text,
asc_main_ARA NORM  0662,arabic_sentence_ending_training\data\raw\arabic_speech_corpus\arabic-speech-corpus\wav\ARA NORM  0662.wav,وَتُشِيرُ تَقْدِيرَاتُ بَرْنَامَجِ الْأُمَمِ الْمُتَّحِدَةِ لِلْمُسْتَوْطَنَاتِ الْبَشَرِيَّةِ إِلَى أَنَّ سِتَّةً وَخَمْسِينَ بِالْمِئَةِ مِنْ سُكَّانِ الْعَالَمِ الْعَرَبِيِّ يَعِيشُونَ فِي مُدُنٍ وَمَرَاكِزَ عُمْرَانِيَّةٍ وَهِيَ نِسْبَةٌ زَادَتْ بِأَكْ^َرَ مِنْ أَرْبَعَةِ أَضْعافٍ بَيْنَ عَامَيْ أَلْفْ وَتِسْعِ مِئَةٍ وَتِسْعينَ وأَلْفَيْنِ وَعَشَرَةَ,arabic_speech_corpus_wordtier,gold_diacritized_text,
asc_main_ARA NORM  0663,arabic_sentence_ending_training\data\raw\arabic_speech_corpus\arabic-speech-corpus\wav\ARA NORM  0663.wav,وَلَمْ يَخْتَلِفِ الْحَالُ كَ^ِيراً فِي بَرِيطَانْيَا,arabic_speech_corpus_wordtier,gold_diacritized_text,
asc_main_ARA NORM  0664,arabic_sentence_ending_training\data\raw\arabic_speech_corpus\arabic-speech-corpus\wav\ARA NORM  0664.wav,أُولَى هَذِهِ الظَّوَاهِرِ سَتَكُونُ يَوْمَ الْعَاشِرِ مِنْ يَنَايِر كانُونَ ال^َّانِي أَلْحَالِي بَعْدَ غُرُوبِ الشَّمْسِ بِقَلِيلٍ,arabic_speech_corpus_wordtier,gold_diacritized_text,
asc_main_ARA NORM  0665,arabic_sentence_ending_training\data\raw\arabic_speech_corpus\arabic-speech-corpus\wav\ARA NORM  0665.wav,وَسَتَكُونُ لَيْلَةُ الْحَادي عَشَرْ مِنْ يَنايِرْ كَانُونَ ال^َّانِي أَفْضَلَ وَقْتٍ لِمُشَاهَدَةِ الْمُذَنَّبِ لُوفْجُوي بِالْعَيْنِ الْمُجَرَّدَةِ بَعِيداً عَنِ التَّلَوُّ^ِ الضَّوْئِيِّ,arabic_speech_corpus_wordtier,gold_diacritized_text,
asc_main_ARA NORM  0666,arabic_sentence_ending_training\data\raw\arabic_speech_corpus\arabic-speech-corpus\wav\ARA NORM  0666.wav,حَذَّرَ المُخْتَصُّونَ سَابِقاً مِنْ أَنَّ الْهَوَاتِفَ الذَّكِيَّةَ وَالْحَوَاسِيبَ اللَّوْحِيَّةَ تُرْبِكُ الْحَيَاةَ الْأُسَرِيَّةَ وَتُسَبِبُّ الْحِرْمَانَ مِنَ النَّوْمِ,arabic_speech_corpus_wordtier,gold_diacritized_text,
asc_main_ARA NORM  0667,arabic_sentence_ending_training\data\raw\arabic_speech_corpus\arabic-speech-corpus\wav\ARA NORM  0667.wav,لَكِنَّ الْجَدِيدَ الْآنَ هُوَ أَنَّهَا تُؤَدِّي إِلَى شَيْخُوخَةٍ مُبَكِّرَةٍ,arabic_speech_corpus_wordtier,gold_diacritized_text,
asc_main_ARA NORM  0668,arabic_sentence_ending_training\data\raw\arabic_speech_corpus\arabic-speech-corpus\wav\ARA NORM  0668.wav,فَقَدْ حَذَّرَ اسْتِشَارِيُّو الْأَمْرَاضِ الْجِلْدِيَّةِ فِي بَرِيطَانْيَا مِنْ أَنَّ تَكْرارَ انْحِنَاءِ الْعُنُقِ أَ^ْنَاءَ النَّظَرِ إِلَى شَاشَاتِ هَذِهِ الْأَجْهِزَةِ يُمْكِنُ أَنْ يُؤَدِّيَ إِلَى تَرَهُّلِ الْجِلْدِ وَتَدَلِّيَ اللُّغْدِ وَتَجَعُّدٍ وَاضِحٍ فَوْقَ التُّرْقُوَةِ,arabic_speech_corpus_wordtier,gold_diacritized_text,
asc_main_ARA NORM  0669,arabic_sentence_ending_training\data\raw\arabic_speech_corpus\arabic-speech-corpus\wav\ARA NORM  0669.wav,وَتَظْهَرُ فِي الْأَغْلَبِ بَيْنَ الَّذِينَ تَتَرَاوَحُ أَعْمَارُهُمْ بَيْنَ ^َمانِيَ عَشْرَةَ وَتِسْعَ وَ^َلا^ينَ سَنَةً,arabic_speech_corpus_wordtier,gold_diacritized_text,
asc_main_ARA NORM  0670,arabic_sentence_ending_training\data\raw\arabic_speech_corpus\arabic-speech-corpus\wav\ARA NORM  0670.wav,يُوَافِقُ هَذَا الْعَامُ وُقُوعَ أَحْدَا^ٍ هَامَّةٍ فِي تَارِيخِ عِلْمِ الْبَصَرِيَّاتِ أَبْرَزُهَا مُرُورُ أَلْفِ سَنَةٍ عَلَى تَأْلِيفِ الْعَالِمِ الْعَرَبِيِّ إِبْنِ الْهَيْ^َمِ كِتَابَ الْمَنَاظِرِ الَّذِي وَضَعَ فِيهِ أُسُسَ هَذَا الْعِلْمِ,arabic_speech_corpus_wordtier,gold_diacritized_text,
asc_main_ARA NORM  0671,arabic_sentence_ending_training\data\raw\arabic_speech_corpus\arabic-speech-corpus\wav\ARA NORM  0671.wav,وَسَتُنَظَّمُ بِالْمُنَاسَبَةِ الْعَدِيدُ مِنَ التَّظَاهُرَاتِ الْعِلْمِيَّةِ وَال^َّقَافِيَّةِ وَالْمَعَارِضِ التَّفَاعُلِيَّةِ حَوْلَ مَكَانَةِ الضُّوءِ وَالتِّكْنُولُوجْيَاتِ أَلْمُرْتَبِطَةِ بِهِ فِي حَيَاةِ الْإِنْسَانِ وَبِنَاءِ الْحَضَارَةِ فِي الْعَصْرِ الْحَدِي^ِ,arabic_speech_corpus_wordtier,gold_diacritized_text,
asc_main_ARA NORM  0672,arabic_sentence_ending_training\data\raw\arabic_speech_corpus\arabic-speech-corpus\wav\ARA NORM  0672.wav,وَسَتَنْطَلِقُ فَعَّالِيَّاتُ السَّنَةِ الدَّوْلِيَّةِ لِلضُّوءِ بِمُؤْتَمَرٍ يُنَظَّمُ بِمَقَرِّ الْيُونِسْكُو فِي الْعَاصِمَةِ الْفَرَنْسِيَّةِ تَحْضُرُهُ مِئَاتُ الشَّخْصِيَّاتِ بَيْنَ عُلَمَاءَ وَبَاحِ^ِينَ وَمُهَنْدِسِينَ وَصِنَاعِيِّينَ وَفَنَّانِينَ وَدِبْلُومَاسِيِّينَ مِنْ مُخْتَلِفَ بُلْدَانِ الْعَالَمِ,arabic_speech_corpus_wordtier,gold_diacritized_text,
asc_main_ARA NORM  0673,arabic_sentence_ending_training\data\raw\arabic_speech_corpus\arabic-speech-corpus\wav\ARA NORM  0673.wav,وَسَتَشْهَدُ الْجَلْسَةُ الْإِفْتِتَاحِيَّةُ مُدَاخَلَاتٍ لِخَمْسَةٍ مِنْ كِبَارِ الْعُلَمَاءِ أَلْحَائِزِينَ عَلَى جَوَائِزِ نُوبِلَ مِنْ بَيْنِهِمْ أَلدُّكْتُورْ أَحْمَدُ زُوَيلْ أَلْحَائِزُ عَلَى جَائِزَةِ نُوبَلَ فِي الْكِيمْيَاءِ,arabic_speech_corpus_wordtier,gold_diacritized_text,
asc_main_ARA NORM  0674,arabic_sentence_ending_training\data\raw\arabic_speech_corpus\arabic-speech-corpus\wav\ARA NORM  0674.wav,وَالْعُزْلَةُ عَنِ الْأُسْرَةِ وَالْأَقْرَانِ,arabic_speech_corpus_wordtier,gold_diacritized_text,
asc_main_ARA NORM  0675,arabic_sentence_ending_training\data\raw\arabic_speech_corpus\arabic-speech-corpus\wav\ARA NORM  0675.wav,وَإِضْطِرَابَاتِ النَّوْمِ,arabic_speech_corpus_wordtier,gold_diacritized_text,
asc_main_ARA NORM  0676,arabic_sentence_ending_training\data\raw\arabic_speech_corpus\arabic-speech-corpus\wav\ARA NORM  0676.wav,مِنْهَا الْإِنْخِرَاطُ فِي مُعَسْكَرَاتِ تَدْرِيبٍ تَقُومُ بِإِعَادَةِ تَأْهِيلٍ قَاسِيَّةٍ,arabic_speech_corpus_wordtier,gold_diacritized_text,
asc_main_ARA NORM  0677,arabic_sentence_ending_training\data\raw\arabic_speech_corpus\arabic-speech-corpus\wav\ARA NORM  0677.wav,وَشَغَلَتْ وَسَائِلَ الْإِعْلَامِ أَلْمُنَقَسِمَةَ عَلَى تَفْسِيرِهَا وَقِرَاءَةِ دَلَالَاتِهَا السِّيَاسِيَّةِ وَالْإِجْتِمَاعِيَّةِ وَالنَّفْسِيَّةِ,arabic_speech_corpus_wordtier,gold_diacritized_text,
asc_main_ARA NORM  0678,arabic_sentence_ending_training\data\raw\arabic_speech_corpus\arabic-speech-corpus\wav\ARA NORM  0678.wav,فَقَدِ اسْتَقْبَلَ الرَّئِيسُ التُّرْكِيُّ فِي الْقَصْرِ الرِّئَاسِيِّ الْجَدِيدِ بِأَنْقَرَةَ أَلْأُسْبُوعَ الْمَاضِيَ نَظِيرَهُ الْفِلَسْطِينِيَّ مَحْمُودَ عَبَّاسْ بِمَرَاسِمَ مُطَعَّمَةٍ بِأَمْجَادِ سِتَّ عَشْرَةَ إِمْبْرَاطُورِيَّةً تُرْكِيَّةً,arabic_speech_corpus_wordtier,gold_diacritized_text,
asc_main_ARA NORM  0679,arabic_sentence_ending_training\data\raw\arabic_speech_corpus\arabic-speech-corpus\wav\ARA NORM  0679.wav,وَظَهَرَ الْجُنُودُ مَرَّةً أُخْرَى بِ^ِيَابِهُمُ الْمُطَابِقَةِ لِأَزْيَاءِ الْجُنْدِ فِي الدُّوَلِ الْبَائِدَةِ عِنْدَ اسْتِقْبَالِ أَرْدُوغَانَ لِنَظِيرِهِ الْأَذَرِيِّ إِلْهَامْ عَلْيِيفْ يَوْمَ الْخَمِيسِ الْمَاضِي,arabic_speech_corpus_wordtier,gold_diacritized_text,
asc_main_ARA NORM  0680,arabic_sentence_ending_training\data\raw\arabic_speech_corpus\arabic-speech-corpus\wav\ARA NORM  0680.wav,فِي تَجْسِيدٍ بَشَرِيٍّ لِلدُّوَلِ التُّرْكِيَّةِ أَلَّتِي ظَلَّ يُرْمَزُ إِلَيْهَا بِسِتِّ عَشْرَةَ نَجْمَةً فِي شِعَارِ رِئَاسَةِ الْجُمْهُورِيَّةِ التُّرْكِيَّةِ,arabic_speech_corpus_wordtier,gold_diacritized_text,
asc_main_ARA NORM  0681,arabic_sentence_ending_training\data\raw\arabic_speech_corpus\arabic-speech-corpus\wav\ARA NORM  0681.wav,كَشَفَ بَاحِ^ُونَ فِي جَامِعَةِ سُري أَلْبَرِيطَانِيَّةِ فِي إِحْدَى دِرَاسَاتِهِم أَنَّ إِغْمَاضَ الْعَيْنَيْنِ هُوَ أَفْضَلُ طَرِيقَةٍ لِاسْتِرْجَاعِ الذِّكْرِيَاتِ,arabic_speech_corpus_wordtier,gold_diacritized_text,
asc_main_ARA NORM  0682,arabic_sentence_ending_training\data\raw\arabic_speech_corpus\arabic-speech-corpus\wav\ARA NORM  0682.wav,وَأَنَّهُ قَدْ يُسَاعِدُ عَلَى الْعُ^ُورِ عَلَى الأَشْيَاءِ الضَّائِعَةِ مِ^ْلَ مَفَاتِيحَ السَّيَّارَةِ أَلَّتِي قَدْ يُضْطَرُّ الْإِنْسَانُ لِلْبَحْ^ِ عَنْهَا بِشَكْلٍ يَوْمِيٍّ,arabic_speech_corpus_wordtier,gold_diacritized_text,
asc_main_ARA NORM  0683,arabic_sentence_ending_training\data\raw\arabic_speech_corpus\arabic-speech-corpus\wav\ARA NORM  0683.wav,أَلْمَسَارُ الْإِسْتِ^ْنَائِيُّ لِنَاصِرِ الْعَطِيَّة,arabic_speech_corpus_wordtier,gold_diacritized_text,
asc_main_ARA NORM  0684,arabic_sentence_ending_training\data\raw\arabic_speech_corpus\arabic-speech-corpus\wav\ARA NORM  0684.wav,أَوَّلُ سَيّارَةٍ تُصْنَعُ بِطابِعَةٍ ^ُلا^يَّةُ الأَبْعاد,arabic_speech_corpus_wordtier,gold_diacritized_text,
asc_main_ARA NORM  0685,arabic_sentence_ending_training\data\raw\arabic_speech_corpus\arabic-speech-corpus\wav\ARA NORM  0685.wav,طَوَّرَ مَعْهَدُ بُحُو^ِ الْأَرْصَادِ الْجَوّيَّةِ فِي فِنْلَنْدَا خِدْمَةً فَضَائِيَّةَ لِمُرَاقَبَةِ نَشَاطِ الشَّفَقِ الْقُطْبِيِّ وَفَهْمِ أَسْرَارِهِ,arabic_speech_corpus_wordtier,gold_diacritized_text,
asc_main_ARA NORM  0686,arabic_sentence_ending_training\data\raw\arabic_speech_corpus\arabic-speech-corpus\wav\ARA NORM  0686.wav,هِوَايَةٌ تَحَوَّلَتْ إِلَى مِهْنَةٍ بِالنِّسْبَةِ لِلْعَدِيدِ مِنْ عُشَّاقِ هَذِهِ الطُّيُورِ الْجَمِيلَةِ,arabic_speech_corpus_wordtier,gold_diacritized_text,
asc_main_ARA NORM  0687,arabic_sentence_ending_training\data\raw\arabic_speech_corpus\arabic-speech-corpus\wav\ARA NORM  0687.wav,وَلُغَةَ قُرَيْشٍ عَلَى بَاقِي اللُّغَاتِ,arabic_speech_corpus_wordtier,gold_diacritized_text,
asc_main_ARA NORM  0688,arabic_sentence_ending_training\data\raw\arabic_speech_corpus\arabic-speech-corpus\wav\ARA NORM  0688.wav,أَللُّغَةُ الْعَرَبِيَّةُ لُغَةٌ سَامِيَّةٌ وُلِدَتْ فِي صَحْرَاءِ الْجَزِيرَةِ الْعَرَبِيَّةِ مُنْذُ قُرُونٍ,arabic_speech_corpus_wordtier,gold_diacritized_text,
asc_main_ARA NORM  0689,arabic_sentence_ending_training\data\raw\arabic_speech_corpus\arabic-speech-corpus\wav\ARA NORM  0689.wav,تَجْرِبَةُ أَحْمَد عُمَر يَافُوز,arabic_speech_corpus_wordtier,gold_diacritized_text,
asc_main_ARA NORM  0690,arabic_sentence_ending_training\data\raw\arabic_speech_corpus\arabic-speech-corpus\wav\ARA NORM  0690.wav,تُسَاهِمُ وَسَائِلُ التَّوَاصُلِ الإِجْتِمَاعِيِّ فِي تَخَطِّي الْعَقَبَاتِ أَمَامَ النَّشْرِ بِمَا فِيهَا الرَّقَابَةُ,arabic_speech_corpus_wordtier,gold_diacritized_text,
asc_main_ARA NORM  0691,arabic_sentence_ending_training\data\raw\arabic_speech_corpus\arabic-speech-corpus\wav\ARA NORM  0691.wav,قُصْرُ قَرْطَاجَ,arabic_speech_corpus_wordtier,gold_diacritized_text,
asc_main_ARA NORM  0692,arabic_sentence_ending_training\data\raw\arabic_speech_corpus\arabic-speech-corpus\wav\ARA NORM  0692.wav,أَلَّذِي كَانَ يُ^ِيرُ الْفُضُولَ وَالْخَوْفَ لَدَى التُّونِسِيِّينَ,arabic_speech_corpus_wordtier,gold_diacritized_text,
asc_main_ARA NORM  0693,arabic_sentence_ending_training\data\raw\arabic_speech_corpus\arabic-speech-corpus\wav\ARA NORM  0693.wav,أَلطِّفْلُ الصَّغِيرُ الَّذِي كَانَ يُحِبُّ الإِسْتِمَاعَ لِحِكَايَاتِ وَأَسَاطِيرِ أُمِّهِ,arabic_speech_corpus_wordtier,gold_diacritized_text,
asc_main_ARA NORM  0694,arabic_sentence_ending_training\data\raw\arabic_speech_corpus\arabic-speech-corpus\wav\ARA NORM  0694.wav,مُتَخَصِّصٌ فِي تَجْلِيدِ الْكُتُبِ وِفْقَ الطِّرَازِ الْإِسْلَامِيِّ,arabic_speech_corpus_wordtier,gold_diacritized_text,
asc_main_ARA NORM  0695,arabic_sentence_ending_training\data\raw\arabic_speech_corpus\arabic-speech-corpus\wav\ARA NORM  0695.wav,أَدَّى اعْتِقَالُ طَالِبٍ فِي الْقَاهِرَةِ وَبِحَوْزَتِهِ نُسْخَةٌ مِنْ رِوَايَةِ جُورْجْ أُورْويل أَلْفٌ وَتِسْعُ مِئَةٍ وَأَربَعةٌ وَ^َمانونَ إِلَى عَوْدَةِ الْإِهْتِمَامِ بِهَذِهِ الرِّوَايَةِ فِي مِصْرَ,arabic_speech_corpus_wordtier,gold_diacritized_text,
asc_main_ARA NORM  0696,arabic_sentence_ending_training\data\raw\arabic_speech_corpus\arabic-speech-corpus\wav\ARA NORM  0696.wav,أَلطِّفْلُ الصَّغِيرُ الَّذِي كَانَ يُحِبُّ الْإِسْتِمَاعَ لِحِكَايَاتِ وَأَسَاطِيرِ أُمِّهِ,arabic_speech_corpus_wordtier,gold_diacritized_text,
asc_main_ARA NORM  0697,arabic_sentence_ending_training\data\raw\arabic_speech_corpus\arabic-speech-corpus\wav\ARA NORM  0697.wav,مَاذا يَعْنِي عِيَارُ الذَّهَبِ,arabic_speech_corpus_wordtier,gold_diacritized_text,
asc_main_ARA NORM  0698,arabic_sentence_ending_training\data\raw\arabic_speech_corpus\arabic-speech-corpus\wav\ARA NORM  0698.wav,عِيَارُ الذَّهَبِ يُحَدِّدُ سِعْرَهُ,arabic_speech_corpus_wordtier,gold_diacritized_text,
asc_main_ARA NORM  0699,arabic_sentence_ending_training\data\raw\arabic_speech_corpus\arabic-speech-corpus\wav\ARA NORM  0699.wav,طَائِرَةُ إِسْعَافٍ لِلْحَالاتِ الْمُسْتَعْجَلَةِ,arabic_speech_corpus_wordtier,gold_diacritized_text,
asc_main_ARA NORM  0700,arabic_sentence_ending_training\data\raw\arabic_speech_corpus\arabic-speech-corpus\wav\ARA NORM  0700.wav,إِبْتَكَرَ طَالِبٌ جَامِعِيٌّ طَائِرَةَ إِسْعَافٍ بِدُونِ طَيَّارٍ يُمْكِنُهَا الْوُصُولُ فِي وَقْتٍ قِيَّاسِيٍّ لِنَجْدَةِ ضَحَايَا الأَزَمَاتِ الْقَلْبِيَّةِ,arabic_speech_corpus_wordtier,gold_diacritized_text,
asc_main_ARA NORM  0701,arabic_sentence_ending_training\data\raw\arabic_speech_corpus\arabic-speech-corpus\wav\ARA NORM  0701.wav,وَهُوَ أَوَّلُ دِينَاصُورٍعَاشَ فِي الْبِيئَتَيْنِ الْأَرْضِيَّةِ وَالْمَائِيَّةِ,arabic_speech_corpus_wordtier,gold_diacritized_text,
asc_main_ARA NORM  0004,C:\Users\Ali\Downloads\etib_project\etib\arabic_sentence_ending_training\data\raw\arabic_speech_corpus\arabic-speech-corpus\wav\ARA NORM  0004.wav,وَذَكَرَ التَّقْرِيرُ أَنَ تَرَاجُعَ مَسَاحَةِ الْجَلِيدِ يُمْكِنُ أَيُّخِلَّ بِمُعَدَّلَاتِ إِمْدَادَاتِ الْمِيَاهِ لِعَدَدٍ مِنْ أَنْهَارِ آسْيَا الرَّئِيسِيَّةِ الَّتِي تَمْبُعُ مِنَ الْهَضَبَةِ,arabic_speech_corpus_wordtier,gold_diacritized_text,وذكر التقرير أن تراجع مساحة الجليد يمكن أن يخل بمعدلات إمدادات المياه لعدد من أنهار آسيا الرئيسية التي تنبع من الهضبة
asc_main_ARA NORM  0006,C:\Users\Ali\Downloads\etib_project\etib\arabic_sentence_ending_training\data\raw\arabic_speech_corpus\arabic-speech-corpus\wav\ARA NORM  0006.wav,وَفِي الشَّوْطِ ال^َّانِي اسْتَعَادَ بَارِيسُ سَانْ جِيْرَمانُ مُسْتَوَاهُ وَحَقَّقَ التَّعَادُلَ عَنْ طَرِيقِ ابْرَاهِيمُوفِيتْش مِنْ تَسْدِيدَةٍ اسْتَعْصَتْ عَلَى الْحَارِسْ,arabic_speech_corpus_wordtier,gold_diacritized_text,وفي الشوط الثاني استعاد باريس سان جيرمان مستواه وحقق التعادل عن طريق ابراهيموفيتش من تسديدة استعصت على الحارس.
asc_main_ARA NORM  0007,C:\Users\Ali\Downloads\etib_project\etib\arabic_sentence_ending_training\data\raw\arabic_speech_corpus\arabic-speech-corpus\wav\ARA NORM  0007.wav,يَتَمَ^َّلُ الْإِبْدَاعُ الْفَنِّيُّ وَالْحَضَارِيُّ الَّذِي يَكْشِفُ عَنْهُ الْمَعْرِضُ فِي تُحَفٍ كَ^ِيرَةٍ مُتَنَوِّعَةٍ شَمِلَتْ عَشَرَاتِ الْأَزْيَاءِ الَّتِي نُسِجَتْ بِأَنَامِلَ ذَهَبِيَّةٍ عَكَسَتْ سِحْرَ وَبَهَاءَ التَّطْرِيزِ بِالْحَرِيرِ وَمَوَادَّ أُخْرَى,arabic_speech_corpus_wordtier,gold_diacritized_text,يتمثل الإبداع الفني والحضاري الذي يكشف عنه المعرض في تحف كثيرة متنوعة شملت عشرات الأزياء التي نسجت بأنامل ذهبية عكست سحر وبهاء التطريز بالحرير ومواد أخرى
asc_main_ARA NORM  0008,C:\Users\Ali\Downloads\etib_project\etib\arabic_sentence_ending_training\data\raw\arabic_speech_corpus\arabic-speech-corpus\wav\ARA NORM  0008.wav,إِضَافَةً إِلَى عَرْضِ أَنْوَاعٍ عَدِيدَةٍ مِنَ الْأَ^َا^ِ الْمُزَخْرَفِ وَالصَّنَادِيقِ وَالْأَوَانِي وَالْأَدَوَاتِ وَالْأَغْطِيَةِ وَاللَّوْحَاتِ الْفَنِّيَّةِ الْعَاكِسَةِ لِتِقْنِيَّاتٍ مُدْهِشَةٍ تُجَسِّدُ مَهَارَاتٍ حِرَفِيَّةً عَرَفَتْهَا الْأَنْدُلُسْ,arabic_speech_corpus_wordtier,gold_diacritized_text,إضافة إلى عرض أنواع عديدة من الأثاث المزخرف والصناديق والأواني والأدوات والأغطية واللوحات الفنية العاكسة لتقنيات مدهشة تجسد مهارات حرفية عرفتها الأندلس.
asc_main_ARA NORM  0009,C:\Users\Ali\Downloads\etib_project\etib\arabic_sentence_ending_training\data\raw\arabic_speech_corpus\arabic-speech-corpus\wav\ARA NORM  0009.wav,يَخْتَلِفُ الْهَاتِفُ الزَّكِيُّ عَنِ الْهَاتِفِ التَّقْلِيدِيِّ فِي أَنَّهُ يُقَدِّمُ عَدَداً مِنْ وَظَائِفِ الْحَوْسَبَةِ الْمُتَطَوِّرَةِ وَقُدُرَاتِ الْإِتِّصَالِ الْمُتَقَدِّمَةِ إِلَى جَانِبِ وَظَائِفِ الْهَاتِفِ التَّقْلِيدِيَّةِ الْأُخْرَى,arabic_speech_corpus_wordtier,gold_diacritized_text,يختلف الهاتف الذكي عن الهاتف التقليدي في أنه يقدم عددًا من وظائف الحوسبة المتطورة وقدرات الاتصال المتقدمة إلى جانب وظائف الهاتف التقليدية الأخرى.
asc_main_ARA NORM  0013,C:\Users\Ali\Downloads\etib_project\etib\arabic_sentence_ending_training\data\raw\arabic_speech_corpus\arabic-speech-corpus\wav\ARA NORM  0013.wav,لِيَتَمَكَّنَ الْقَارِئُ مِنْ مُتَابَعَةِ تَطَوُّرِ الْقِصَّةِ الْخَبَرِيَّةِ بِشَكْلٍ سَلِسٍ وَفَعَّالٍ,arabic_speech_corpus_wordtier,gold_diacritized_text,ليتمكن القارئ من متابعة تطور القصة الخبرية بشكل سلس وفعال
asc_main_ARA NORM  0014,C:\Users\Ali\Downloads\etib_project\etib\arabic_sentence_ending_training\data\raw\arabic_speech_corpus\arabic-speech-corpus\wav\ARA NORM  0014.wav,وَمِنْهَا أَيْضاً أَلدَّعْمُ الْمُتَقَدِّمُ لِلْأَرْشَفَةِ,arabic_speech_corpus_wordtier,gold_diacritized_text,ومنها أيضاً الدعم المتقدم للأرشفة
asc_main_ARA NORM  0015,C:\Users\Ali\Downloads\etib_project\etib\arabic_sentence_ending_training\data\raw\arabic_speech_corpus\arabic-speech-corpus\wav\ARA NORM  0015.wav,وَيَأْتِي التَّصْمِيمُ الْمُطَوَّرُ لِمَوْقِعِ الْجَزِيرَةِ نِتْ وِفْقاً لِمَفْهُومِ الْبَسَاطَةِ وَالتَّرْكِيزِ عَلَى أَوْلَوِيَّةِ الْمُحْتَوَى,arabic_speech_corpus_wordtier,gold_diacritized_text,ويأتي التصميم المطور لموقع الجزيرة نت وفقاً لمفهوم البساطة والتركيز على أولوية المحتوى
asc_main_ARA NORM  0016,C:\Users\Ali\Downloads\etib_project\etib\arabic_sentence_ending_training\data\raw\arabic_speech_corpus\arabic-speech-corpus\wav\ARA NORM  0016.wav,وَتَمَّ التَّرْكِيزُ أَيْضاً عَلَى مَفْهُومِ تَسْهِيلِ الْقِرَاءَةِ بِاخْتِيَارِ خُطُوطٍ مُلَائِمَةٍ,arabic_speech_corpus_wordtier,gold_diacritized_text,وتم التركيز أيضاً على مفهوم تسهيل القراءة باختيار خطوط ملائمة
asc_main_ARA NORM  0017,C:\Users\Ali\Downloads\etib_project\etib\arabic_sentence_ending_training\data\raw\arabic_speech_corpus\arabic-speech-corpus\wav\ARA NORM  0017.wav,كَمَا تَسْمَحُ الْقَوَائِمُ الْمُنْسَدِلَةُ فِي أَعْلَى الصَّفْحَةِ بِتَقْسِيمِ الْعَنَاصِرِ إِلَى أَرْبَعِ بَوَّابَاتٍ رَئِيسِيَّةٍ هِيَ الْأَخْبَارُ وَالْمَعْرِفَةُ وَالْبَرَامِجُ وَالتَّعْلِيمْ,arabic_speech_corpus_wordtier,gold_diacritized_text,كما تسمح القوائم المنسدلة في أعلى الصفحة بتقسيم العناصر إلى أربع بوابات رئيسية هي الأخبار والمعرفة والبرامج والتعليم.
asc_main_ARA NORM  0018,C:\Users\Ali\Downloads\etib_project\etib\arabic_sentence_ending_training\data\raw\arabic_speech_corpus\arabic-speech-corpus\wav\ARA NORM  0018.wav,خَسِرَ الْمُنْتَخَبُ الْمِصْرِيُّ أَمْسِ أَمَامَ مُضِيفِهِ السَّنِغَالِيِّ بِهَدَفَيْنِ دُونَ رَدٍّ فِي افْتِتَاحِ مُنَافَسَاتِ الْمَجْمُوعَةِ السَّابِعَةِ لِلتَّصْفِيَاتِ الْمُؤَهِّلَةِ إِلَى كَأْسِ الْأُمَمِ الْأَفْرِيقِيَّةِ لِكُرَةِ الْقَدَمْ,arabic_speech_corpus_wordtier,gold_diacritized_text,خسر المنتخب المصري أمس أمام مضيفه السنغالي بهدفين دون رد في افتتاح منافسات المجموعة السابعة للتصفيات المؤهلة إلى كأس الأمم الإفريقية لكرة القدم.
asc_main_ARA NORM  0020,C:\Users\Ali\Downloads\etib_project\etib\arabic_sentence_ending_training\data\raw\arabic_speech_corpus\arabic-speech-corpus\wav\ARA NORM  0020.wav,وَبِهَذِهِ النَّتِيجَةِ تَتَصَدَّرُ السِّنِغَالُ مَجْمُوعَتَهَا بِرَصِيدِ ^َلا^ِ نِقَاطٍ وَهَدَفَيْنِ نَظِيفَيْنْ,arabic_speech_corpus_wordtier,gold_diacritized_text,وبهذه النتيجة تتصدر السنغال مجموعتها برصيد ثلاث نقاط وهدفين نظيفين
asc_main_ARA NORM  0021,C:\Users\Ali\Downloads\etib_project\etib\arabic_sentence_ending_training\data\raw\arabic_speech_corpus\arabic-speech-corpus\wav\ARA NORM  0021.wav,دَعَتِ الْوِلَايَاتُ الْمُتَّحِدَةُ إِسْرائيلَ إِلَى التَّراجُعِ عَنْ قَرَارِها بِمُصادَرَةِ أَرْبَعَ مِئَةِ هِكْتارٍ مِنْ أَراضِي الضِّفَةِ الْغَرْبيَّةِ,arabic_speech_corpus_wordtier,gold_diacritized_text,دعت الولايات المتحدة إسرائيل إلى التراجع عن قرارها بمصادرة 400 هكتار من أراضي الضفة الغربية
asc_main_ARA NORM  0022,C:\Users\Ali\Downloads\etib_project\etib\arabic_sentence_ending_training\data\raw\arabic_speech_corpus\arabic-speech-corpus\wav\ARA NORM  0022.wav,كَما اعْتَبَرَتْ مُنَظَمَةُ الْعَفْوِ الدَّوليَّةُ الْقَرارَ الْإِسْرائِيلِي غَيرَ قَانُونِيٍّ وَيَجِبُ إِلْغاؤُهُ فَوراً,arabic_speech_corpus_wordtier,gold_diacritized_text,كما اعتبرت منظمة العفو الدولية القرار الإسرائيلي غير قانوني ويجب إلغاؤه فوراً
asc_main_ARA NORM  0023,C:\Users\Ali\Downloads\etib_project\etib\arabic_sentence_ending_training\data\raw\arabic_speech_corpus\arabic-speech-corpus\wav\ARA NORM  0023.wav,يَرْتَبِطُ الْوَرْدُ بَيْنَ النَّاسِ بِالصَّبَاحَاتِ وَالْمَسَاءَاتِ وَالْهَدَايَا وَالزِّيَارَاتِ أَمَّا عِنْدَ أَهْلِ الطَّائِفِ فَهُوَ ارْتِبَاطٌ رُوحِيٌّ وَتَارِيخِيٌّ وَعِشْقٌ مُتَبَادَلٌ-,arabic_speech_corpus_wordtier,gold_diacritized_text,يرتبط الورد بين الناس بالصباحات والمساءات والهدايا والزيارات، أما عند أهل الطائف فهو ارتباط روحي وتاريخي وعشق متبادل.
asc_main_ARA NORM  0025,C:\Users\Ali\Downloads\etib_project\etib\arabic_sentence_ending_training\data\raw\arabic_speech_corpus\arabic-speech-corpus\wav\ARA NORM  0025.wav,وَأَعْبَقُهَا مَا يُرْوَى مِنْ مِيَاهِ الْمَطَرِ وَلَمْ يُؤْذِهِ قَرٌّ أَوْ حَرٌّ,arabic_speech_corpus_wordtier,gold_diacritized_text,وَأَعْبَقُهَا مَا يُرْوَى مِنْ مِيَاهِ الْمَطَرِ وَلَمْ يُؤْذِهِ قَرٌّ أَوْ حَرٌّ
asc_main_ARA NORM  0026,C:\Users\Ali\Downloads\etib_project\etib\arabic_sentence_ending_training\data\raw\arabic_speech_corpus\arabic-speech-corpus\wav\ARA NORM  0026.wav,وَفِي كُلِّ عَامٍ مِنْ مَوْسِمِ الْوَرْدِ الطَّائِفِيّْ نِهَايَةَ مَارْسْ آذَارَ وَأَوَائِلَ أَبْرِيلْ نِيسَانْ تُرْوَى قِصَّةُ حُبٍّ بَيْنَهُ وَبَيْنَ أَهْلِهِ عَلَى قِمَمِ وَسُفُوحِ جِبَالِ الطَّائِفْ,arabic_speech_corpus_wordtier,gold_diacritized_text,وفي كل عام من موسم الورد الطائفي (نهاية مارس/آذار وأوائل أبريل/نيسان) تروى قصة حب بينه وبين أهله على قمم وسفوح جبال الطائف
asc_main_ARA NORM  0029,C:\Users\Ali\Downloads\etib_project\etib\arabic_sentence_ending_training\data\raw\arabic_speech_corpus\arabic-speech-corpus\wav\ARA NORM  0029.wav,لَكِنَّ مَجْمُوعَةً مِنْ عُلَمَاءِ النَّفْسِ الْأَمِرِكِيِّينَ تَوَصَّلُوا لِسَبَبِ ذَلِكَ وَهُوَ أَنَّ دُمُوعَ الْفَرَحِ قَدْ تَكُونُ طَرِيقَةَ الْجِسْمِ الصَّحِيحَةِ لِاسْتِعَادَةِ التَّوَازُنِ الْعَاطِفِيِّ بِهَذِهِ التَّعْبِيرَاتِ,arabic_speech_corpus_wordtier,gold_diacritized_text,لكن مجموعة من علماء النفس الأمريكيين توصلوا لسبب ذلك وهو أن دموع الفرح قد تكون طريقة الجسم الصحيحة لاستعادة التوازن العاطفي بهذه التعبيرات
asc_main_ARA NORM  0030,C:\Users\Ali\Downloads\etib_project\etib\arabic_sentence_ending_training\data\raw\arabic_speech_corpus\arabic-speech-corpus\wav\ARA NORM  0030.wav,يَسْتَعِيدُ الْفَرَنْسِيُّ بَاتْرِيكْ مُودْيَانُو أَلْحَائِزُعَلَى جَائِزَةِ نُوبَلْ لِلْآدَابِ أَلْفْيْنِ وَأَرْبَعَةَ عَشَرَ فِي رِوَايَتِهِ عُشْبُ اللَّيَالِي صُورَةً حَالِكَةً لِبَارِيسَ أَ^ْنَاءَ الْحَرْبِ الْعَالَمِيَّةِ ال^َّانِيَّةِ وَمَا تَلَاهَا,arabic_speech_corpus_wordtier,gold_diacritized_text,يستعيد الفرنسي باتريك موديانو الحائز على جائزة نوبل للآداب 2014 في روايته (عشب الليالي) صورة حالكة لباريس أثناء الحرب العالمية الثانية وما تلاها
asc_main_ARA NORM  0031,C:\Users\Ali\Downloads\etib_project\etib\arabic_sentence_ending_training\data\raw\arabic_speech_corpus\arabic-speech-corpus\wav\ARA NORM  0031.wav,وَكَيْفَ تَحَوَّلَتْ مِنْ مَدِينَةٍ لِلْأَنْوَارِ إِلَى مَدِينَةٍ لِلْأَشْبَاحْ,arabic_speech_corpus_wordtier,gold_diacritized_text,وكيف تحولت من مدينة للأنوار إلى مدينة للأشباح ؟
asc_main_ARA NORM  0032,C:\Users\Ali\Downloads\etib_project\etib\arabic_sentence_ending_training\data\raw\arabic_speech_corpus\arabic-speech-corpus\wav\ARA NORM  0032.wav,أَلرَّاوِي جُون مُ^َقَّفٌ بَارِيسِيٌّ مُسِنٌّ,arabic_speech_corpus_wordtier,gold_diacritized_text,الراوي جون مثقف باريسي مسن
asc_main_ARA NORM  0035,C:\Users\Ali\Downloads\etib_project\etib\arabic_sentence_ending_training\data\raw\arabic_speech_corpus\arabic-speech-corpus\wav\ARA NORM  0035.wav,وَكَانَ الْأَمْرُ يَبْدُو مَقْبُولاً لَوْ صَاحَبَهُ شَرْطُ إِجَادَةِ اللُّغَةِ الْعَرَبِيَّةِ,arabic_speech_corpus_wordtier,gold_diacritized_text,وكان الأمر يبدو مقبولاً لو صاحبه شرط إجادة اللغة العربية
asc_main_ARA NORM  0036,C:\Users\Ali\Downloads\etib_project\etib\arabic_sentence_ending_training\data\raw\arabic_speech_corpus\arabic-speech-corpus\wav\ARA NORM  0036.wav,خَاصَّةً فِي التَّوْظِيفِ بِالْمُؤَسَّسَاتِ الْعَرَبِيَّةِ,arabic_speech_corpus_wordtier,gold_diacritized_text,خاصة في التوظيف بالمؤسسات العربية
asc_main_ARA NORM  0040,C:\Users\Ali\Downloads\etib_project\etib\arabic_sentence_ending_training\data\raw\arabic_speech_corpus\arabic-speech-corpus\wav\ARA NORM  0040.wav,حَذَّرَتْ دِرَاسَةٌ بَاكِسْتَانِيَّةٌ حَدِي^َةٌ مِنْ أَنَّ الْأَعْشَابَ الطِّبِّيَّةَ قَدْ تَحْوِي سُمُوماً وَفِطْرِيَّاتٍ تُسَبِّبُ أَمْرَاضاً قَاتِلَةً,arabic_speech_corpus_wordtier,gold_diacritized_text,حذرت دراسة باكستانية حديثة من أن الأعشاب الطبية قد تحوي سموماً وفطريات تسبب أمراضاً قاتلة
asc_main_ARA NORM  0041,C:\Users\Ali\Downloads\etib_project\etib\arabic_sentence_ending_training\data\raw\arabic_speech_corpus\arabic-speech-corpus\wav\ARA NORM  0041.wav,وَعَ^َرُوا عَلَى فِطْرِيَّاتٍ وَمُرَكَّبَاتٍ سَامَّةٍ فِي تِسْعِينَ بِالْمِئَةِ مِنَ العَّيِّنَاتِ,arabic_speech_corpus_wordtier,gold_diacritized_text,وعثروا على فطريات ومركبات سامة في ٩٠٪؜ من العينات
asc_main_ARA NORM  0044,C:\Users\Ali\Downloads\etib_project\etib\arabic_sentence_ending_training\data\raw\arabic_speech_corpus\arabic-speech-corpus\wav\ARA NORM  0044.wav,لَكِنَّ النَّاسَ يُغْفِلُونَ حَقِيقَةَ أَنَّ هَذِهِ الْبِلَادَ كَانَتْ مَرْكَزاً لِل^َّقَافَةِ وَالْفَنِّ فِي عَهْدِ الْإِتِّحَادِ الْيُوغُسْلَافِيِّ السَّابِقِ,arabic_speech_corpus_wordtier,gold_diacritized_text,لكن الناس يغفلون حقيقة أن هذه البلاد كانت مركزاً للثقافة والفن في عهد الاتحاد اليوغوسلافي السابق
asc_main_ARA NORM  0047,C:\Users\Ali\Downloads\etib_project\etib\arabic_sentence_ending_training\data\raw\arabic_speech_corpus\arabic-speech-corpus\wav\ARA NORM  0047.wav,أَلَّتِي هَرَبَ إِلَيْهَا مِنْ زَغْرِبْ وَبَلْغرَادْ عَدَدٌ كَبِيرٌ مِنْ أَبْرَزِ فَنَّانِي يُوغُسْلَافْيَا السَّابِقَةِ بِسَبَبِ اتِّجَاهَاتِهِمْ السِّيَاسِيَّةِ فِي الْحِقْبَةِ الشُّيُوعِيَّةِ,arabic_speech_corpus_wordtier,gold_diacritized_text,التي هرب إليها من زغرب وبلغراد عدد كبير من أبرز فناني يوغوسلافيا السابقة بسبب اتجاهاتهم السياسية في الحقبة الشيوعية
asc_main_ARA NORM  0048,C:\Users\Ali\Downloads\etib_project\etib\arabic_sentence_ending_training\data\raw\arabic_speech_corpus\arabic-speech-corpus\wav\ARA NORM  0048.wav,^َلَا^َةُ أَرْبَاعِهِمْ نِسَاءٌ,arabic_speech_corpus_wordtier,gold_diacritized_text,ثلاثة أرباعهم نساء
asc_main_ARA NORM  0049,C:\Users\Ali\Downloads\etib_project\etib\arabic_sentence_ending_training\data\raw\arabic_speech_corpus\arabic-speech-corpus\wav\ARA NORM  0049.wav,وَكَانَتِ النَّتَائِجُ الَّتِي خَلَصَتْ إِلَيْهَا مُذْهِلَةٌ,arabic_speech_corpus_wordtier,gold_diacritized_text,وكانت النتائج التي خلصت إليها مذهلة
asc_main_ARA NORM  0051,C:\Users\Ali\Downloads\etib_project\etib\arabic_sentence_ending_training\data\raw\arabic_speech_corpus\arabic-speech-corpus\wav\ARA NORM  0051.wav,وَهِيَ ظَاهِرَةٌ عَالَمِيَّةٌ طَفَتْ عَلَى السَّطْحِ بِقُوَّةٍ مُنْذُ سِتِّينِيَّاتِ الْقَرْنِ الْمَاضِي,arabic_speech_corpus_wordtier,gold_diacritized_text,وهي ظاهرة عالمية طفت على السطح بقوة منذ ستينيات القرن الماضي
asc_main_ARA NORM  0052,C:\Users\Ali\Downloads\etib_project\etib\arabic_sentence_ending_training\data\raw\arabic_speech_corpus\arabic-speech-corpus\wav\ARA NORM  0052.wav,مُسَبِّبَةً خَسَائِرَ بَشَرِيَّةً وَاقْتِصَادِيَّةً وَبِيئِيَّةً فَادِحَةً,arabic_speech_corpus_wordtier,gold_diacritized_text,مسببة خسائر بشرية واقتصادية وبيئية فادحة
asc_main_ARA NORM  0053,C:\Users\Ali\Downloads\etib_project\etib\arabic_sentence_ending_training\data\raw\arabic_speech_corpus\arabic-speech-corpus\wav\ARA NORM  0053.wav,وَتُشَكِّلُ نِسْبَةُ الْمَسَاحَاتِ الْمُتَصَحِّرَةِ وَالْأَرَاضِي الْقَاحِلَةِ فِي الْمَنْطِقَةِ حوَالَيْ ^َمَانِيَةٍ وَ^َمانِينَ بِالْمِئَةِ مِنْ إِجْمَالِيِّ الْمَسَاحَةِ الْكُلِّيَّةِ,arabic_speech_corpus_wordtier,gold_diacritized_text,وتشكل نسبة المساحات المتصحرة والأراضي القاحلة في المنطقة حوالي 88% من إجمالي المساحة الكلية
asc_main_ARA NORM  0054,C:\Users\Ali\Downloads\etib_project\etib\arabic_sentence_ending_training\data\raw\arabic_speech_corpus\arabic-speech-corpus\wav\ARA NORM  0054.wav,أَيْ حَوَالِيْ ^َمَانِيَةٍ وَعِشْرينَ بِالْمِئَةِ مِنْ إِجْمَالِيِّ الْمَنَاطِقِ الْمُتَصَحِّرَةِ عَلَى مُسْتَوَى الْعَالَمْ,arabic_speech_corpus_wordtier,gold_diacritized_text,أي حوالي 28% من إجمالي المناطق المتصحرة على مستوى العالم
asc_main_ARA NORM  0055,C:\Users\Ali\Downloads\etib_project\etib\arabic_sentence_ending_training\data\raw\arabic_speech_corpus\arabic-speech-corpus\wav\ARA NORM  0055.wav,وَكَانَ مَارْكِيزُ قَدْ كَافَحَ لِسَنَوَاتٍ كَيْ يَصْنَعَ اسْمَهُ رِوَائِيّاً,arabic_speech_corpus_wordtier,gold_diacritized_text,وكان ماركيز قد كافح لسنوات كي يصنع اسمه روائيًا
asc_main_ARA NORM  0056,C:\Users\Ali\Downloads\etib_project\etib\arabic_sentence_ending_training\data\raw\arabic_speech_corpus\arabic-speech-corpus\wav\ARA NORM  0056.wav,فَنَشَرَ قِصَصاً وَمَقَالَاتٍ وَعِدَّةَ رِوَايَاتٍ قَصِيرَةٍ فِي الْخَمْسِينِيَّاتِ وَالسِّتِّينِيَّاتِ,arabic_speech_corpus_wordtier,gold_diacritized_text,فنشر قصصاً ومقالات وعدة روايات قصيرة في الخمسينيات والستينيات
asc_main_ARA NORM  0057,C:\Users\Ali\Downloads\etib_project\etib\arabic_sentence_ending_training\data\raw\arabic_speech_corpus\arabic-speech-corpus\wav\ARA NORM  0057.wav,تَضَمَّنَتْ لَائِحَةُ أَقْوَى مِئَةِ شَخْصِيَّةٍ مُؤَ^ِّرَةٍ فِي الْعَالَمِ لِهَذَا الْعَامِ واحِدَةٌ وَأَرْبَعينَ امْرَأَةً مِنْ أَصْلِ مِئَةٍ,arabic_speech_corpus_wordtier,gold_diacritized_text,تضمنت لائحة أقوى 100 شخصية مؤثرة في العالم لهذا العام 41 امرأة من أصل 100
asc_main_ARA NORM  0060,C:\Users\Ali\Downloads\etib_project\etib\arabic_sentence_ending_training\data\raw\arabic_speech_corpus\arabic-speech-corpus\wav\ARA NORM  0060.wav,قَالَ عُلَمَاءُ حَفْرِيَّاتٍ مِنَ الْأَرْجَنْتِينَ إِنَّهُمْ عَ^َرُوا عَلَى أُحْفُورِيَّاتٍ يَعْتَقِدُونَ أَنَّهَا تَعُودُ لِأَضْخَمِ دِينَاصُورٍ عَاشَ عَلَى سَطْحِ الْأَرْضِ عَلَى الْإِطْلَاقْ,arabic_speech_corpus_wordtier,gold_diacritized_text,قال علماء حفريات من الأرجنتين إنهم عثروا على أحفوريات يعتقدون أنها تعود لأضخم ديناصور عاش على سطح الأرض على الإطلاق
asc_main_ARA NORM  0061,C:\Users\Ali\Downloads\etib_project\etib\arabic_sentence_ending_training\data\raw\arabic_speech_corpus\arabic-speech-corpus\wav\ARA NORM  0061.wav,وَطُولُهُ مِنْ رَأْسِهِ إِلَى طَرَفِ ذَيْلِهِ أَرْبَعِينَ مِتْراً,arabic_speech_corpus_wordtier,gold_diacritized_text,وطوله من رأسه إلى طرف ذيله أربعين مترا
asc_main_ARA NORM  0062,C:\Users\Ali\Downloads\etib_project\etib\arabic_sentence_ending_training\data\raw\arabic_speech_corpus\arabic-speech-corpus\wav\ARA NORM  0062.wav,وَعَاشَ قَبْلَ خَمْسَةٍ وَتِسْعينَ مِلْيُونَ سَنَةٍ خِلَالَ أَوَاخِرِ الْعَصْرِ الطَّبَاشِيرِي,arabic_speech_corpus_wordtier,gold_diacritized_text,وعاش قبل 95 مليون سنة خلال أواخر العصر الطباشيري
asc_main_ARA NORM  0063,C:\Users\Ali\Downloads\etib_project\etib\arabic_sentence_ending_training\data\raw\arabic_speech_corpus\arabic-speech-corpus\wav\ARA NORM  0063.wav,وَعَ^َرَ الْعُلَمَاءُ عَلَى تِلْكَ الْأُحْفُورِيَّاتِ فِي مِزْرَعَةٍ لِعَائِلَةٍ رِيفِيَّةٍ فِي مَنْطِقَةِ بَاتَاغُونْيَا أَلْأَرْجَنْتِينِيَّةِ,arabic_speech_corpus_wordtier,gold_diacritized_text,وعثر العلماء على تلك الأحفوريات في مزرعة لعائلة ريفية في منطقة باتاغونيا الأرجنتينية
asc_main_ARA NORM  0064,C:\Users\Ali\Downloads\etib_project\etib\arabic_sentence_ending_training\data\raw\arabic_speech_corpus\arabic-speech-corpus\wav\ARA NORM  0064.wav,كانَ الْأَمَلُ مَعْقُوداً عَلَى أَنْ تَكُونَ ^َوْرَاتُ الرَّبِيعِ الْعَرَبِيِّ فَاتِحَةَ خَيْرٍ لِتَحْقِيقِ دِيمُقْرَاطِيَّاتٍ رَاسِخَةٍ فِي الْمُجْتَمَعَاتِ الْعَرَبِيَّةِ,arabic_speech_corpus_wordtier,gold_diacritized_text,كان الأمل معقوداً على أن تكون ثورات الربيع العربي فاتحة خير لتحقيق ديمقراطيات راسخة في المجتمعات العربية
asc_main_ARA NORM  0066,C:\Users\Ali\Downloads\etib_project\etib\arabic_sentence_ending_training\data\raw\arabic_speech_corpus\arabic-speech-corpus\wav\ARA NORM  0066.wav,وَرِعَايَةٍ صِحِّيَّةٍ تُحَقِّقُ حَيَاةً أَوْفَرَ حَظّاً فِي الْقَضَاءِ عَلَى الْأَمْرَاضِ الْمُزْمِنَةِ,arabic_speech_corpus_wordtier,gold_diacritized_text,ورعاية صحية تحقق حياة أوفر حظا في القضاء على الأمراض المزمنة
asc_main_ARA NORM  0069,C:\Users\Ali\Downloads\etib_project\etib\arabic_sentence_ending_training\data\raw\arabic_speech_corpus\arabic-speech-corpus\wav\ARA NORM  0069.wav,وَمِنَ الْمُنْتَظَرِ أَنْ يَلْتَقِيَ فِي عَمَّانَ قِيَادَاتٍ دِينِيَّةً إِسْلَامِيَّةً وَمَسِيحِيَّةً,arabic_speech_corpus_wordtier,gold_diacritized_text,ومن المنتظر أن يلتقي في عمّان قيادات دينيّة إسلاميّة ومسيحيّة
asc_main_ARA NORM  0070,C:\Users\Ali\Downloads\etib_project\etib\arabic_sentence_ending_training\data\raw\arabic_speech_corpus\arabic-speech-corpus\wav\ARA NORM  0070.wav,وَوَجَّهَ الْبَابَا فرانْشِيسْكُو دَعْوَةً إِلَى إِيجَادِ حَلٍّ سِلْمِيٍّ لِلنِّزَاعِ فِي سُورِيَا وَحَلٍّ عَادِلٍ لِلصِّرَاعِ الْإِسْرَائِيلِيِّ الْفِلَسْطِينِيّْ,arabic_speech_corpus_wordtier,gold_diacritized_text,ووجه البابا فرانشيسكو دعوة إلى إيجاد حل سلمي للنزاع في سوريا وحل عادل للصراع الإسرائيلي الفلسطيني
asc_main_ARA NORM  0071,C:\Users\Ali\Downloads\etib_project\etib\arabic_sentence_ending_training\data\raw\arabic_speech_corpus\arabic-speech-corpus\wav\ARA NORM  0071.wav,وَيَضُمُّ الْمَعْرِضُ نُسَخاً نَادِرَةً مِنَ الْمَصَاحِفِ الْمُذَهَّبَةِ,arabic_speech_corpus_wordtier,gold_diacritized_text,ويضم المعرض نسخاً نادرة من المصاحف المذهبة
asc_main_ARA NORM  0072,C:\Users\Ali\Downloads\etib_project\etib\arabic_sentence_ending_training\data\raw\arabic_speech_corpus\arabic-speech-corpus\wav\ARA NORM  0072.wav,وَأُخْرَى مَخْطُوطَةً لَا يَتَجَاوَزُ حَجْمُهَا كَفَّ الْيَدِ,arabic_speech_corpus_wordtier,gold_diacritized_text,وأخرى مخطوطة لا يتجاوز حجمها كف اليد
asc_main_ARA NORM  0073,C:\Users\Ali\Downloads\etib_project\etib\arabic_sentence_ending_training\data\raw\arabic_speech_corpus\arabic-speech-corpus\wav\ARA NORM  0073.wav,وَأُخْرَى كَبِيرَةً تَزِيدُ مِسَاحَةُ ضِلْعِ الصَّفْحَةِ فِيهَا عَنْ خَمْسَةٍ وَسِتِّينَ سَنْتِمِتْراً سةسِل,arabic_speech_corpus_wordtier,gold_diacritized_text,وأخرى كبيرة تزيد مساحة ضلع الصفحة فيها عن 65 سنتيمتراً
asc_main_ARA NORM  0074,C:\Users\Ali\Downloads\etib_project\etib\arabic_sentence_ending_training\data\raw\arabic_speech_corpus\arabic-speech-corpus\wav\ARA NORM  0074.wav,فَضْلاً عَنْ نُسَخٍ مُتَرْجَمَةٍ لِمَعَانِي الْقُرْآنِ كُتِبَتْسة بِحُرُوفِ بْرِيلْ الْإِنْجلِيزِيَّةِ لِلْقُرَّاءِ الْمَكْفُوفِينْ,arabic_speech_corpus_wordtier,gold_diacritized_text,فضلاً عن نسخ مترجمة لمعاني القرآن كتبت بحروف بريل الإنجليزية للقراء المكفوفين
asc_main_ARA NORM  0075,C:\Users\Ali\Downloads\etib_project\etib\arabic_sentence_ending_training\data\raw\arabic_speech_corpus\arabic-speech-corpus\wav\ARA NORM  0075.wav,يُوَاجِهُ مُعْتَنِقُو الْإِسْلَامِ الْجُدُدُ صُعُوبَاتٍ فِي الصِّيَامِ نَظَراً لِطُولِ فَتْرَةِ النَّهَارِ- خِلَالَ شَهْرِ رَمَضَانَ الَّتِي تَصِلُ إِلَى ^َمَانِيَ عَشْرَةَ سَاعَةً فِي الْيَوْمْ,arabic_speech_corpus_wordtier,gold_diacritized_text,يواجه معتنقو الإسلام الجدد صعوبات في الصيام نظرا لطول فترة النهار خلال شهر رمضان التي تصل إلى ثماني عشرة ساعة في اليوم
asc_main_ARA NORM  0076,C:\Users\Ali\Downloads\etib_project\etib\arabic_sentence_ending_training\data\raw\arabic_speech_corpus\arabic-speech-corpus\wav\ARA NORM  0076.wav,أَظْهَرَتْ دِرَاسَةٌ حَدِي^َةٌ أَجْرَتْهَا جَامِعَةُ سَارْلانْدْ أَلْأَلْمَانِيَّةُ أَنَّ اسْتِخْدَامَ التُّكْنُولُوجْيَا دَاخِلَ قَاعَاتِ الدَّرْسِ يُؤَدِّي إِلَى تَشْتِيتِ انْتِبَاهِ الطَّالِبِ بَدَلَ مُسَاعَدَتِهِ عَلَى التَّرْكِيزِ وَتَسْجِيلِ الْمُلَاحَظَاتِ الدِّرَاسِيَّةِ,arabic_speech_corpus_wordtier,gold_diacritized_text,أظهرت دراسة حديثة أجرتها جامعة سارلاند الألمانية أن استخدام التكنولوجيا داخل قاعات الدرس يؤدي إلى تشتيت انتباه الطالب بدل مساعدته على التركيز وتسجيل الملاحظات الدراسية.
asc_main_ARA NORM  0077,C:\Users\Ali\Downloads\etib_project\etib\arabic_sentence_ending_training\data\raw\arabic_speech_corpus\arabic-speech-corpus\wav\ARA NORM  0077.wav,لِتَصَفُّحِ الْإِنْتِرْنِتْ أَ^ْنَاءَ الدَّرْسِ وَمُمَارَسَةِ أَنْشِطَةٍ لَيْسَ لَهَا أَيُّ عَلَاقَةٍ بِمَوْضُوعِ الْمُحَاضَرَةِ أَوِ الدَّرْسِ,arabic_speech_corpus_wordtier,gold_diacritized_text,لتصفح الإنترنت أثناء الدرس وممارسة أنشطة ليس لها أي علاقة بموضوع المحاضرة أو الدرس
asc_main_ARA NORM  0080,C:\Users\Ali\Downloads\etib_project\etib\arabic_sentence_ending_training\data\raw\arabic_speech_corpus\arabic-speech-corpus\wav\ARA NORM  0080.wav,فَهُوَ يُؤْكَلُ طَازِجاً أَوْ مُقَطَّعاًسة,arabic_speech_corpus_wordtier,gold_diacritized_text,فهو يؤكل طازجاً أو مقطعاً
asc_main_ARA NORM  0082,C:\Users\Ali\Downloads\etib_project\etib\arabic_sentence_ending_training\data\raw\arabic_speech_corpus\arabic-speech-corpus\wav\ARA NORM  0082.wav,شَكَّلَ بَيْتُ الْعَنْكَبُوتِ نَمُوذَجاً لِمَدِينَةٍ تَعْتَمِدُ عَلَى الْأَشْكَالِ الْهَنْدَسِيَّةِ الْمُتَنَاظِرَةِ وَتَرْتَكِزُ عَلَى مُرَاعَاةِ ^َلَا^َةِ عَنَاصِرَ أَسَاسِيَّةٍ تَتَعَلَّقُ بِاخْتِيَارِ الْمَكَانِ وَطَرِيقَةِ الْبِنَاءِ وَالْمَوَّادِّ الْمُسْتَعْمَلَةِ وَالشَّكْلِ الْمُتَوَازِنِ,arabic_speech_corpus_wordtier,gold_diacritized_text,شكل بيت العنكبوت نموذجًا لمدينة تعتمد على الأشكال الهندسية المتناظرة وترتكز على مراعاة ثلاثة عناصر أساسية تتعلق باختيار المكان وطريقة البناء والمواد المستعملة والشكل المتوازن.
asc_main_ARA NORM  0083,C:\Users\Ali\Downloads\etib_project\etib\arabic_sentence_ending_training\data\raw\arabic_speech_corpus\arabic-speech-corpus\wav\ARA NORM  0083.wav,أَعْلَنَ وَزِيرُ الْأَعْمَالِ الْبَرِيطَانِيُّ فِينْسْ كَبِلْسِل بأَنَّ وِزَارَتَهُ أَعْطَتِ الضَّوْءَ الْأَخْضَرَ لِهَذَا النَّوْعِ مِنَ السَّيَّارَاتِ لِلسَّيْرِ فِي الشَّوَارِعِ ابْتِدَاءً مِنْ يَنايِرْ كانونَ ال^َّاني أَلفَيْنِ وَخَمْسَةَ عَشَر,arabic_speech_corpus_wordtier,gold_diacritized_text,أعلن وزير الأعمال البريطاني فينس كابيل أن وزارته أعطت الضوء الأخضر لهذا النوع من السيارات للسير في الشوارع ابتداءً من يناير / كانون الثاني 2015
asc_main_ARA NORM  0084,C:\Users\Ali\Downloads\etib_project\etib\arabic_sentence_ending_training\data\raw\arabic_speech_corpus\arabic-speech-corpus\wav\ARA NORM  0084.wav,وَقَالَ كِيبْلْ إِنَّ الْحُكُومَةَ البرِيطَانِيَّةَ سَتَشْرَعُ فِي إِدْخَالِ تَعْدِيلَاتٍ عَلا الْقَوَانِينِ بِمَا يَسْمَحُ بِتَسْيِيرِ هَذِهِ السَّيَّارَاتِ فِي الشَّوَارِعِ الْعَامَّةِ,arabic_speech_corpus_wordtier,gold_diacritized_text,وقال كيبل إن الحكومة البريطانية ستشرع في إدخال تعديلات على القوانين بما يسمح بتسيير هذه السيارات في الشوارع العامة
asc_main_ARA NORM  0085,C:\Users\Ali\Downloads\etib_project\etib\arabic_sentence_ending_training\data\raw\arabic_speech_corpus\arabic-speech-corpus\wav\ARA NORM  0085.wav,وَقَدْ أَ^َارَ هَذَا الْقَرَارُ زَوْبَعَةً مِنَ الْإِانْتِقَادَاتِ بَيْنَ صُفُوفِ الْمُعَارَضَةِ التُّرْكِيَّةِ,arabic_speech_corpus_wordtier,gold_diacritized_text,وقد أثار هذا القرار زوبعة من الانتقادات بين صفوف المعارضة التركية
asc_main_ARA NORM  0086,C:\Users\Ali\Downloads\etib_project\etib\arabic_sentence_ending_training\data\raw\arabic_speech_corpus\arabic-speech-corpus\wav\ARA NORM  0086.wav,أَلَّتِي اتَّهَمَتْ أَرْدُوغَان بِانْتِهَاكِ الْقَوَانِينِ وَتَبْذِيرِ أَمْوَالِ الشَّعْبِ لِبِنَاءِ سُلْطَةٍ لِنَفْسِهِ,arabic_speech_corpus_wordtier,gold_diacritized_text,التي اتهمت أردوغان بانتهاك القوانين وتبذير أموال الشعب لبناء سلطة لنفسه
asc_main_ARA NORM  0087,C:\Users\Ali\Downloads\etib_project\etib\arabic_sentence_ending_training\data\raw\arabic_speech_corpus\arabic-speech-corpus\wav\ARA NORM  0087.wav,إِلَّا أَنَّ مُؤَيِّدِي الرَّئِيسِ يَعْتَبِرُونَ الْقَصْرَ الرِّئَاسِيَّ الْجَدِيدَ مَفْخَرَةً لِلشَّعْبِ التُّرْكِيِّ وَتَجْسِيداً لِشِعَارِ تُرْكِيَا الْجَدِيدَة,arabic_speech_corpus_wordtier,gold_diacritized_text,"إلا أن مؤيدي الرئيس يعتبرون القصر الرئاسي الجديد مفخرة للشعب التركي وتجسيدًا لشعار ""تركيا الجديدة"""
asc_main_ARA NORM  0088,C:\Users\Ali\Downloads\etib_project\etib\arabic_sentence_ending_training\data\raw\arabic_speech_corpus\arabic-speech-corpus\wav\ARA NORM  0088.wav,عَرَضَتِ الْفَنَّانَةُ التُّرْكِيَّةُ إِيدَا أَوْزْكَانْ مَسَاءَ أَمْسِ لَوْحَاتٍ لِفَنِّ الْإِبْرُو أَلرَّسْمُ عَلَى الْمَاءِ فِي مُتْحَفِ مَحْمُودْ دَرْوِيشْ بِمَدِينَةِ رَامَ الله بِالضِّفَّةِ الْغَرْبِيَّةِ بِحُضُورٍ رَسْمِيٍّ وَشَعْبِيٍّ,arabic_speech_corpus_wordtier,gold_diacritized_text,عرضت الفنانة التركية إيدا أوزكان مساء أمس لوحات لفن الإبرو (الرسم على الماء) في متحف محمود درويش بمدينة رام الله بالضفة الغربية بحضور رسمي وشعبي.
asc_main_ARA NORM  0089,C:\Users\Ali\Downloads\etib_project\etib\arabic_sentence_ending_training\data\raw\arabic_speech_corpus\arabic-speech-corpus\wav\ARA NORM  0089.wav,وشَمِلَ الْمَعْرَضُ لَوْحَاتٍ فَنِّيَّةً مِنْ رَسْمِ أَوْزْكَانْ,arabic_speech_corpus_wordtier,gold_diacritized_text,وشمل المعرض لوحات فنية من رسم أوزكان
asc_main_ARA NORM  0090,C:\Users\Ali\Downloads\etib_project\etib\arabic_sentence_ending_training\data\raw\arabic_speech_corpus\arabic-speech-corpus\wav\ARA NORM  0090.wav,وَوَقَفَ الْحُضُورُ دَقِيقَةَ صَمْتٍ حِدَاداً عَلَى ضَحَايَا الْهُجُومِ فِي السَّاعَةِ ال^َّامِنَةِ وَالرُّبْعِ صَبَاحاً بِالتَّوْقِيتِ الْمَحَلِّيِّ,arabic_speech_corpus_wordtier,gold_diacritized_text,ووقف الحضور دقيقة صمت حدادا على ضحايا الهجوم في الساعة الثامنة والربع صباحاً بالتوقيت المحلي
asc_main_ARA NORM  0092,C:\Users\Ali\Downloads\etib_project\etib\arabic_sentence_ending_training\data\raw\arabic_speech_corpus\arabic-speech-corpus\wav\ARA NORM  0092.wav,وَهُوَ مَا سَيُسَاعِدُهُمْ عَلَى الْإِقْتِنَاعِ بِضَرَوْرَةِ التَّخَلِّي بِشَكلٍ عَاجِلٍ عَنْ هَذَا السِّلَاحِ الشَّيْطَانِيِّ,arabic_speech_corpus_wordtier,gold_diacritized_text,وهو ما سيساعدهم على الاقتناع بضرورة التخلي بشكل عاجل عن هذا السلاح الشيطاني
asc_main_ARA NORM  0093,C:\Users\Ali\Downloads\etib_project\etib\arabic_sentence_ending_training\data\raw\arabic_speech_corpus\arabic-speech-corpus\wav\ARA NORM  0093.wav,مِمَّا يَجْعَلُ تَأْ^ِيرَهُ عَلَى الصِّحَّةِ مُشَابِهاً لِتَأْ^ِيرِ الْيُوغَا,arabic_speech_corpus_wordtier,gold_diacritized_text,مما يجعل تأثيره على الصحة مشابهاً لتأثير اليوغا
asc_main_ARA NORM  0094,C:\Users\Ali\Downloads\etib_project\etib\arabic_sentence_ending_training\data\raw\arabic_speech_corpus\arabic-speech-corpus\wav\ARA NORM  0094.wav,وَتَوَصَّلَ الْبَاحِ^ُ الْمُوسِيقِيُّ الْأَلْمَانِيُّ غُونْ^ْرْ كْرُويْتْسْ إِلَى هَذِهِ النَّتِيجَةِ بَعْدَ إِجْرَائِهِ تَجْرِبَةً عَلَى مَجْمُوعَةِ مُغَنِّينَ فِي جَوْقَةٍ مُوسِيقِيَّةٍ,arabic_speech_corpus_wordtier,gold_diacritized_text,وتوصل الباحث الموسيقي الألماني جونثر كرويتس إلى هذه النتيجة بعد إجرائه تجربة على مجموعة مغنيين في جوقة موسيقية
asc_main_ARA NORM  0095,C:\Users\Ali\Downloads\etib_project\etib\arabic_sentence_ending_training\data\raw\arabic_speech_corpus\arabic-speech-corpus\wav\ARA NORM  0095.wav,وَنَصَحَتِ الدِّرَاسَةُ بِمُمَارَسَةِ الْغِنَاءِ حَتَّى وَإِنْ لَمْ يَكُنْ بِشَكْلٍ مُتْقَنٍ,arabic_speech_corpus_wordtier,gold_diacritized_text,ونصحت الدراسة بممارسة الغناء حتى وإن لم يكن بشكل متقن
asc_main_ARA NORM  0096,C:\Users\Ali\Downloads\etib_project\etib\arabic_sentence_ending_training\data\raw\arabic_speech_corpus\arabic-speech-corpus\wav\ARA NORM  0096.wav,وَأَكَّدَتْ أَنَّ الْغِنَاءَ ضِمْنَ مَجْمُوعَاتٍ لَهُ فَعَّالِيَّةٌ أَكْ^َرُ مِنَ الْغِنَاءِ الْمُنْفَرِدِ,arabic_speech_corpus_wordtier,gold_diacritized_text,وأكدت أن الغناء ضمن مجموعات له فعالية أكثر من الغناء المنفرد
asc_main_ARA NORM  0097,C:\Users\Ali\Downloads\etib_project\etib\arabic_sentence_ending_training\data\raw\arabic_speech_corpus\arabic-speech-corpus\wav\ARA NORM  0097.wav,يُعْرَضُ الْقِي^ارُ الْكَهْرَبَائِيُّ الَّذِي عَزَفَ عَلَيْهِ جُونْ لِينُون عِنْدَمَا كَانَ عُضْواً فِي فِرْقَةِ الْبِيتِلْز أُغْنِيَةَ بِيبَرْبَاك رَايْتَر فِي مَلْعَبِ آبِي رُودْ عَامَ أَلْفٍ وَتِسْعِ مِئَةٍ وَسِتَّةٍ وَسُتُّونَ لِلْبَيْعِ فِي مَزَادٍ عَلَنِيٍّ الْيَوْمَ الْأَحَدَ لِلْأَشْيَاءِ التَّذْكَارِيَّةِ الْمُتَعَلِّقَةِ بِمُوسِيقَى الرُّوكسِل آنْد رُولْ فِي لَنْدُنْ,arabic_speech_corpus_wordtier,gold_diacritized_text,يُعرض القيثار الكهربائي الذي عزف عليه جون لينون عندما كان عضواً في فرقة البيتلز أغنية بيبر باك رايتر في ملعب أبي رود عام 1966 للبيع في مزاد علني اليوم الأحد للأشياء التذكارية المتعلقة بموسيقى الروك أند رول في لندن.
asc_main_ARA NORM  0098,C:\Users\Ali\Downloads\etib_project\etib\arabic_sentence_ending_training\data\raw\arabic_speech_corpus\arabic-speech-corpus\wav\ARA NORM  0098.wav,وَهُوَ مِنْ نَوْعِ جْرِيتْشْ سِتَّةُ آلافٍ وَمِئَةٌ وَعِشْرونَ شِيتْ أَتْكِينْزْ نَاشْفِيلْ,arabic_speech_corpus_wordtier,gold_diacritized_text,وهو من نوع جريتش (6120 شيت آتكنز ناشفيل)
asc_main_ARA NORM  0099,C:\Users\Ali\Downloads\etib_project\etib\arabic_sentence_ending_training\data\raw\arabic_speech_corpus\arabic-speech-corpus\wav\ARA NORM  0099.wav,بِأَنَّهُ وَاحِدٌ مِنْ أَهَمِّ آلَاتِ الْقِي^ارِ الْخَاصَّةِ بِجُون لِينُونْ الَّتِي تُطْرَحُ فِي السُّوقِ فِي الْأَعْوَامِ ال^َّلَا^ِينَ الْمَاضِيَّةِ,arabic_speech_corpus_wordtier,gold_diacritized_text,بأنه واحد من أهم آلات القيثار الخاصة بجون لينون التي تطرح في السوق في الأعوام الثلاثين الماضية
asc_main_ARA NORM  0100,C:\Users\Ali\Downloads\etib_project\etib\arabic_sentence_ending_training\data\raw\arabic_speech_corpus\arabic-speech-corpus\wav\ARA NORM  0100.wav,وَهُوَ أَنَّ الْحَيَاةَ الزَّوْجِيَّةَ تُسْهِمُ فِي الْمُحَافَظَةِ عَلَى ضَغْطِ دَمٍ سَلِيمٍ وَعَلَى الْأَخَصِّ عِنْدَ الرِّجَالِ,arabic_speech_corpus_wordtier,gold_diacritized_text,وهو أن الحياة الزوجية تسهم في المحافظة على ضغط دم سليم وعلى الأخص عند الرجال
asc_main_ARA NORM  0103,C:\Users\Ali\Downloads\etib_project\etib\arabic_sentence_ending_training\data\raw\arabic_speech_corpus\arabic-speech-corpus\wav\ARA NORM  0103.wav,وقَالُوا إِنَّها تَحْتَوِي عَلَى أَخْطَاءٍ وَمُغَالَطَاتٍ وَتَحْرِيفَاتٍ قَدْ تُضَلِّلُ صُنَّاعَ الْقَرَارِ عِنْدَ تَقْدِيرِ مَدَى جَدْوَى وَفَوَائِدِ السَّجَائِرِ الْإِلْكْترُونِيَّةِ,arabic_speech_corpus_wordtier,gold_diacritized_text,وقالوا إنها تحتوي على أخطاء ومغالطات وتحريفات قد تضلل صناع القرار عند تقدير مدى جدوى وفوائد السجائر الإلكترونية
asc_main_ARA NORM  0105,C:\Users\Ali\Downloads\etib_project\etib\arabic_sentence_ending_training\data\raw\arabic_speech_corpus\arabic-speech-corpus\wav\ARA NORM  0105.wav,وَبَيْنَمَا يَخْشَى بَعْضُ الْخُبَرَاءِ أَنْ تُؤَدِّيَ السَّجَائِرُل أَلْإِلِكْترُونِيَّةُ إِلَى إِدْمَانِ النِّيكُوتِينِ وَتَكُونَ بِدَايَةً لِتَدْخِينِ التِّبْغِ,arabic_speech_corpus_wordtier,gold_diacritized_text,وبينما يخشى بعض الخبراء أن تؤدي السجائر الإلكترونية إلى إدمان النيكوتين وتكون بداية لتدخين التبغ
asc_main_ARA NORM  0106,C:\Users\Ali\Downloads\etib_project\etib\arabic_sentence_ending_training\data\raw\arabic_speech_corpus\arabic-speech-corpus\wav\ARA NORM  0106.wav,كَشَفَ تَقْرِيرٌ صَادِرٌ عَنِ الْمُنَظَّمَةِ الْعَالَمِيَّةِ لِلْأَرْصَادِ الجَّوِّيَّةِ أَنَّ طَبَقَةَ الْأُوزُونَ الَّتِي تَحْمِي الْأَرْضَ مِنْ إِشْعَاعَاتِ الشَّمْسِ الضَّارَّةِ الْمُسَبِّبَةِ لِلسَّرَطَانْ,arabic_speech_corpus_wordtier,gold_diacritized_text,كشف تقرير صادر عن المنظمة العالمية للأرصاد الجوية أن طبقة الأوزون التي تحمي الأرض من إشعاعات الشمس الضارة المسببة للسرطان
asc_main_ARA NORM  0108,C:\Users\Ali\Downloads\etib_project\etib\arabic_sentence_ending_training\data\raw\arabic_speech_corpus\arabic-speech-corpus\wav\ARA NORM  0108.wav,يَدِينُ الْفَرِيقُ الْكَاتَالُونِيُّ بِفَوْزِهِ إِلَى نَجْمِهِ الْبَدِيلِ الدَّوْلِيِّ الْبَرَازِيلِيِّ نِيمَارَ الَّذِي سَجَّلَ الْهَدَفَ الْأَوَّلَ فِي الدَّقِيقَةِ التَّاسِعَةِ وَالسَّبْعِينَ مُسْتَغِلّاً كُرَةً عَلَى طَبَقٍ مِنْ ذَهَبٍ مِنْ صَانِعِ الْأَلْعَابِ الدَّوْلِيِّ الْأَرْجَنْتِينِيّْ لِيُونِيلْ مِيسِّي عِنْدَ حَافَّةِ الْمَنْطِقَةِ فَهَيَّأَهَا لِنَفْسِهِ بِيُمْنَاهُ وَتَابَعَهَا بِيُسْرَاهُ عَلَى يَسَارِ الْحَارِسِ,arabic_speech_corpus_wordtier,gold_diacritized_text,يدين الفريق الكتالوني بفوزه إلى نجمه البديل الدولي البرازيلي نيمار الذي سجل الهدف الأول في الدقيقة التاسعة وسبعين مستغلا كرة على طبق من ذهب من صانع الألعاب الدولي الأرجنتيني ليونيل ميسي عند حافة المنطقة فهيأها لنفسه بيمناه وتابعها بيسراه على يسار الحارس.
asc_main_ARA NORM  0109,C:\Users\Ali\Downloads\etib_project\etib\arabic_sentence_ending_training\data\raw\arabic_speech_corpus\arabic-speech-corpus\wav\ARA NORM  0109.wav,وَأَضَافَ الْهَدَفَ ال^َّانِيَ فِي الدَّقِيقَةِ الرَّابِعَةِ وَال^َّمانينَ إِ^ْرَ تَمْرِيرَةٍ عَرْضِيَّةٍ مِنَ الْبَرْغُو^ِ الْأَرْجَنْتِينِيِّ مِنَ الْجِهَةِ الْيُمْنَى فَهَيَّأَهَا لِنَفْسِهِ أَيْضاً بِيُمْنَاهُ وَسَدَّدَهَا عَلَى يَسَارِ الْحَارِسِ,arabic_speech_corpus_wordtier,gold_diacritized_text,وأضاف الهدف الثاني في الدقيقة الرابعة وثمانين إثر تمريرة عرضية من البرغوث الأرجنتيني من الجهة اليمنى، فهيأها لنفسه أيضاً بيمناه وسددها على يسار الحارس.
asc_main_ARA NORM  0110,C:\Users\Ali\Downloads\etib_project\etib\arabic_sentence_ending_training\data\raw\arabic_speech_corpus\arabic-speech-corpus\wav\ARA NORM  0110.wav,بَعْدَ تَأَخُّرِ انْطِلَاقِهِ نَحْوَ عَشْرَةِ أَيَّامٍ,arabic_speech_corpus_wordtier,gold_diacritized_text,بعد تأخر انطلاقه نحو عشرة أيام
asc_main_ARA NORM  0111,C:\Users\Ali\Downloads\etib_project\etib\arabic_sentence_ending_training\data\raw\arabic_speech_corpus\arabic-speech-corpus\wav\ARA NORM  0111.wav,وَتَتَضَمَّنُ حَفَلَاتٍ لِمُوسِيقَى الْجَازِ يُحْيِيهَا فَنَّانُونَ تُونِسِيُّونَ وَأَجَانِبَ,arabic_speech_corpus_wordtier,gold_diacritized_text,و تتضمن حفلات لموسيقى الجاز يحييها فنانون تونسيون و أجانب
asc_main_ARA NORM  0112,C:\Users\Ali\Downloads\etib_project\etib\arabic_sentence_ending_training\data\raw\arabic_speech_corpus\arabic-speech-corpus\wav\ARA NORM  0112.wav,وَكَانَ السِّير جُون فْرانْكْلينْ يَسْعَى هُوَ وَطَاقَمُهُ الْمُكَوَّنُ مِنْ مِئَةٍ وَ^َمَانِيَّةٍ وَعِشْرِينَ فَرْداً إِلَى اكْتِشَافِ الْمَمَرِّ الْأُسْطُورِيِّ بَيْنَ الْمُحِيطَيْنِ الْأَطْلَسِيِّ وَالْهَادِي,arabic_speech_corpus_wordtier,gold_diacritized_text,وكان السير جون فرانكلين يسعى هو وطاقمه المكون من 128 فرداً إلى اكتشاف الممر الأسطوري بين المحيطين الأطلسي والهادي
asc_main_ARA NORM  0114,C:\Users\Ali\Downloads\etib_project\etib\arabic_sentence_ending_training\data\raw\arabic_speech_corpus\arabic-speech-corpus\wav\ARA NORM  0114.wav,وَيَلْعَبُ غَداً أَيْضاً لَنْس مَعْ سَانْتْ إِتْيَانْ,arabic_speech_corpus_wordtier,gold_diacritized_text,ويلعب غدا أيضا اللنس مع سانت إيتيان
asc_main_ARA NORM  0115,C:\Users\Ali\Downloads\etib_project\etib\arabic_sentence_ending_training\data\raw\arabic_speech_corpus\arabic-speech-corpus\wav\ARA NORM  0115.wav,وَتَغْطِيَةُ الْجُزْءِ الْمَرْفُوعِ بِإِزَارٍ مِنَ الْقُمَاشِ الْقُطْنِيِّ الْأَبْيَضِ,arabic_speech_corpus_wordtier,gold_diacritized_text,وتغطية الجزء المرفوع بإزار من القماش القطني الأبيض
asc_main_ARA NORM  0116,C:\Users\Ali\Downloads\etib_project\etib\arabic_sentence_ending_training\data\raw\arabic_speech_corpus\arabic-speech-corpus\wav\ARA NORM  0116.wav,أَعْلَنَتْ لَجْنَةُ جَائِزَةِ غُونكُورْ أَلْأَدَبِيَّةِ الْفَرَنْسِيَّةِ تَرْشِيحَ خَمْسَةَ عَشَرَ رِوَائِيّاً فِي الْقَائِمَةِ الْأَوَّلِيَّةِ بَيْنَهُم أَلْمَغْرِبِيُّ فُؤَادْ الْعَرْوِي وَالْجَزَائِرِيُّ كَمَالْ دَاوُدْ,arabic_speech_corpus_wordtier,gold_diacritized_text,أعلنت لجنة جائزة غونكور الأدبية الفرنسية ترشيح 15 روائيًا في القائمة الأولية بينهم المغربي فؤاد العروي والجزائري كمال داوود
asc_main_ARA NORM  0117,C:\Users\Ali\Downloads\etib_project\etib\arabic_sentence_ending_training\data\raw\arabic_speech_corpus\arabic-speech-corpus\wav\ARA NORM  0117.wav,وَهُمَا أَلْمَغْرِبِيُّ أَلطَّاهِر بِنْ جَلُّونْ عَامَ أَلْفٍ وَتِسْعِ مِئَةٍ وَسَبْعَةٍ وَ^َمَانِينْ وَاللُّبْنَانِيُّ أَمِينْ مَعْلُوفْ عَامَ أَلْفٍ وَتِسْعِ مِئَةٍ وَأَرْبَعَةٍ وَتِسْعِينْ,arabic_speech_corpus_wordtier,gold_diacritized_text,وهما المغربي الطاهر بن جلون عام 1987 واللبناني أمين معلوف عام 1994
asc_main_ARA NORM  0120,C:\Users\Ali\Downloads\etib_project\etib\arabic_sentence_ending_training\data\raw\arabic_speech_corpus\arabic-speech-corpus\wav\ARA NORM  0120.wav,وَفِي هَذَا الْإِطَارِ حَصَلَ الرُّوسُ عَلَى نُقْطَةِ صِيَّانَةٍ وَإِمْدَادٍ,arabic_speech_corpus_wordtier,gold_diacritized_text,وفي هذا الإطار حصل الروس على نقطة صيانة وإمداد
asc_main_ARA NORM  0122,C:\Users\Ali\Downloads\etib_project\etib\arabic_sentence_ending_training\data\raw\arabic_speech_corpus\arabic-speech-corpus\wav\ARA NORM  0122.wav,وَرَبَطَ بَحْ^ٌ سَابِقٌ بَيْنَ تَبَاطُءِ ارْتِفَاعِ الْحَرَارَةِ وَعَوَامِلَ مِنْهَا تَرَاجُعُ الطَّاقَةِ النَّاتِجَةِ مِنَ الشَّمْسِ وَتَرَاكُمُ هَوَاءٍ مُلَوَّ^ٍ فِي الْجَوِّ يَحْجُبُ أَشِعَّتَهَا,arabic_speech_corpus_wordtier,gold_diacritized_text,وربط بحث سابق بين تباطؤ ارتفاع الحرارة وعوامل منها تراجع الطاقة الناتجة من الشمس وتراكم هواء ملوث في الجو يحجب أشعتها
asc_main_ARA NORM  0123,C:\Users\Ali\Downloads\etib_project\etib\arabic_sentence_ending_training\data\raw\arabic_speech_corpus\arabic-speech-corpus\wav\ARA NORM  0123.wav,وَذَهَبَتْ أَبْحَا^ٌ أُخْرَى إِلَى أَنَّ السَّبَبَ قَدْ يَكُونُ امْتِصَاصُ الْمُحِيطَاتِ الْعَمِيقَةِ لِلْمَزِيدِ مِنَ الْحَرَارَةِ,arabic_speech_corpus_wordtier,gold_diacritized_text,وذهبت أبحاث أخرى إلى أن السبب قد يكون امتصاص المحيطات العميقة للمزيد من الحرارة
asc_main_ARA NORM  0126,C:\Users\Ali\Downloads\etib_project\etib\arabic_sentence_ending_training\data\raw\arabic_speech_corpus\arabic-speech-corpus\wav\ARA NORM  0126.wav,وَعَادَ الْمَرْكَزُ ال^َّانِي لِلْقَاصِّ الْمِصْرِيِّ إِبْرَاهِيمِ عَبْدِ الْفَتَّاحِ عَنْ مَجْمُوعَتِهِ مَطَرٌ صَيْفِيّْ,arabic_speech_corpus_wordtier,gold_diacritized_text,وعاد المركز الثاني للقاصي المصري إبراهيم عبد الفتاح عن مجموعته مطر صيفي
asc_main_ARA NORM  0127,C:\Users\Ali\Downloads\etib_project\etib\arabic_sentence_ending_training\data\raw\arabic_speech_corpus\arabic-speech-corpus\wav\ARA NORM  0127.wav,وَمِنْ بَيْنِهَا أَرْبَعَةٌ يَتَجَاوَزُ حَجْمُهَا كَوْكَبَ الْأَرْضِ بِضِعْفَيْنِ وَنِصْفٍ تَقْرِيباً,arabic_speech_corpus_wordtier,gold_diacritized_text,ومن بينها أربعة يتجاوز حجمها كوكب الأرض بضعفين ونصف تقريباً
asc_main_ARA NORM  0128,C:\Users\Ali\Downloads\etib_project\etib\arabic_sentence_ending_training\data\raw\arabic_speech_corpus\arabic-speech-corpus\wav\ARA NORM  0128.wav,وَتَدُورُ حَوْلَ نُجُومِهَا فِي مَدَارٍ يُعْرَفُ بِالْمَنْطقَةِ الْقَابِلَةِ لِلْحَيَاةِ,arabic_speech_corpus_wordtier,gold_diacritized_text,وتدور حول نجومها في مدار يعرف بالمنطقة القابلة للحياة
asc_main_ARA NORM  0129,C:\Users\Ali\Downloads\etib_project\etib\arabic_sentence_ending_training\data\raw\arabic_speech_corpus\arabic-speech-corpus\wav\ARA NORM  0129.wav,وَأَنَّ أَرْبَعَةً وَتِسْعِينَ بِالْمِئَةِ مِنْ تِلْكَ الْكَوَاكِبِ أَصْغَرُ مِنْ كَوْكَبِ نِبْتُونْ أَلَّذِي يُعَادِلُ حَجْمُهُ تَقْرِيباً أَرْبَعَةَ أَضْعَافِ حَجْمِ الْأَرْضِ,arabic_speech_corpus_wordtier,gold_diacritized_text,وأن 94 بالمئة من تلك الكواكب أصغر من كوكب نبتون الذي يعادل حجمه تقريباً أربعة أضعاف حجم الأرض.
asc_main_ARA NORM  0130,C:\Users\Ali\Downloads\etib_project\etib\arabic_sentence_ending_training\data\raw\arabic_speech_corpus\arabic-speech-corpus\wav\ARA NORM  0130.wav,تَسْتَعِدُّ الْعَاصِمَةُ الْعِرَاقِيَّةُ لِاخْتِتَامِ فَعَّالِيَّاتِ تَظَاهُرَةِ بَغْدَادَ عَاصِمَةً لِل^َّقَافَةِ الْعَرَبِيَّةِ بَعْدَ عَامٍ شَهِدَ عَشَرَاتِ التَّظَاهُرَاتِ ال^َّقَافِيَّةِ وَالْفَنِّيَّةِ وَالْمَعَارِضِ بِهَذِهِ الْمُنَاسَبَةِ,arabic_speech_corpus_wordtier,gold_diacritized_text,تستعد العاصمة العراقية لاختتام فعاليات تظاهرة بغداد عاصمة للثقافة العربية بعد عام شهد عشرات التظاهرات الثقافية والفنية والمعارض بهذه المناسبة.
asc_main_ARA NORM  0131,C:\Users\Ali\Downloads\etib_project\etib\arabic_sentence_ending_training\data\raw\arabic_speech_corpus\arabic-speech-corpus\wav\ARA NORM  0131.wav,وَيُخَصَّصُ الْأُسْبُوعُ لِتَنْظِيمِ حَمَلَاتٍ تَ^ْقِيفِيَّةٍ حَوْلَ سِيَاسَاتِ وَمُمَارَسَاتِ إِسْرَائِيلَ الْعُنْصُرِيَّةِ وَالْإِسْتِعْمَارِيَّةِ,arabic_speech_corpus_wordtier,gold_diacritized_text,ويخصص الأسبوع لتنظيم حملات تثقيفية حول سياسات وممارسات إسرائيل العنصرية والاستعمارية
asc_main_ARA NORM  0133,C:\Users\Ali\Downloads\etib_project\etib\arabic_sentence_ending_training\data\raw\arabic_speech_corpus\arabic-speech-corpus\wav\ARA NORM  0133.wav,حَيْ^ُ تُشَارِكُ فِيهَا أَكْ^َرُ مِنْ مِئَتَيْ مَدِينَةٍ فِي أَنْحَاءِ الْعَالَمِ,arabic_speech_corpus_wordtier,gold_diacritized_text,حيث تشارك فيها أكثر من مائتي مدينة في أنحاء العالم
asc_main_ARA NORM  0134,C:\Users\Ali\Downloads\etib_project\etib\arabic_sentence_ending_training\data\raw\arabic_speech_corpus\arabic-speech-corpus\wav\ARA NORM  0134.wav,تَقُومُ عَلَى إِطْلَاقِ مِئَاتِ الْأَقْمَارِ الصِّنَاعِيَّةِ الْمُصَغَّرَةِ إِلَى مَدَارٍ مُنْخَفِضٍ حَوْلَ الْأَرْضِ بِحَيْ^ُ يَتَوَلَّى كُلُّ قَمَرٍ صِنَاعِيٍّ اسْتِقْبَالَ الْبَيَانَاتِ مِنْ عِدَّةِ مِئَاتٍ مِنَ الْمَحَطَّاتِ الْأَرْضِيَّةِ ^ُمَّ إِعَادَةَ بَ^ِّهَا عَبْرَ مَوْجَاتٍ إِذَاعِيَّةٍ عَرِيضَةٍ إِلَى الْهَوَاتِفِ وَالْحَوَاسِيبِ الْمُنْتَشِرَةِ فِي الْعَالَمِ,arabic_speech_corpus_wordtier,gold_diacritized_text,تقوم على إطلاق مئات الأقمار الصناعية المصغرة إلى مدار منخفض حول الأرض بحيث يتولى كل قمر صناعي استقبال البيانات من عدة مئات من المحطات الأرضية ثم إعادة بثها عبر موجات إذاعية عريضة إلى الهواتف والحواسيب المنتشرة في العالم.
asc_main_ARA NORM  0135,C:\Users\Ali\Downloads\etib_project\etib\arabic_sentence_ending_training\data\raw\arabic_speech_corpus\arabic-speech-corpus\wav\ARA NORM  0135.wav,فِي ذِكْرَى مُرُورِ خَمْسِينَ عَاماً عَلَى وَفَاةِ الْكَاتِبِ الْمِصْرِيِّ عَبَّاسْ مَحْمُودِ الْعَقَّادْ,arabic_speech_corpus_wordtier,gold_diacritized_text,في ذكرى مرور 50 عامًا على وفاة الكاتب المصري عباس محمود العقاد
asc_main_ARA NORM  0136,C:\Users\Ali\Downloads\etib_project\etib\arabic_sentence_ending_training\data\raw\arabic_speech_corpus\arabic-speech-corpus\wav\ARA NORM  0136.wav,عَقَدَتْ دَارُ الْكُتُبِ الْمِصْرِيَّةُ الْأَرْبِعَاءَ مُؤْتَمَراً تَحْتَ عُنْوَانِ أَلْعَقَّادُعَبْقَرِيَّةٌ مُتَجَدِّدَةٌ,arabic_speech_corpus_wordtier,gold_diacritized_text,"عقدت دار الكتب المصرية الأربعاء مؤتمرًا تحت عنوان: "" العقاد عبقرية متجددة"""
asc_main_ARA NORM  0139,C:\Users\Ali\Downloads\etib_project\etib\arabic_sentence_ending_training\data\raw\arabic_speech_corpus\arabic-speech-corpus\wav\ARA NORM  0139.wav,وَيُشَدِّدُ عَلَى أَنَّهُ لَيْسَ عَلَى عِلْمٍ بِأَيَّةِ حَالَةٍ إِشْكَالِيَّةٍ أَوْ حَظْرٍ لِلصِّيَامِ مِنْ قِبَلِ أَيِّ شَرِكَةٍ فِي بِلْجِيكَا,arabic_speech_corpus_wordtier,gold_diacritized_text,ويشدد على أنه ليس على علم بأية حالة إشكالية أو حظر للصيام من قبل أي شركة في بلجيكا
asc_main_ARA NORM  0140,C:\Users\Ali\Downloads\etib_project\etib\arabic_sentence_ending_training\data\raw\arabic_speech_corpus\arabic-speech-corpus\wav\ARA NORM  0140.wav,وَيَرَى ضَرُورَةَ أَنْ يَكُونَ هُنَاكَ حِوَارٌ شَفَّافٌ,arabic_speech_corpus_wordtier,gold_diacritized_text,ويرى ضرورة أن يكون هناك حوار شفاف
asc_main_ARA NORM  0141,C:\Users\Ali\Downloads\etib_project\etib\arabic_sentence_ending_training\data\raw\arabic_speech_corpus\arabic-speech-corpus\wav\ARA NORM  0141.wav,وَفِعْلاً يَسْتَغْرِبُ الْمَرْءُ كَيْفَ تَمَكَّنَتْ هَذِهِ السَّيِّدَةُ,arabic_speech_corpus_wordtier,gold_diacritized_text,وفعلا يستغرب المرء كيف تمكنت هذه السيدة
asc_main_ARA NORM  0145,C:\Users\Ali\Downloads\etib_project\etib\arabic_sentence_ending_training\data\raw\arabic_speech_corpus\arabic-speech-corpus\wav\ARA NORM  0145.wav,فِي مَنْعِ بَيْعِ التِّمْ^َالِ الْفِرْعُوْنِيِّ سَخْمْ كَا بِنَحْوِ أَرْبَعَةٍ وَعِشْرينَ مِلْيُونْ دُولارْ,arabic_speech_corpus_wordtier,gold_diacritized_text,في منع بيع التمثال الفرعوني سخم ك بنحو 24 مليون دولار
asc_main_ARA NORM  0146,C:\Users\Ali\Downloads\etib_project\etib\arabic_sentence_ending_training\data\raw\arabic_speech_corpus\arabic-speech-corpus\wav\ARA NORM  0146.wav,وَتَعُودُ قِصَّةُ هَذَا التِّمْ^َالِ الْفِرْعُوْنِيِّ إِلَى عَامِ أَلفٍ وَ^َمَانِ مِئَةٍ وَ^َمانينَ حَيْ^ُ أُهْدِيَ مِنْ أُسْرَةِ مُدِيرِ مَجْلِسِ بَلَدِيَّةِ نُورْ^ْهَامْبْتُونْ إِلَى مُتْحَفِ الْمَدِينَةِ,arabic_speech_corpus_wordtier,gold_diacritized_text,وتعود قصة هذا التمثال الفرعوني إلى عام 1880 حيث أهدي من أسرة مدير مجلس بلدية نورثهامبتون إلى متحف المدينة
asc_main_ARA NORM  0147,C:\Users\Ali\Downloads\etib_project\etib\arabic_sentence_ending_training\data\raw\arabic_speech_corpus\arabic-speech-corpus\wav\ARA NORM  0147.wav,وَمُنْذُ ذَلِكَ التَّارِيخْ وَالتِّمْ^الُ مَعْرُوضٌ هُناكْ,arabic_speech_corpus_wordtier,gold_diacritized_text,ومنذ ذلك التاريخ والتمثال معروض هناك
asc_main_ARA NORM  0148,C:\Users\Ali\Downloads\etib_project\etib\arabic_sentence_ending_training\data\raw\arabic_speech_corpus\arabic-speech-corpus\wav\ARA NORM  0148.wav,تَرَكَتْ سَرِقَةُ أَحَدَ أَعْمَالِهِ عَلَى يَدَيْ ضَابِطٍ إِسْرَائِيلِيٍّ أَ^َرَهَا فِي نَفْسِهِ,arabic_speech_corpus_wordtier,gold_diacritized_text,تركت سرقة أحد أعماله على يدي ضابط إسرائيلي أثرها في نفسه
asc_main_ARA NORM  0149,C:\Users\Ali\Downloads\etib_project\etib\arabic_sentence_ending_training\data\raw\arabic_speech_corpus\arabic-speech-corpus\wav\ARA NORM  0149.wav,فَفِي مَطْلَعِ يُونيُو حَزِيرَانَ الْمَاضِي أَقْدَمَ النَّاطِقُ بِاسْمِ جَيْشِ الْإِحْتِلَالِ الْإِسْرَائِيلِيِّ عَلَى سَرِقَةِ صُورَةٍ كَارِيكَاتُورِيَّةٍ لِلْفَنَّانِ الْفِلَسْطِينِيِّ حَسَنْ عَبَادِي وَنَشْرِهَا مُحَرَّفَةً عَلَى مَوَاقِعِ التَّوَاصُلِ الْإِجْتِمَاعِيِّ,arabic_speech_corpus_wordtier,gold_diacritized_text,ففي مطلع يونيو/حزيران الماضي أقدم الناطق باسم جيش الاحتلال الإسرائيلي على سرقة صورة كاريكاتورية للفنان الفلسطيني حسن عبادي ونشرها محرفة على مواقع التواصل الاجتماعي.
asc_main_ARA NORM  0150,C:\Users\Ali\Downloads\etib_project\etib\arabic_sentence_ending_training\data\raw\arabic_speech_corpus\arabic-speech-corpus\wav\ARA NORM  0150.wav,يَسْتَغِلُّ الْكَ^ِيرُ مِنْ الجَزَائِرِيِّينَ مَا تَنْعَمُ بِهِ بِلَادُهُمْ مِنْ يَنَابِيعَ مِيَاهٍ طَبِيعِيَّةٍ وَمَنَاطِقَ ذَاتَ طَبِيعَةٍ خَلَّابَةٍ فِي فَصْلِ الصَّيْفِ اللَّاهِبِ فِي بَعْضِ الْوِلَايَاتِ,arabic_speech_corpus_wordtier,gold_diacritized_text,يستغل الكثير من الجزائريين ما تنعم به بلادهم من ينابيع مياه طبيعية ومناطق ذات طبيعة خلابة في فصل الصيف اللاهب في بعض الولايات
asc_main_ARA NORM  0151,C:\Users\Ali\Downloads\etib_project\etib\arabic_sentence_ending_training\data\raw\arabic_speech_corpus\arabic-speech-corpus\wav\ARA NORM  0151.wav,وَذَلِكَ طَلَباً لِلتَّرْوِيحِ وَجَلْبِ الْمِيَاهِ الْبَارِدَةِ,arabic_speech_corpus_wordtier,gold_diacritized_text,وذلك طلبا للترويح وجلب المياه الباردة
asc_main_ARA NORM  0153,C:\Users\Ali\Downloads\etib_project\etib\arabic_sentence_ending_training\data\raw\arabic_speech_corpus\arabic-speech-corpus\wav\ARA NORM  0153.wav,تُسَاعِدُهُمْ عَلَى تَعَلُّمِ اللُّغَةِ وَذَلِكَ قَبْلَ وَقْتٍ طَوِيلٍ مِنْ نُطْقِ الْأَطْفَالِ بِأَوَّلِ كَلِمَةٍ لَهُمْ فِي حَيَاتِهِمْ,arabic_speech_corpus_wordtier,gold_diacritized_text,تساعدهم على تعلم اللغة وذلك قبل وقت طويل من نطق الأطفال بأول كلمة لهم في حياتهم
asc_main_ARA NORM  0155,C:\Users\Ali\Downloads\etib_project\etib\arabic_sentence_ending_training\data\raw\arabic_speech_corpus\arabic-speech-corpus\wav\ARA NORM  0155.wav,فَجَّرَ مُسَلَّحُو تَنْظِيمِ الدَّوْلَةِ الْخَمِيسَ مَسْجِداً مَشْهُوراً يُعْتَقَدُ أَنَّهُ مَرْقَدُ النَّبِيِّ يُونُسْ عَلَيْهِ السَّلَامُ بِمَدِينَةِ الْمُوصِلِ فِي الْعِرَاقِ,arabic_speech_corpus_wordtier,gold_diacritized_text,فجّر مسلحو تنظيم الدولة الخميس مسجدًا مشهورًا يُعتقد أنه مرقد النبي يونس عليه السلام بمدينة الموصل في العراق
asc_main_ARA NORM  0156,C:\Users\Ali\Downloads\etib_project\etib\arabic_sentence_ending_training\data\raw\arabic_speech_corpus\arabic-speech-corpus\wav\ARA NORM  0156.wav,وَأَوْضَحُوا أَنَّ مَوْجَاتٍ فَوْقَ صَوْتِيَّةٍ تَنْشَأُ دَاخِلَ الْأَشْجَارِ عِنْدَمَا تَتَكَوَّنُ فُقَّاعَاتٌ دَاخِلَ فُرُوعِهَا,arabic_speech_corpus_wordtier,gold_diacritized_text,وأوضحوا أن موجات فوق صوتية تنشأ داخل الأشجار عندما تتكون فقاعات داخل فروعها
asc_main_ARA NORM  0158,C:\Users\Ali\Downloads\etib_project\etib\arabic_sentence_ending_training\data\raw\arabic_speech_corpus\arabic-speech-corpus\wav\ARA NORM  0158.wav,إِنْطَلَقَتْ بِالْمَرْكَزِ الْإِسْلَامِيِّ فِي رِيِيكَا بِكُرْوَاتْيَا أَلْمُسَابَقَةُ السَّنَوِيَّةُ لِلشَّيْخِ جَاسْمِ بْنِ مُحَمَّدٍ بْنِ ^َانِي لِلْقُرْآنِ الْكَرِيمِ الْمُخَصَّصَةُ لِغَيْرِ النَّاطِقِينَ بِاللُّغَةِ الْعَرَبِيَّةِ,arabic_speech_corpus_wordtier,gold_diacritized_text,انطلقت بالمركز الإسلامي في رييكا بكرواتيا المسابقة السنوية للشيخ جاسم بن محمد بن ثاني للقرآن الكريم المخصصة لغير الناطقين باللغة العربية
asc_main_ARA NORM  0159,C:\Users\Ali\Downloads\etib_project\etib\arabic_sentence_ending_training\data\raw\arabic_speech_corpus\arabic-speech-corpus\wav\ARA NORM  0159.wav,فَضْلاً عَنْ تَفْسِيرِ بَعْضِ الْكَلِمَاتِ وَحِفْظِ بَعْضِ الْأَحَادِي^ِ,arabic_speech_corpus_wordtier,gold_diacritized_text,فضلا عن تفسير بعض الكلمات وحفظ بعض الأحاديث
asc_main_ARA NORM  0160,C:\Users\Ali\Downloads\etib_project\etib\arabic_sentence_ending_training\data\raw\arabic_speech_corpus\arabic-speech-corpus\wav\ARA NORM  0160.wav,عَلَى أَيَّحْصُلَ الْعَشَرَةُ الْأَوَائِلُ مِنْهُمْ عَلَى جَوَائِزَ قَيِّمَةٍ,arabic_speech_corpus_wordtier,gold_diacritized_text,على أن يحصل العشرة الأوائل منهم على جوائز قيمة
asc_main_ARA NORM  0161,C:\Users\Ali\Downloads\etib_project\etib\arabic_sentence_ending_training\data\raw\arabic_speech_corpus\arabic-speech-corpus\wav\ARA NORM  0161.wav,وَتُمْنَحَ لِلْبَاقِينَ جَوَائِزُ رَمْزِيَّةٌ,arabic_speech_corpus_wordtier,gold_diacritized_text,وتمنح للباقين جوائز رمزية
asc_main_ARA NORM  0166,C:\Users\Ali\Downloads\etib_project\etib\arabic_sentence_ending_training\data\raw\arabic_speech_corpus\arabic-speech-corpus\wav\ARA NORM  0166.wav,وَصُعُوبَةً فِي التَّوَاصُلِ مَعَ الْآخَرِينَ,arabic_speech_corpus_wordtier,gold_diacritized_text,وصعوبة في التواصل مع الآخرين
asc_main_ARA NORM  0167,C:\Users\Ali\Downloads\etib_project\etib\arabic_sentence_ending_training\data\raw\arabic_speech_corpus\arabic-speech-corpus\wav\ARA NORM  0167.wav,أَقَرَّ الْكُونْغْرِسُ الْأَمِرِكِيُّ تَخْصِيصَ مِئَتَينِ وَخَمسَةً وَعِشْرينَ مِلْيُونَ دُولَارٍ- كَتَمْوِيل لِمَنْظُومَةِ الْقُبَّةِ الْحَدِيدِيَّةِ لِلدِّفَاعِ الصَّارُوخِيِّ فِي إِسْرَائِيلَ,arabic_speech_corpus_wordtier,gold_diacritized_text,أقر الكونغرس الأمريكي تخصيص 225 مليون دولار كتمويل لمنظومة القبة الحديدية للدفاع الصاروخي في إسرائيل
asc_main_ARA NORM  0168,C:\Users\Ali\Downloads\etib_project\etib\arabic_sentence_ending_training\data\raw\arabic_speech_corpus\arabic-speech-corpus\wav\ARA NORM  0168.wav,وَذَلِكَ بَعْدَ يَوْمَيْنِ مِنْ إِعْلَانِ وَزَارَةِ الدِّفَاعِ الْأَمِرِكِيَّةِ تَسْلِيمَ شُحْنَاتٍ مِنَ الذَّخِيرَةِ لِإِسْرَائِيلَ,arabic_speech_corpus_wordtier,gold_diacritized_text,وذلك بعد يومين من إعلان وزارة الدفاع الأمريكية تسليم شحنات من الذخيرة لإسرائيل
asc_main_ARA NORM  0170,C:\Users\Ali\Downloads\etib_project\etib\arabic_sentence_ending_training\data\raw\arabic_speech_corpus\arabic-speech-corpus\wav\ARA NORM  0170.wav,وَقَدْ نَقَلَتْهُمَا طَائِرَةٌ مُجَهَّزَةٌ لِلْوِلَايَاتِ الْمُتَّحِدَةِ يَوْمَ السَّبْتِ,arabic_speech_corpus_wordtier,gold_diacritized_text,وقد نقلتهما طائرة مجهزة للولايات المتحدة يوم السبت
asc_main_ARA NORM  0173,C:\Users\Ali\Downloads\etib_project\etib\arabic_sentence_ending_training\data\raw\arabic_speech_corpus\arabic-speech-corpus\wav\ARA NORM  0173.wav,دُونَ الْإِنْتِبَاهِ لِمَا قَدْ تُحْدِ^ُهُ مِنْ أَ^َرٍ عَلَى صِحَّتِهِمْ وَتَفَاعُلِهِمْ مَعَ مُحِيطِهِمْ,arabic_speech_corpus_wordtier,gold_diacritized_text,دون الانتباه لما قد تحدثه من أثر على صحتهم وتفاعلهم مع محيطهم
asc_main_ARA NORM  0174,C:\Users\Ali\Downloads\etib_project\etib\arabic_sentence_ending_training\data\raw\arabic_speech_corpus\arabic-speech-corpus\wav\ARA NORM  0174.wav,فَضْلاً عَنْ تَعَرُّضِهِمْ لِلضُّغُوطِ النَّفْسِيَّةِ وَالْإِجْتِمَاعِيّةِ وَالتَّحَرُّشِ وَالْإِسْتِغْلَالِ حِينَ يَتَصَفَّحُونَ مَوَاقِعَ ضَارَّةً أَوْ شَبَكَاتٍ لِلتَّوَاصُلِ الْإِجْتِمَاعِيِّ أَصْبَحَتْ هَدَفاً لِمُجْرِمِي الْإِنْتِرْنِيْتْ,arabic_speech_corpus_wordtier,gold_diacritized_text,فضلاً عن تعرضهم للضغوط النفسية والاجتماعية والتحرش والاستغلال حين يتصفحون مواقع ضارة أو شبكات للتواصل الاجتماعي أصبحت هدفاً لمجرمي الإنترنت
asc_main_ARA NORM  0175,C:\Users\Ali\Downloads\etib_project\etib\arabic_sentence_ending_training\data\raw\arabic_speech_corpus\arabic-speech-corpus\wav\ARA NORM  0175.wav,وَتَحْتَ إِشْرَافِ رَئِيسِ الْمَصْلَحَةِ مِنْ تَأْسِيسِ أَوَّلَ فِرْقَةٍ مُوسِيقِيَّةٍ أَفْرَادُهَا مِنَ الْأَطْفَالِ الْمَرْضَى الْمُقِيمِينَ بِالْمُسْتَشْفَى,arabic_speech_corpus_wordtier,gold_diacritized_text,وتحت إشراف رئيس المصلحة من تأسيس أول فرقة موسيقية أفرادها من الأطفال المرضى المقيمين بالمستشفى
asc_main_ARA NORM  0177,C:\Users\Ali\Downloads\etib_project\etib\arabic_sentence_ending_training\data\raw\arabic_speech_corpus\arabic-speech-corpus\wav\ARA NORM  0177.wav,^َلَا^َةٌ مِنْهَا مُتَعَلِّقَةٌ بِرُؤْيَةِ الْكَوَاكِبِ,arabic_speech_corpus_wordtier,gold_diacritized_text,ثلاثة منها متعلقة برؤية الكواكب
asc_main_ARA NORM  0178,C:\Users\Ali\Downloads\etib_project\etib\arabic_sentence_ending_training\data\raw\arabic_speech_corpus\arabic-speech-corpus\wav\ARA NORM  0178.wav,وَ^َمَانِيَ زَخَّاتٍ لِلشُّهُبِ,arabic_speech_corpus_wordtier,gold_diacritized_text,وثماني زخات للشهب
asc_main_ARA NORM  0180,C:\Users\Ali\Downloads\etib_project\etib\arabic_sentence_ending_training\data\raw\arabic_speech_corpus\arabic-speech-corpus\wav\ARA NORM  0180.wav,وَهُوَ أَيْضاً خُسُوفٌ كُلِّيٌّ يُشَاهَدُ مِنْ أَجْزَاءٍ مِنَ الْأَمِرِكِيَّتَيْنِ وَالْمُحِيطِ الْأَطْلَسِيِّ وَأَسْتْرَالْيَا وَأَجْزَاءٍ مِنْ شَرْقِ آسْيَا,arabic_speech_corpus_wordtier,gold_diacritized_text,وهو أيضاً خسوف كلي يشاهد من أجزاء من الأمريكيتين والمحيط الأطلسي وأستراليا وأجزاء من شرق آسيا
asc_main_ARA NORM  0181,C:\Users\Ali\Downloads\etib_project\etib\arabic_sentence_ending_training\data\raw\arabic_speech_corpus\arabic-speech-corpus\wav\ARA NORM  0181.wav,إِلَّا أَنَّ إِنْتَاجَهُ أَ^َارَ جَدَلاً عَالَمِيّاً نَظَراً لِاعْتِمَادِ تَصْنِيعِهِ عَلَى بَعْضِ الْمَحَاصِيلِ الزِّرَاعِيَّةِ كَالذُّرَةِ وَفُولِ الصُّويَا مِمَّا يُؤَ^ِّرُ عَلىَ سَلَّةِ الْغِذَاءِ الْعَالَمِيَّةِ,arabic_speech_corpus_wordtier,gold_diacritized_text,إلا أن إنتاجه أثار جدلاً عالمياً نظراً لاعتماد تصنيعه على بعض المحاصيل الزراعية كالذرة وفول الصويا مما يؤثر على سلة الغذاء العالمية
asc_main_ARA NORM  0182,C:\Users\Ali\Downloads\etib_project\etib\arabic_sentence_ending_training\data\raw\arabic_speech_corpus\arabic-speech-corpus\wav\ARA NORM  0182.wav,مُعْظَمُهَا قَادِرٌ عَلَى إِجْرَاءِ عَمَلِيَّةِ التَّمْ^ِيلِ الضَّوْئِيِّ,arabic_speech_corpus_wordtier,gold_diacritized_text,معظمها قادر على إجراء عملية التمثيل الضوئي
asc_main_ARA NORM  0183,C:\Users\Ali\Downloads\etib_project\etib\arabic_sentence_ending_training\data\raw\arabic_speech_corpus\arabic-speech-corpus\wav\ARA NORM  0183.wav,حَيْ^ُ تَسْتَطِيعُ أَنْ تُنْتِجَ زَيْتاً نَبَاتِيّاً,arabic_speech_corpus_wordtier,gold_diacritized_text,حيث تستطيع أن تنتج زيتاً نباتياً
asc_main_ARA NORM  0184,C:\Users\Ali\Downloads\etib_project\etib\arabic_sentence_ending_training\data\raw\arabic_speech_corpus\arabic-speech-corpus\wav\ARA NORM  0184.wav,تَتِمُّ مُعَالَجَتُهُ كِيمْيَائِيّاً لِلْحُصُولِ عَلَى الدِّيزَلِ الْحَيَوِيِّ,arabic_speech_corpus_wordtier,gold_diacritized_text,تتم معالجته كيميائيا للحصول على الديزل الحيوي
asc_main_ARA NORM  0185,C:\Users\Ali\Downloads\etib_project\etib\arabic_sentence_ending_training\data\raw\arabic_speech_corpus\arabic-speech-corpus\wav\ARA NORM  0185.wav,الْقَادِرِ عَلَى تَشْغِيلِ كَ^ِيرٍ مِنَ الْمُحَرِّكَاتِ,arabic_speech_corpus_wordtier,gold_diacritized_text,القادر على تشغيل كثير من المحركات
asc_main_ARA NORM  0186,C:\Users\Ali\Downloads\etib_project\etib\arabic_sentence_ending_training\data\raw\arabic_speech_corpus\arabic-speech-corpus\wav\ARA NORM  0186.wav,يَرْوِي رَئِيسُ الْمَجْلِسِ الْإِسْلَامِيِّ كَيْفَ تَحَوَّلَ شَابٌّ دَانِمَارْكِيٌّ بَعْدَ اعْتِنَاقِهِ الْإِسْلَامَ مِنْ عَاقٍّ لِوَالِدَتِهِ الْعَجُوزِ الَّتِي كَانَ يَشْتِمُهَا وَيُؤْذِيهَا5 وَيَضْرِبُهَا إِلَى حَمَلٍ وَدِيعٍ وَمُطِيعٍ يَعْتَنِي بِهَا,arabic_speech_corpus_wordtier,gold_diacritized_text,يروي رئيس المجلس الإسلامي كيف تحول شاب دنمركي بعد اعتناقه الإسلام من عاق لوالدته العجوز التي كان يشتمها ويؤذيها ويضربها إلى حمل وديع ومطيع يعتني بها
asc_main_ARA NORM  0187,C:\Users\Ali\Downloads\etib_project\etib\arabic_sentence_ending_training\data\raw\arabic_speech_corpus\arabic-speech-corpus\wav\ARA NORM  0187.wav,مِنْ فِئَةٍ مُهَمَّشَةٍ لَا حُضُورَ فَاعِلاً لَهَا,arabic_speech_corpus_wordtier,gold_diacritized_text,من فئة مهمشة لا حضور فاعل لها
asc_main_ARA NORM  0188,C:\Users\Ali\Downloads\etib_project\etib\arabic_sentence_ending_training\data\raw\arabic_speech_corpus\arabic-speech-corpus\wav\ARA NORM  0188.wav,إِلَى فِئَةٍ تَحْتَ الضَّوْءِ لَدَيْهَا مَقَابِرُ خَاصَّةٌ,arabic_speech_corpus_wordtier,gold_diacritized_text,إلى فئة تحت الضوء لديها مقابر خاصة
asc_main_ARA NORM  0189,C:\Users\Ali\Downloads\etib_project\etib\arabic_sentence_ending_training\data\raw\arabic_speech_corpus\arabic-speech-corpus\wav\ARA NORM  0189.wav,وَأَكْ^َرُ مِنْ خَمْسَ عَشْرَةَ مَدْرَسَةٍ إِسْلَامِيَّةٍ مُنْتَشِرَةً فِي الْبِلَادِ مَدْعُومَةً بِنِسْبَةِ خَمسَةٍ وَ^َمَانينَ بِالْمِئَةِ مِنَ الدَّوْلَةِ,arabic_speech_corpus_wordtier,gold_diacritized_text,وأكثر من 15 مدرسة إسلامية منتشرة في البلاد مدعومة بنسبة 85% من الدولة
asc_main_ARA NORM  0191,C:\Users\Ali\Downloads\etib_project\etib\arabic_sentence_ending_training\data\raw\arabic_speech_corpus\arabic-speech-corpus\wav\ARA NORM  0191.wav,لَكِنْ بَعْدَ حُصُولِهِمْ عَلَى الْإِذْنِ عَامَ أَلفٍ وَتِسعِ مِئَةٍ وتِسعَةٍ وَ^َمانِينْ,arabic_speech_corpus_wordtier,gold_diacritized_text,لكن بعد حصولهم على الإذن عام 1989
asc_main_ARA NORM  0192,C:\Users\Ali\Downloads\etib_project\etib\arabic_sentence_ending_training\data\raw\arabic_speech_corpus\arabic-speech-corpus\wav\ARA NORM  0192.wav,عَصَفَتْسة بِالْمِنْطَقَةِ تَقَلُّبَاتٌ جَذْرِيَّةٌ زَلْزَلَتْ كُلَّ شَيْءٍ إِلَّا تَصْمِيمَ هَؤُلاءِ الْقَوْمِ عَلَى إِنْجَازِ مَشْرُوعِهِمْ,arabic_speech_corpus_wordtier,gold_diacritized_text,عصفت بالمنطقة تقلبات جذرية زلزلت كل شيء إلا تصميم هؤلاء القوم على إنجاز مشروعهم
asc_main_ARA NORM  0193,C:\Users\Ali\Downloads\etib_project\etib\arabic_sentence_ending_training\data\raw\arabic_speech_corpus\arabic-speech-corpus\wav\ARA NORM  0193.wav,وَيَهْدِفُ الْمَشْرُوعُ إِلَى التَّخْفِيفِ مِنِ اسْتِهْلَاكِ الطَّاقَةِ التَّقْلِيدِيَّةِ وَنَقْلِ التَّقْنِيَّةِ لِأَسْوَاقٍ أُخْرَى خَارِجَ قَطَرَ وَفْقَ بَيْئَتِهَا,arabic_speech_corpus_wordtier,gold_diacritized_text,ويهدف المشروع إلى التخفيف من استهلاك الطاقة التقليدية ونقل التقنية لأسواق أخرى خارج قطر وفق بيئتها.
asc_main_ARA NORM  0194,C:\Users\Ali\Downloads\etib_project\etib\arabic_sentence_ending_training\data\raw\arabic_speech_corpus\arabic-speech-corpus\wav\ARA NORM  0194.wav,دَعَا الْمَعْهَدُ الدَّوْلِيُّ لِلصَّحَافَةِ فِى رِسَالَةٍ مَفْتُوحَةٍ وَجَّهَهَا لِلرَّئِيسِ الْمِصْرِيِّ عَبْدِ الْفَتَّاحِ السِّيسِي إِلَى مَنْحِ عَفْوٍ رِئَاسِيٍّ كَامِلٍ لِصَحَفِيِّي الْجَزِيرَةِ ال^َّلَا^َة أَلَّذِينَ قَضَتْ مَحْكَمَةٌ بِسَجْنِهِمْ مُدَداً تَتَرَاوَحُ بَيْنَ سَبْع وَعَشْرِ سَنَوَاتٍ,arabic_speech_corpus_wordtier,gold_diacritized_text,دعا المعهد الدولي للصحافه في رساله مفتوحه وجهها للرئيس المصري عبد الفتاح السيسي الى منح عفو رئاسي كامل لصحفيي الجزيره الثلاثه الذين قضت محكمتهم بسجنهم مددا تتراوح بين سبع وعشر سنوات.
asc_main_ARA NORM  0196,C:\Users\Ali\Downloads\etib_project\etib\arabic_sentence_ending_training\data\raw\arabic_speech_corpus\arabic-speech-corpus\wav\ARA NORM  0196.wav,وَنَظَراً لِانْخِفَاضِ مُعَدَّلِ اسْتِهْلَاكِ الطَّاقَةِ أَ^ْنَاءَ السَّفَرِ بِسَبَبِ الْجُلُوسِ الْمُسْتَمِرِّ فِي السَّيَّارَةِ أَوِ الْحَافِلَةِ,arabic_speech_corpus_wordtier,gold_diacritized_text,ونظراً لانخفاض معدل استهلاك الطاقة أثناء السفر بسبب الجلوس المستمر في السيارة أو الحافلة
asc_main_ARA NORM  0197,C:\Users\Ali\Downloads\etib_project\etib\arabic_sentence_ending_training\data\raw\arabic_speech_corpus\arabic-speech-corpus\wav\ARA NORM  0197.wav,وَيَنْبَغِي حِفْظُ هَذِهِ الْأَطْعِمَةِ فِي عَبَوَاتٍ مُحْكَمَةِ الْإِغْلَاقِ,arabic_speech_corpus_wordtier,gold_diacritized_text,وينبغي حفظ هذه الأطعمة في عبوات محكمة الإغلاق
asc_main_ARA NORM  0198,C:\Users\Ali\Downloads\etib_project\etib\arabic_sentence_ending_training\data\raw\arabic_speech_corpus\arabic-speech-corpus\wav\ARA NORM  0198.wav,مِنْهَا أَقْمِشَةٌ وَأَدَوَاتٌ مَعْدَنِيَّةٌ وَخَشَبِيَّةٌ وَقِنانٍ بْلَاسْتِيكِيَّةٌ وَزُجَاجِيَّةٌ وَأَوْرَاقُ صُحُفٍ,arabic_speech_corpus_wordtier,gold_diacritized_text,منها أقمشة وأدوات معدنية وخشبية وقنان بلاستيكية وزجاجية وأوراق صحف
asc_main_ARA NORM  0200,C:\Users\Ali\Downloads\etib_project\etib\arabic_sentence_ending_training\data\raw\arabic_speech_corpus\arabic-speech-corpus\wav\ARA NORM  0200.wav,وَأَنَّ لَهَا اسْتِعْمَالَاتٍ مُتَعَدِّدَةً وَيُمْكِنُ تَحْوِيلُهَا إِلَى فَنٍّ,arabic_speech_corpus_wordtier,gold_diacritized_text,وأن لها استعمالات متعددة ويمكن تحويلها إلى فن
asc_main_ARA NORM  0202,C:\Users\Ali\Downloads\etib_project\etib\arabic_sentence_ending_training\data\raw\arabic_speech_corpus\arabic-speech-corpus\wav\ARA NORM  0202.wav,تُرَافِقُهَا ابْتِسَامَةٌ عَرِيضَةٌ,arabic_speech_corpus_wordtier,gold_diacritized_text,ترافقها ابتسامة عريضة
asc_main_ARA NORM  0203,C:\Users\Ali\Downloads\etib_project\etib\arabic_sentence_ending_training\data\raw\arabic_speech_corpus\arabic-speech-corpus\wav\ARA NORM  0203.wav,قَبْلَ أَنْ يُصْبِحُوا نُجُوماً وَأَسْعَارُهُمْ تُقَدَّرُ بِعَشَرَاتِ الْمَلَايِينِ مِنَ الدُّولَارَاتِ,arabic_speech_corpus_wordtier,gold_diacritized_text,قبل أن يصبحوا نجوماً وأسعارهم تقدر بعشرات الملايين من الدولارات
asc_main_ARA NORM  0206,C:\Users\Ali\Downloads\etib_project\etib\arabic_sentence_ending_training\data\raw\arabic_speech_corpus\arabic-speech-corpus\wav\ARA NORM  0206.wav,إِطْلَالَةٌ عَلَى أَحْوَالِ الطَّقْسِ نُتَابِعُهَا مَعَ خَالِدْ صَالِحْ,arabic_speech_corpus_wordtier,gold_diacritized_text,إطلالة على أحوال الطقس نتابعها مع خالد صالح
asc_main_ARA NORM  0210,C:\Users\Ali\Downloads\etib_project\etib\arabic_sentence_ending_training\data\raw\arabic_speech_corpus\arabic-speech-corpus\wav\ARA NORM  0210.wav,نَبْدَأُ مِنْ مَنْطِقَةِ شِبْهِ الْجَزِيرَةِ الْعَرَبِيَّةِ الَّتِي تَتَأَ^َّرُ- بِوُجُودِ امْتِدَادِ مُرْتَفَعٍ جَوِّيٍّ ضَعِيفٍ يَعْمَلُ عَلَى هُبُوبِ رِيَاحٍ شَمَالِيَّةٍ غَرْبِيَّةٍ خَفِيفَةِ السُّرْعَةِ فِي الْمَنَاطِقِ الشَّمَالِيَّةِ,arabic_speech_corpus_wordtier,gold_diacritized_text,نبدأ من منطقة شبه الجزيرة العربية التي تتأثر بوجود امتداد مرتفع جوي ضعيف يعمل على هبوب رياح شمالية غربية خفيفة السرعة في المناطق الشمالية.
asc_main_ARA NORM  0211,C:\Users\Ali\Downloads\etib_project\etib\arabic_sentence_ending_training\data\raw\arabic_speech_corpus\arabic-speech-corpus\wav\ARA NORM  0211.wav,أَمْطَارٌ مُتَوَقَّعَةٌ فِي سَلْطَنَةِ عُمَانَ خِلَالَ هَذَا الْيَوْمِ والْأَرْبَع وعِشْرينَ سَاعَتَنِ الْقَادِمَة,arabic_speech_corpus_wordtier,gold_diacritized_text,أمطار متوقعة في سلطنة عمان خلال هذا اليوم و الأربع و عشرين ساعة القادمة
asc_main_ARA NORM  0212,C:\Users\Ali\Downloads\etib_project\etib\arabic_sentence_ending_training\data\raw\arabic_speech_corpus\arabic-speech-corpus\wav\ARA NORM  0212.wav,كَذَلِكَ هُوَ الْحَالُ فِي الْمَدِينَةِ الْمُنَوَّرَةِ لَكِنْ مَعَ طَقْسٍ غَائِمٍ جُزْئِيّاً,arabic_speech_corpus_wordtier,gold_diacritized_text,كذلك هو الحال في المدينة المنورة لكن مع طقس غائم جزئيا
asc_main_ARA NORM  0214,C:\Users\Ali\Downloads\etib_project\etib\arabic_sentence_ending_training\data\raw\arabic_speech_corpus\arabic-speech-corpus\wav\ARA NORM  0214.wav,خُصُوصاً أَصْحَابَ الْإِخْتِصَاصِ أَلْفِنْلَنْدِيِّ تِيرُو سِلبِيتْكَامَاكِي أَلَّذِي حَلَّ ^َانِياً وَالِتْشِيكِي فِيتْسَلاف فِيسِيلِي أَلْخَامِسِ سِتَّةٌ وَ^َمانونَ مِتْراً و^َلَا^َةٌ وَسِتِّونَ سَنتِمِتراً واحِدٌ وَ^َمانُونَ مِتْراً و^َلا^َةٌ وَأَربَعُونَ سَنتِمِتراً وَالنَّرْوِيجِيِّ أَنْدْرِياس ^ُورْكِيلْدسِن ^َمانُونَ مِتْراً وتِسعَةٌ وَسَبعُونَ سَنتِمِتراً أَلَّذِي اكْتَفَى بِالْمَرْكَزِ السَّابِعِ,arabic_speech_corpus_wordtier,gold_diacritized_text,خصوصا أصحاب الاختصاص الفنلندي تيرو بيتكاماكي الذي حل ثانيًا والتشيكي فيتسلاف فيسيلي الخامس (86 مترا و63 سنتم) 81 مترا و43 سنتم ، والنرويجي أندرياس ثوركلتسن (80 مترا و79 سنتم) الذي اكتفى بالمركز السابع.
asc_main_ARA NORM  0215,C:\Users\Ali\Downloads\etib_project\etib\arabic_sentence_ending_training\data\raw\arabic_speech_corpus\arabic-speech-corpus\wav\ARA NORM  0215.wav,وَشَهِدَ اللِّقَاءُ تَسْجِيلَ ^َلَا^َةِ أَرْقَامٍ عَالَمِيَّةٍ فِي مُنَافَسَاتِ الرِّجَالِ,arabic_speech_corpus_wordtier,gold_diacritized_text,وشهد اللقاء تسجيل ثلاثة أرقام عالمية في منافسات الرجال
asc_main_ARA NORM  0216,C:\Users\Ali\Downloads\etib_project\etib\arabic_sentence_ending_training\data\raw\arabic_speech_corpus\arabic-speech-corpus\wav\ARA NORM  0216.wav,أَوَّلُهَا عَنْ طَرِيقِ الْعَدَّاءِ الْجَامَايْكِيِّ هَانْسِل بَّارْشْمَانْت فِي سِبَاقِ المِئَةِ وَالعَشرَةِ أَمْتَارٍ,arabic_speech_corpus_wordtier,gold_diacritized_text,أولها عن طريق العداء الجامايكي هانسيل بارشمانت في سباق ال110 أمتار
asc_main_ARA NORM  0217,C:\Users\Ali\Downloads\etib_project\etib\arabic_sentence_ending_training\data\raw\arabic_speech_corpus\arabic-speech-corpus\wav\ARA NORM  0217.wav,يَوْمُ التَّخَرُّجِ هُوَ لَدَى الْخِرِّيجِينَ يَوْمُ نِهَايَةٍ وَبِدَايَةٍ,arabic_speech_corpus_wordtier,gold_diacritized_text,يوم التخرج هو لدى الخريجين يوم نهاية وبداية
asc_main_ARA NORM  0218,C:\Users\Ali\Downloads\etib_project\etib\arabic_sentence_ending_training\data\raw\arabic_speech_corpus\arabic-speech-corpus\wav\ARA NORM  0218.wav,إِنَّهُ يَوْمٌ يَسْتَرْجِعُ فِيهِ الشَّبَابُ التَّضْحِيَاتِ الَّتِي بَذَلَتْهَا أُسَرُهُمْ مِنْ أَجْلِهِمْ,arabic_speech_corpus_wordtier,gold_diacritized_text,إنه يوم يسترجع فيه الشباب التضحيات التي بذلتها أسرهم من أجلهم.
asc_main_ARA NORM  0219,C:\Users\Ali\Downloads\etib_project\etib\arabic_sentence_ending_training\data\raw\arabic_speech_corpus\arabic-speech-corpus\wav\ARA NORM  0219.wav,بَلْ إِنَّ الْبَعْضَ يَعْتَبِرُهُ طَبَقاً مُهِمّاً يَجِبُ أَنْ لا يَغِيبَ عَنِ الْمَائِدَةِ سَوَاءً عَلَى الْإِفْطَارِ أَوِ السَّحُورِ,arabic_speech_corpus_wordtier,gold_diacritized_text,بل إن البعض يعتبره طبقًا مهمًا يجب أن لا يغيب عن المائدة سواء على الإفطار أو السحور.
asc_main_ARA NORM  0221,C:\Users\Ali\Downloads\etib_project\etib\arabic_sentence_ending_training\data\raw\arabic_speech_corpus\arabic-speech-corpus\wav\ARA NORM  0221.wav,فَإِنَّ لَنْدُنْ فِيهَا إِ^نَانِ وَسَبعُونَ مِلْيَارْدِيراً مِنْ أَصْلِ مِئَةٍ وَأَربَعَةَ مِلْيَارْدِيرَات فِي عُمُومِ بريِطَانْيَا,arabic_speech_corpus_wordtier,gold_diacritized_text,فإن لندن فيها 72 مليارديرًا من أصل 104 مليارديرات في عموم بريطانيا
asc_main_ARA NORM  0223,C:\Users\Ali\Downloads\etib_project\etib\arabic_sentence_ending_training\data\raw\arabic_speech_corpus\arabic-speech-corpus\wav\ARA NORM  0223.wav,وَهُوَ أَكْ^َرُ بِنَاءَاتِ تُرْكْيَا جَذْباً لِلزُّوَارِ بِحَالَتِهِ أَلَّتِي تَرْمِزُ لِلطَّابِعِ الْعِلْمَانِيِّ لِلدَّوْلَةِ التُّرْكِيَّةِ الْحَدِي^َةِ,arabic_speech_corpus_wordtier,gold_diacritized_text,وهو أكثر بناءات تركيا جذبا للزوار بحالته التي ترمز للطابع العلماني للدولة التركية الحديثة
asc_main_ARA NORM  0224,C:\Users\Ali\Downloads\etib_project\etib\arabic_sentence_ending_training\data\raw\arabic_speech_corpus\arabic-speech-corpus\wav\ARA NORM  0224.wav,غَيْرَ أَنَّ عَشَرَاتِ الْآلَافِ مِنَ الْمُسْلِمِينَ الَّذِينَ صَلَّوْا بِالْمَكَانِ أَلسَّبْتَ الْمَاضِي يَأْمَلُونَ أَنْ يَعُودَ مَسْجِداً مَرَّةً أُخْرَى,arabic_speech_corpus_wordtier,gold_diacritized_text,غير أن عشرات الآلاف من المسلمين الذين صلوا بالمكان السبت الماضي يأملون أن يعود مسجدًا مرة أخرى.
asc_main_ARA NORM  0225,C:\Users\Ali\Downloads\etib_project\etib\arabic_sentence_ending_training\data\raw\arabic_speech_corpus\arabic-speech-corpus\wav\ARA NORM  0225.wav,إِنَّهُ حُلْمٌ يَرَوْنَ أَنَّ بِإِمْكَانِ رَئِيسِ الْوُزَرَاءِ رَجَبْ طَيِّبْ أَرْدُوغَانْ تَحْقِيقَهُ,arabic_speech_corpus_wordtier,gold_diacritized_text,إنه حلم يرون أن بإمكان رئيس الوزراء رجب طيب أردوغان تحقيقه
asc_main_ARA NORM  0227,C:\Users\Ali\Downloads\etib_project\etib\arabic_sentence_ending_training\data\raw\arabic_speech_corpus\arabic-speech-corpus\wav\ARA NORM  0227.wav,فَضْلاً عَنْ نَبَرَاتِ الصَّوْتِ,arabic_speech_corpus_wordtier,gold_diacritized_text,فضلاً عن نبرات الصوت
asc_main_ARA NORM  0228,C:\Users\Ali\Downloads\etib_project\etib\arabic_sentence_ending_training\data\raw\arabic_speech_corpus\arabic-speech-corpus\wav\ARA NORM  0228.wav,لِكَيْ يَتَمَكَّنَ الزَّبَائِنُ مِنَ التَّفَاعُلِ مَعَ رُوبُوتٍ ذِي مَشَاعِرَ,arabic_speech_corpus_wordtier,gold_diacritized_text,لكي يتمكن الزبائن من التفاعل مع روبوت ذي مشاعر
asc_main_ARA NORM  0230,C:\Users\Ali\Downloads\etib_project\etib\arabic_sentence_ending_training\data\raw\arabic_speech_corpus\arabic-speech-corpus\wav\ARA NORM  0230.wav,وَوَفْقَ مَسْؤُولِينَ وَقِيَادَاتٍ دِينِيَّةٍ,arabic_speech_corpus_wordtier,gold_diacritized_text,ووفق مسؤولين وقيادات دينية
asc_main_ARA NORM  0231,C:\Users\Ali\Downloads\etib_project\etib\arabic_sentence_ending_training\data\raw\arabic_speech_corpus\arabic-speech-corpus\wav\ARA NORM  0231.wav,فَإِنَّ هَذَهِ الْخِدْمَةُ بَاتَتْ تَلْعَبُ دَوْراً كَبِيراً فِي تَوْجِيهِ الشَّبَابِ الْمُسْلِمِ وَدَمْجِهِمْ فِي الْمُجْتَمَعْ,arabic_speech_corpus_wordtier,gold_diacritized_text,فإن هذه الخدمة باتت تلعب دورًا كبيرًا في توجيه الشباب المسلم ودمجهم في المجتمع.
asc_main_ARA NORM  0232,C:\Users\Ali\Downloads\etib_project\etib\arabic_sentence_ending_training\data\raw\arabic_speech_corpus\arabic-speech-corpus\wav\ARA NORM  0232.wav,كَمَا يُقَدِّمُ الْإِرْشَادَاتِ لِلْمُسْلِمِينَ الَّذِينَ يُوَاجِهُونَ مَشَاكِلَ أَوْ يَمُرُّونَ بِضُغُوطٍ وَأَزَمَاتٍ حَيَاتِيَّةٍ,arabic_speech_corpus_wordtier,gold_diacritized_text,كما يقدم الإرشادات للمسلمين الذين يواجهون مشاكل أو يمرون بضغوط وأزمات حياتية
asc_main_ARA NORM  0233,C:\Users\Ali\Downloads\etib_project\etib\arabic_sentence_ending_training\data\raw\arabic_speech_corpus\arabic-speech-corpus\wav\ARA NORM  0233.wav,وَحَصَلَتْ هَذِهِ الْخِدْمَةُ الْهَاتِفِيَّةُ الْمُوَجَّهَةُ لِلْمِسْلِمِينَ فِي بِرْلِينَ وَالْمُدُنِ الْأُخْرَى عَلَى أَرْبَعِ جَوَائِزَ حُكُومِيَّةٍ وَمُجْتَمَعِيَّةٍ,arabic_speech_corpus_wordtier,gold_diacritized_text,وحصلت هذه الخدمة الهاتفية الموجهة للمسلمين في برلين والمدن الأخرى على أربع جوائز حكومية ومجتمعية
asc_main_ARA NORM  0237,C:\Users\Ali\Downloads\etib_project\etib\arabic_sentence_ending_training\data\raw\arabic_speech_corpus\arabic-speech-corpus\wav\ARA NORM  0237.wav,مُلَخِّصاً قِصَّتَهَا فِي ^َلَا^ِ كَلِمَاتٍ أَلْفَنُّ وَالرِّسَالَةُ وَالْعَائِدُ الْمَادِّيُّ,arabic_speech_corpus_wordtier,gold_diacritized_text,ملخصاً قصتها في ثلاث كلمات: الفن، والرسالة، والعائد المادي
asc_main_ARA NORM  0238,C:\Users\Ali\Downloads\etib_project\etib\arabic_sentence_ending_training\data\raw\arabic_speech_corpus\arabic-speech-corpus\wav\ARA NORM  0238.wav,تَزْدَحِمُ السَّيَّارَاتُ أَمَامَ الْمَشَارِيعِ الصَّغِيرَةِ الَّتِي يَتَنَافَسُ أَصْحَابُهَا فِي الظَّفَرِ بِزَبُونٍ,arabic_speech_corpus_wordtier,gold_diacritized_text,تزدحم السيارات أمام المشاريع الصغيرة التي يتنافس أصحابها في الظفر بزبون.
asc_main_ARA NORM  0240,C:\Users\Ali\Downloads\etib_project\etib\arabic_sentence_ending_training\data\raw\arabic_speech_corpus\arabic-speech-corpus\wav\ARA NORM  0240.wav,مِمَّا يَزِيدُ الْأَمْرَ تَعْقِيداً,arabic_speech_corpus_wordtier,gold_diacritized_text,مما يزيد الأمر تعقيداً
asc_main_ARA NORM  0242,C:\Users\Ali\Downloads\etib_project\etib\arabic_sentence_ending_training\data\raw\arabic_speech_corpus\arabic-speech-corpus\wav\ARA NORM  0242.wav,وَفِي تَقْرِيرٍ لَهَا أَوْضَحَتْ أَنَّ نَحْوَ ^َمَانِمِئَةٍ مِلْيُونٍ يُعَانُونَ مِنْ نَقْصٍ فِي مَصَادِرِ الْمِيَاهِ الْآمِنَةِ وَالْمُسْتَدَامَةِ,arabic_speech_corpus_wordtier,gold_diacritized_text,وفي تقرير لها أوضحت أن نحو 800 مليون يعانون من نقص في مصادر المياه الآمنة والمستدامة
asc_main_ARA NORM  0243,C:\Users\Ali\Downloads\etib_project\etib\arabic_sentence_ending_training\data\raw\arabic_speech_corpus\arabic-speech-corpus\wav\ARA NORM  0243.wav,وَأَشَارَ إِلَى أَنَّ أَكْ^َرَ مِنْ ^ُلُ^َيِّ اسْتِخْدَامِ الْمِيَاهِ فِي الْعَالَمِ مُوَجَّهٌ لِلزِّرَاعَةِ,arabic_speech_corpus_wordtier,gold_diacritized_text,وأشار إلى أن أكثر من ثلثي استخدام المياه في العالم موجه للزراعة
asc_main_ARA NORM  0244,C:\Users\Ali\Downloads\etib_project\etib\arabic_sentence_ending_training\data\raw\arabic_speech_corpus\arabic-speech-corpus\wav\ARA NORM  0244.wav,الْإِسْمُ الْمُفْرَدُ الْمُنْصَرِفُ مِ^ْلَ مَرَرْتُ بِزَيْدٍ فِي الْمَدْرَسَةِ,arabic_speech_corpus_wordtier,gold_diacritized_text,الاسم المفرد المنصرف مثل مررت بزيد في المدرسة
asc_main_ARA NORM  0246,C:\Users\Ali\Downloads\etib_project\etib\arabic_sentence_ending_training\data\raw\arabic_speech_corpus\arabic-speech-corpus\wav\ARA NORM  0246.wav,أَلْإِسْمُ الْمُ^َنَّى مِ^ْلَ بُرُورُ الْوَالِدَيْنِ وَاجِبٌ عَلَى الْأَوْلَادِ,arabic_speech_corpus_wordtier,gold_diacritized_text,الاسم المثنى مثل ( برور الوالدين واجب على الأولاد)
asc_main_ARA NORM  0249,C:\Users\Ali\Downloads\etib_project\etib\arabic_sentence_ending_training\data\raw\arabic_speech_corpus\arabic-speech-corpus\wav\ARA NORM  0249.wav,هُنَاكَ تَنْتَصِبُ سِتَّةُ أَعْمِدَةٍ يَصِلُ طُولُ الْوَاحِدِ مِنْهَا إِلَى أَكْ^َرَ مِنْ ا^ْنَيْ عَشَرَ مِتْراً,arabic_speech_corpus_wordtier,gold_diacritized_text,هناك تنتصب ستة أعمدة يصل طول الواحد منها إلى أكثر من 12 مترًا
asc_main_ARA NORM  0254,C:\Users\Ali\Downloads\etib_project\etib\arabic_sentence_ending_training\data\raw\arabic_speech_corpus\arabic-speech-corpus\wav\ARA NORM  0254.wav,وَمَعَارِضُ لِصَنَاعَاتٍ حِرَفِيَّةٍ بَحْرِيَّةٍ وَمَخْطُوطَاتٌ بَحْرِيَّةٌ قَدِيمَةٌ وَصُوَرٌ لِهُوَاةِ التَّصْوِيرِ الْبَحْرِيِّ,arabic_speech_corpus_wordtier,gold_diacritized_text,ومعارض لصناعات حرفية بحرية ومخطوطات بحرية قديمة وصور لهواة التصوير البحري
asc_main_ARA NORM  0255,C:\Users\Ali\Downloads\etib_project\etib\arabic_sentence_ending_training\data\raw\arabic_speech_corpus\arabic-speech-corpus\wav\ARA NORM  0255.wav,وَأَلْعَاباً شاطِئِيَّةً تُرَا^ِيَّةً,arabic_speech_corpus_wordtier,gold_diacritized_text,وألعاباً شاطئية تراثية
asc_main_ARA NORM  0257,C:\Users\Ali\Downloads\etib_project\etib\arabic_sentence_ending_training\data\raw\arabic_speech_corpus\arabic-speech-corpus\wav\ARA NORM  0257.wav,وَمَدْرَسَةً مُصَغَّرَةً لِلْإِبْحَارِ الشِّرَاعِيِّ,arabic_speech_corpus_wordtier,gold_diacritized_text,ومدرسة مصغرة للإبحار الشراعي
asc_main_ARA NORM  0258,C:\Users\Ali\Downloads\etib_project\etib\arabic_sentence_ending_training\data\raw\arabic_speech_corpus\arabic-speech-corpus\wav\ARA NORM  0258.wav,وَيُوجَدُ بِجَامِعِ الْقَرَوِيِّينَ سَبعَةَ عَشَرَ بَاباً,arabic_speech_corpus_wordtier,gold_diacritized_text,ويوجد بجامع القرويين سبعة عشر بابا
asc_main_ARA NORM  0259,C:\Users\Ali\Downloads\etib_project\etib\arabic_sentence_ending_training\data\raw\arabic_speech_corpus\arabic-speech-corpus\wav\ARA NORM  0259.wav,يَتَحَلَّقُونَ فِي حَلَقَاتٍ حَوْلَ الْكَرَاسِي أَلْعِلْمِيَّةِ الْمُتَخَصِّصَةِ,arabic_speech_corpus_wordtier,gold_diacritized_text,يتحلقون في حلقات حول الكراسي العلمية المتخصصة
asc_main_ARA NORM  0260,C:\Users\Ali\Downloads\etib_project\etib\arabic_sentence_ending_training\data\raw\arabic_speech_corpus\arabic-speech-corpus\wav\ARA NORM  0260.wav,بِمَعَالِمَ فِكْرِيَّةٍ غَزِيرَةٍ تَنْتَقِلُ بَيْنَ التَّارِيخِ وَالسِّيَاسَةِ وَال^َّوْرَاتِ وَمَوَاقِفِ الْأَفْرَادِ وَالْأُمَمِ مِنْهَا,arabic_speech_corpus_wordtier,gold_diacritized_text,بمعالم فكرية غزيرة تنتقل بين التاريخ والسياسة والثورات ومواقف الأفراد والأمم منها
asc_main_ARA NORM  0262,C:\Users\Ali\Downloads\etib_project\etib\arabic_sentence_ending_training\data\raw\arabic_speech_corpus\arabic-speech-corpus\wav\ARA NORM  0262.wav,وَشَارَكَهُ لَاحِقاً مَرَارَةَ السَّجْنِ وَالِاضْطِهَادِ السِّيَاسِيِّ,arabic_speech_corpus_wordtier,gold_diacritized_text,وشاركه لاحقا مرارة السجن والاضطهاد السياسي
asc_main_ARA NORM  0263,C:\Users\Ali\Downloads\etib_project\etib\arabic_sentence_ending_training\data\raw\arabic_speech_corpus\arabic-speech-corpus\wav\ARA NORM  0263.wav,فَعَمِلَ مُدَرِّساً فِي جَامِعَاتِهَا وَأَشْرَفَ عَلَى الْعَدِيدِ مِنَ الرَّسَائِلِ الجَّامِعِيَّةِ أَلَّتِي رَسَّخَتِ الْعَلَاقَةَ بَيْنَ مَدْرَسَةِ الشَّيْخْ مُحَمَّدْ بْنْ عَبْدِ الْوَهَّابِ وَبَيْنَ الْقَضَايَا الْفِكْرِيَّةِ الْمُعَاصِرَةِ,arabic_speech_corpus_wordtier,gold_diacritized_text,فعمل مدرسًا في جامعاتها وأشرف على العديد من الرسائل الجامعية التي رسخت العلاقة بين مدرسة الشيخ محمد بن عبد الوهاب وبين القضايا الفكرية المعاصرة
asc_main_ARA NORM  0264,C:\Users\Ali\Downloads\etib_project\etib\arabic_sentence_ending_training\data\raw\arabic_speech_corpus\arabic-speech-corpus\wav\ARA NORM  0264.wav,حِينَمَا نَنْظُرُ لِتَاجْ مَحَلِّ أَوْ بُرْجَ إِيفِلَ أَوْ أَيِّ هَنْدَسَةٍ مِعْمَارِيَّةٍ فَذَّةٍ,arabic_speech_corpus_wordtier,gold_diacritized_text,حينما ننظر لتاج محلي أو برج إيفيلا أو أي هندسة معمارية فذة
asc_main_ARA NORM  0266,C:\Users\Ali\Downloads\etib_project\etib\arabic_sentence_ending_training\data\raw\arabic_speech_corpus\arabic-speech-corpus\wav\ARA NORM  0266.wav,فَهُنَاكَ مَ^َلاً أَلنَّحْلُ أَلَّتِي تَبْنِي بُيُوتاً سُدَاسِيَّةَ الشَّكْلِ,arabic_speech_corpus_wordtier,gold_diacritized_text,فهناك مثلا النحل التي تبني بيوتا سداسية الشكل
asc_main_ARA NORM  0267,C:\Users\Ali\Downloads\etib_project\etib\arabic_sentence_ending_training\data\raw\arabic_speech_corpus\arabic-speech-corpus\wav\ARA NORM  0267.wav,كَشَفَتْ دِرَاسَةٌ أَمِرِكِيَّةٌ أَنَّ الْمَشَاعِرَ الْأَسَاسِيَّةَ السِّتَّ سَعِيدٌ وَحَزِينٌ وَخَائِفٌ وَغَضْبانُ وَمُنْدَهِشٌ وَمُشْمَئِزٌّ- لَا تُغَطِّي كُلَّ التَّعَابِيرِ الَّتِي تَظْهَرُ عَلَى الْوَجْهِ كَمَا كَانَ يُعْتَقَدُ,arabic_speech_corpus_wordtier,gold_diacritized_text,كشفت دراسة أمريكية أن المشاعر الأساسية الست سعيد وحزين وخائف وغضبان ومندهش ومشمئز لا تغطي كل التعابير التي تظهر على الوجه كما كان يعتقد
asc_main_ARA NORM  0268,C:\Users\Ali\Downloads\etib_project\etib\arabic_sentence_ending_training\data\raw\arabic_speech_corpus\arabic-speech-corpus\wav\ARA NORM  0268.wav,بَعْضُهَا مُعَقَّدٌ مِ^ْلَ مُشْمَئِزٌ بِسَعَادَةٍ وَغَضْبانُ بِحُزْنٍ,arabic_speech_corpus_wordtier,gold_diacritized_text,بعضها معقد مثل: مشمئز بسعادة، وغضبان بحزن.
asc_main_ARA NORM  0276,C:\Users\Ali\Downloads\etib_project\etib\arabic_sentence_ending_training\data\raw\arabic_speech_corpus\arabic-speech-corpus\wav\ARA NORM  0276.wav,عَلَى أَيَّبْدَأَ الْمَسْحُ فِعْلِيّاً فِي الرُّبْعِ ال^َّالِ^ِ مِنَ الْعَامِ وَيَتِمَّ الْإِنْتِهَاءُ مِنْهَا فِي مُدَّةٍ لَا تَتَجَاوَزُ أَرْبَعَةً وَعِشرِينَ شَهْراً,arabic_speech_corpus_wordtier,gold_diacritized_text,على أن يبدأ المسح فعلياً في الربع الثالث من العام ويتم الانتهاء منها في مدة لا تتجاوز 24 شهراً
asc_main_ARA NORM  0278,C:\Users\Ali\Downloads\etib_project\etib\arabic_sentence_ending_training\data\raw\arabic_speech_corpus\arabic-speech-corpus\wav\ARA NORM  0278.wav,عَلَى أَمَلِ التّوَصُّلِ إِلَى اتِّفَاقٍ لِوَقْفٍ دَائِمٍ لِإِطْلَاقِ النَّارِ فِي غَزَّة,arabic_speech_corpus_wordtier,gold_diacritized_text,على أمل التوصل إلى اتفاق لوقف دائم لإطلاق النار في غزة
asc_main_ARA NORM  0279,C:\Users\Ali\Downloads\etib_project\etib\arabic_sentence_ending_training\data\raw\arabic_speech_corpus\arabic-speech-corpus\wav\ARA NORM  0279.wav,أَمَّا الرِّيَاضِيُّونَ الْقَادِمُونَ مِنْ تِلْكَ الْمَنَاطِقِ وَالْمُشَارِكُونَ فِي أَلْعَابٍ أُخْرَى فَسَيَخْضَعُونَ لِفُحُوصٍ لِلْإِطْمِئْنَانِ عَلَى حَالَتِهِمُ الصِّحِّيَّةِ أَ^ْنَاءَ الدَّوْرَةِ,arabic_speech_corpus_wordtier,gold_diacritized_text,أما الرياضيون القادمون من تلك المناطق والمشاركون في ألعاب أخرى فسيخضعون لفحوص للاطمئنان على حالتهم الصحية أثناء الدورة
asc_main_ARA NORM  0280,C:\Users\Ali\Downloads\etib_project\etib\arabic_sentence_ending_training\data\raw\arabic_speech_corpus\arabic-speech-corpus\wav\ARA NORM  0280.wav,تَمَكَّنَ أَتْلِتيِكُو بِقِيَادَةِ الْأَرْجَنْتِينِي دْيِيغُو سِيمْيُونِي مِنْ هَزِيمَةِ نَادِي إِيْبَارْ الصَّاعِدِ حَدِي^اً إِلَى الدَّوْرِي الْمُمْتَازِ بِهَدَفَيْنِ مُقَابِلَ هَدَفٍ وَاحِدٍ عَلَى مَلْعَبِ فِي^ْنِتِي كَالْدِيرُون بِمَدْرِيدَ فِي الجَّوْلَةِ ال^َّانِيَةِ أَلَّتِي انْطَلَقَتِ الجُّمْعَةَ بِمُبَارَاتَيْنْ,arabic_speech_corpus_wordtier,gold_diacritized_text,تمكن اتليتيكو بقيادة الأرجنتيني دييغو سيميوني من هزيمة نادي إيبار الصاعد حديثا إلى الدوري الممتاز بهدفين مقابل هدف واحد على ملعب فتنة كالديرون بمدريد في الجولة الثانية التي انطلقت الجمعة بمباراتين.
asc_main_ARA NORM  0281,C:\Users\Ali\Downloads\etib_project\etib\arabic_sentence_ending_training\data\raw\arabic_speech_corpus\arabic-speech-corpus\wav\ARA NORM  0281.wav,وَسَجَّلَ هَدَفَيْ أَبْنَاءِ الْمُدَرِّبِ سِيمْيُونِي كُلٌّ مِنَ الْبَرَازِيلِيِّ جُوَاوْ مِيرَانْدَا وَالْكْرُوَاتِيِّ مَارْيُو مَانْدِزُوكِيتْشْ بِضَرْبَتَيْنِ رَأْسِيَّتَيْنِ,arabic_speech_corpus_wordtier,gold_diacritized_text,وسجل هدفي أبناء المدرب سيميوني كل من البرازيلي جواو ميراندا والكرواتي ماريو مانديزوكيتش بضربتين رأسيتين
asc_main_ARA NORM  0282,C:\Users\Ali\Downloads\etib_project\etib\arabic_sentence_ending_training\data\raw\arabic_speech_corpus\arabic-speech-corpus\wav\ARA NORM  0282.wav,وَبَاتَ أَتْلِتِيكُو مَدْرِيدْ فِي صَدَارَةِ التَّرْتِيبِ الْعَامِّ بِأَرْبَعِ نِقَاطٍ,arabic_speech_corpus_wordtier,gold_diacritized_text,وبات أتليتيكو مدريد في صدارة الترتيب العام بأربع نقاط
asc_main_ARA NORM  0283,C:\Users\Ali\Downloads\etib_project\etib\arabic_sentence_ending_training\data\raw\arabic_speech_corpus\arabic-speech-corpus\wav\ARA NORM  0283.wav,لِكِنَّهُ يَتَأَخَّرُ بِفَارِقِ الْأَهْدَافِ عَنْ كُلٍّ مِنْ فَالَنْسْيَا وَسِلْتَا فِيغُو وَإِشْبِيلِيَة,arabic_speech_corpus_wordtier,gold_diacritized_text,لكنه يتأخر بفارق الأهداف عن كل من فالنسيا و سلتا فيغو و إشبيليا
asc_main_ARA NORM  0284,C:\Users\Ali\Downloads\etib_project\etib\arabic_sentence_ending_training\data\raw\arabic_speech_corpus\arabic-speech-corpus\wav\ARA NORM  0284.wav,وَيَقُولُ الْمُنَظِّمُونَ إِنَّهُمْ بَاعُوا الْعَامَ الْمَاضِي أَكْ^َرَ مِنْ عَشَرَةِ آلَافِ تَذْكِرَةٍ لِزُوَارِ الْمَهْرَجَانِ,arabic_speech_corpus_wordtier,gold_diacritized_text,ويقول المنظمون إنهم باعوا العام الماضي أكثر من 10000 تذكرة لزوار المهرجان
asc_main_ARA NORM  0285,C:\Users\Ali\Downloads\etib_project\etib\arabic_sentence_ending_training\data\raw\arabic_speech_corpus\arabic-speech-corpus\wav\ARA NORM  0285.wav,وَقَالَ مُدِيرُ الْمَهْرَجَانِ فِيتُونْ نُوركورَارِي نُحَاوِلُ أَنْ نَقُولَ لِلنَّاسِ إِنَّ كُوسُوفُو مَكَانٌ آمِنٌ وَغَالِبِيَّتُهُمْ يَقْتَنِعُونَ عِنْدَمَا يَأْتُونَ هُنَا,arabic_speech_corpus_wordtier,gold_diacritized_text,"وقال مدير المهرجان فيتون نوركولاري: ""نحاول أن نقول للناس إن كوسوفو مكان آمن وغالبيتهم يقتنعون عندما يأتون هنا"""
asc_main_ARA NORM  0286,C:\Users\Ali\Downloads\etib_project\etib\arabic_sentence_ending_training\data\raw\arabic_speech_corpus\arabic-speech-corpus\wav\ARA NORM  0286.wav,وَأَشَارَ عُصْفُورْ إِلَى أَنَّ أَوَّلَ كِتَابٍ أَصْدَرَهُ مَحْفُوظْ هُوَ تَرْجَمَةٌ لِكِتَابِ قِسٍّ بْرِيطَانِيٍّ كَانَ يَتَحَدَّ^ُ عَنْ تَارِيخِ مِصْرَ الْقَدِيمَةِ,arabic_speech_corpus_wordtier,gold_diacritized_text,وأشار عصفور إلى أن أول كتاب أصدره محفوظ هو ترجمة لكتاب قس بريطاني كان يتحدث عن تاريخ مصر القديمة
asc_main_ARA NORM  0287,C:\Users\Ali\Downloads\etib_project\etib\arabic_sentence_ending_training\data\raw\arabic_speech_corpus\arabic-speech-corpus\wav\ARA NORM  0287.wav,مِنْهَا خَمْسُمَائَةِ سَرِيرِ عِنَايَةٍ مُرَكَّزَةٍ,arabic_speech_corpus_wordtier,gold_diacritized_text,منها 500 سرير عناية مركزة
asc_main_ARA NORM  0290,C:\Users\Ali\Downloads\etib_project\etib\arabic_sentence_ending_training\data\raw\arabic_speech_corpus\arabic-speech-corpus\wav\ARA NORM  0290.wav,حَذَّرَتْ أَلجَّمْعِيَّةُ الْأَلْمَانِيَّةُ لِطِبِّ الْعُيُونِ مِن أَّنَّ التَّوَتُّرَ الْعَصَبِيَّ قَدْ يُؤْذِي الْعَيْنَ وَيُصِيبُهَا مَ^َلاً بِالْمَرَضِ الْمَعْرُوفِ بِاعْتِلَالِ الشَّبَكِيَّةِ النُّضْحِيِّ الْمَرْكَزِيّْ,arabic_speech_corpus_wordtier,gold_diacritized_text,حذرت الجمعية الألمانية لطب العيون من أن التوتر العصبي قد يؤذي العين ويصيبها مثلاً بالمرض المعروف باعتلال الشبكية النضحي المركزي
asc_main_ARA NORM  0291,C:\Users\Ali\Downloads\etib_project\etib\arabic_sentence_ending_training\data\raw\arabic_speech_corpus\arabic-speech-corpus\wav\ARA NORM  0291.wav,وَتَتَمَ^َّلُ أَعْرَاضُ هَذَا الْمَرَضِ فِي ظُهُورِ بُقْعَةٍ رَمَادِيَّةِ اللَّوْنِ فِي مَجَالِ الْبَصَرِ,arabic_speech_corpus_wordtier,gold_diacritized_text,وتتمثل أعراض هذا المرض في ظهور بقعة رمادية اللون في مجال البصر
asc_main_ARA NORM  0292,C:\Users\Ali\Downloads\etib_project\etib\arabic_sentence_ending_training\data\raw\arabic_speech_corpus\arabic-speech-corpus\wav\ARA NORM  0292.wav,وَأَضَافَتْ أَلْجَمْعِيَّةُ أَنَّ الْفُحُوصَاتِ سَجَّلَتْ وُجُودَ نِسْبَةٍ عَالِيَّةٍ مِنْ هُرْمُونِ التَّوَتُّرِ أَلكُورْتِيزُول فِي الدَّمِ لَدَى الْمُصَابِينَ بِهَذَا الْمَرَضِ,arabic_speech_corpus_wordtier,gold_diacritized_text,وأضافت الجمعية أن الفحوصات سجلت وجود نسبة عالية من هرمون التوتر (الكورتزول) في الدم لدى المصابين بهذا المرض
asc_main_ARA NORM  0293,C:\Users\Ali\Downloads\etib_project\etib\arabic_sentence_ending_training\data\raw\arabic_speech_corpus\arabic-speech-corpus\wav\ARA NORM  0293.wav,كَشَفَتْ بَيَانَاتُ مُؤَسَّسَةِ الْإِحْصَاءِ التُّرْكِيَّةِ أَنَّ قِطَاعَ السِّيَاحَةِ حَقَّقَ زِيَادَةً فِي الْعَائِدَاتِ بِنِسْبَةِ سَبعَة فَاصِلَة تِسعَة بِالمِئَة خِلَالَ الرُّبْعِ ال^َّانِي مِنْ عَامِ أَلفَينِ وَأَربَعَةَ عَشَرَ قِيَاساً بِالْفَتْرَةِ ذَاتِهَا مِنَ الْعَامِ الْمَاضِي,arabic_speech_corpus_wordtier,gold_diacritized_text,كشفت بيانات مؤسسة الإحصاء التركية أن قطاع السياحة حقق زيادة في العائدات بنسبة 7.9% خلال الربع الثاني من عام 2014 قياسا بالفترة ذاتها من العام الماضي
asc_main_ARA NORM  0294,C:\Users\Ali\Downloads\etib_project\etib\arabic_sentence_ending_training\data\raw\arabic_speech_corpus\arabic-speech-corpus\wav\ARA NORM  0294.wav,وَيُعْزَى هَذَا إِلَى جُمْلَةٍ مِنَ الْعَوَامِلِ الدَّاخِلِيَّةِ وَالْخَارِجِيَّةِ,arabic_speech_corpus_wordtier,gold_diacritized_text,ويعزى هذا إلى جملة من العوامل الداخلية والخارجية
asc_main_ARA NORM  0295,C:\Users\Ali\Downloads\etib_project\etib\arabic_sentence_ending_training\data\raw\arabic_speech_corpus\arabic-speech-corpus\wav\ARA NORM  0295.wav,أَبَرْزُوْهَا تَطَوُّرُ أَنْمَاطٍ سِيَاحِيَّةٍ غَيْرِ تَقْلِيدِيَّةٍ,arabic_speech_corpus_wordtier,gold_diacritized_text,أبرزها تطور أنماط سياحية غير تقليدية
asc_main_ARA NORM  0296,C:\Users\Ali\Downloads\etib_project\etib\arabic_sentence_ending_training\data\raw\arabic_speech_corpus\arabic-speech-corpus\wav\ARA NORM  0296.wav,وَاتِّبَاعُ سِيَاسَاتٍ تَشْجِيعِيَّةٍ لِلزُّوّارِ,arabic_speech_corpus_wordtier,gold_diacritized_text,واتباع سياسات تشجيعية للزوار
asc_main_ARA NORM  0304,C:\Users\Ali\Downloads\etib_project\etib\arabic_sentence_ending_training\data\raw\arabic_speech_corpus\arabic-speech-corpus\wav\ARA NORM  0304.wav,وَأَوْضَحَ بَكُورِي أَنَّ الْمَشَارِيعَ الطَّمُوحَةَ الَّتِي تَرْمِي إِلَى إِنْتَاجِ أَلفَيّْ مِيغَاوَاتٍ مِنَ الطَّاقَةِ الشَّمْسِيَّةِ بِحُلُولِ عَامِ أَلفَينِ وَعِشرِين تَتَقَدَّمُ بِطَرِيقَةٍ مُرْضِيَةٍ,arabic_speech_corpus_wordtier,gold_diacritized_text,وأوضح بكوري أن المشاريع الطموحة التي ترمي إلى إنتاج ألفي ميغاواط من الطاقة الشمسية بحلول عام 2020 تتقدم بطريقة مرضية
asc_main_ARA NORM  0305,C:\Users\Ali\Downloads\etib_project\etib\arabic_sentence_ending_training\data\raw\arabic_speech_corpus\arabic-speech-corpus\wav\ARA NORM  0305.wav,بَعْدَ رِحْلَةٍ اسْتَغْرَقَتْ مِلْيَارَاتِ السِّنِينِ مُنْذُ نَشْأَةِ النِّظَامِ الشَّمْسِيِّ,arabic_speech_corpus_wordtier,gold_diacritized_text,بعد رحلة استغرقت مليارات السنين منذ نشأة النظام الشمسي
asc_main_ARA NORM  0306,C:\Users\Ali\Downloads\etib_project\etib\arabic_sentence_ending_training\data\raw\arabic_speech_corpus\arabic-speech-corpus\wav\ARA NORM  0306.wav,لَكِنَّ الْبِدَايَةَ سَادَهَا حِرْصٌ مِنَ الطَّرَفَيْنِ خَوفاً مِنْ تَلَقِّي هَدَفٍ مُبَكِّرٍ,arabic_speech_corpus_wordtier,gold_diacritized_text,لكن البداية سادها حرص من الطرفين خوفًا من تلقي هدف مبكر
asc_main_ARA NORM  0307,C:\Users\Ali\Downloads\etib_project\etib\arabic_sentence_ending_training\data\raw\arabic_speech_corpus\arabic-speech-corpus\wav\ARA NORM  0307.wav,بَيْنَمَا عَمِلَ الْمُنْتَخَبُ الْقَطَرِيُّ عَلَى تَأْمِينِ مَنْطِقَةِ دِفَاعِهِ وَتَشْكِيلِ هَجَمَاتٍ مُنْتَظَمَةٍ عَلَى الْمُنَافِسِ,arabic_speech_corpus_wordtier,gold_diacritized_text,بينما عمل المنتخب القطري على تأمين منطقة دفاعه وتشكيل هجمات منتظمة على المنافس
asc_main_ARA NORM  0309,C:\Users\Ali\Downloads\etib_project\etib\arabic_sentence_ending_training\data\raw\arabic_speech_corpus\arabic-speech-corpus\wav\ARA NORM  0309.wav,وَتَبَيَّنَ أَنَّهُ كَانَ لَدَى الْأَطْفَالِ الْبُدْنِ غُرَفٌ أَكْبَرُ أَلْأُذَيْنَانِ وَالْبُطَيْنَانِ فِي شِقَّيِ الْقَلْبِ,arabic_speech_corpus_wordtier,gold_diacritized_text,وتبين أنه كان لدى الأطفال البدن غرف أكبر الأذينان والبطينان في شقي القلب
asc_main_ARA NORM  0310,C:\Users\Ali\Downloads\etib_project\etib\arabic_sentence_ending_training\data\raw\arabic_speech_corpus\arabic-speech-corpus\wav\ARA NORM  0310.wav,وَكَانَتْ هُنَاكَ مُشَارَكَةٌ بَارِزَةٌ مِنْ مُخْتَلِفِ دُوَلِ أُورُوبَّا,arabic_speech_corpus_wordtier,gold_diacritized_text,وكانت هناك مشاركة بارزة من مختلف دول أوروبا
asc_main_ARA NORM  0312,C:\Users\Ali\Downloads\etib_project\etib\arabic_sentence_ending_training\data\raw\arabic_speech_corpus\arabic-speech-corpus\wav\ARA NORM  0312.wav,وَوِفْقاً لِتَقَارِيرِ هَيْئَةِ الْإِتِّصَالَاتِ وَتِقْنِيَّةِ الْمَعْلُومَاتِ السُّعُودِيَّةِ فِإِنَّ الْإِتِّصَالَاتِ الْمُتَنَّقِّلَةِ لا تَزَالُ تَحْتَفِظُ بِنِسْبَةٍ تُصَنَّفُ ضِمْنَ الْأَعْلَى عَالَمِيّاً إِذْ بَلَغَتْ مِئَةً وَسَبعُونَ بِالْمِئَةِ بِنِهَايَةِ عَامِ أَلفَينِ و^َلاَ^ةَ عَشَرْ,arabic_speech_corpus_wordtier,gold_diacritized_text,ووفقًا لتقارير هيئة الاتصالات وتقنية المعلومات السعودية، فإن الاتصالات المتنقلة لا تزال تحتفظ بنسبة تصنف ضمن الأعلى عالميًا إذ بلغت 170% بنهاية عام 2013
asc_main_ARA NORM  0313,C:\Users\Ali\Downloads\etib_project\etib\arabic_sentence_ending_training\data\raw\arabic_speech_corpus\arabic-speech-corpus\wav\ARA NORM  0313.wav,أَظْهَرَتْ تَجْرِبَةٌ أُجْرِيَتْ عَلَى أَسَالِيبِ نَقْصِ الْوَزْنِ أَنَّ مُعَدَّلَ فِقْدِهِ لا يَرْتَبِطُ بِنَجَاحِ النَّاسِ فِي الْحِفَاظِ عَلَى مَا خَسِرُوهُ مِنْ كِيلُوغْرَامَاتٍ وَتَجُنُّبِ الزِّيَادَةِ خِلَالَ الْأَعْوَامِ ال^َّلَا^َةِ أَلَّتِي أَعْقَبَتْ ذَلِكَ,arabic_speech_corpus_wordtier,gold_diacritized_text,أظهرت تجربة أجريت على أساليب نقص الوزن أن معدل فقده لا يرتبط بنجاح الناس في الحفاظ على ما خسروه من كيلوغرامات وتجنب الزيادة خلال الأعوام الثلاثة التي أعقبت ذلك.
asc_main_ARA NORM  0315,C:\Users\Ali\Downloads\etib_project\etib\arabic_sentence_ending_training\data\raw\arabic_speech_corpus\arabic-speech-corpus\wav\ARA NORM  0315.wav,وَقَالَتْ صَحِيفَةُ فَاينِنْشالْ تَايْمْزْ نَقْلاً عَنْ مَصْدَرٍ مُطَّلِعٍ إِنَّ غُوغْلْ تَعْكِفُ عَلَى تَصْمِيمِ نُسْخَةٍ مِنْ يُوتْيُوبْ مِنْ أَجْلِ الْأَطْفَالِ,arabic_speech_corpus_wordtier,gold_diacritized_text,"وقالت صحيفة ""فاينانشال تايمز"" نقلاً عن مصدر مطلع إن ""غوغل"" تعكف على تصميم نسخة من يوتيوب من أجل الأطفال"
asc_main_ARA NORM  0316,C:\Users\Ali\Downloads\etib_project\etib\arabic_sentence_ending_training\data\raw\arabic_speech_corpus\arabic-speech-corpus\wav\ARA NORM  0316.wav,تَزَامُناً مَعَ فَصْلِ الصَّيْفِ,arabic_speech_corpus_wordtier,gold_diacritized_text,تزامنا مع فصل الصيف
asc_main_ARA NORM  0317,C:\Users\Ali\Downloads\etib_project\etib\arabic_sentence_ending_training\data\raw\arabic_speech_corpus\arabic-speech-corpus\wav\ARA NORM  0317.wav,أَسَّسَتْ مَكْتَبَةُ إِدْرِيسِ التَّاشْفِينِي مَكْتَبَةً شَاطِئِيَّةً تَحْتَ شِعَارِ مُتْعَةُ الْإِصْطِيَافِ تَكْتَمِلُ بِالْقِرَاءَةِ,arabic_speech_corpus_wordtier,gold_diacritized_text,أسست مكتبة إدريس التاشفيني مكتبة شاطئية تحت شعار: متعة الاصطياف تكتمل بالقراءة
asc_main_ARA NORM  0321,C:\Users\Ali\Downloads\etib_project\etib\arabic_sentence_ending_training\data\raw\arabic_speech_corpus\arabic-speech-corpus\wav\ARA NORM  0321.wav,شَهِدَتْ أَسْوَاقُ الْعَاصِمَةِ أَدِيسَ أَبَابَا هَذَا الْأُسْبُوعْ إِقْبَالاً مُتَزَايِداً,arabic_speech_corpus_wordtier,gold_diacritized_text,شهدت أسواق العاصمة أديس بابا هذا الأسبوع إقبالاً متزايداً
asc_main_ARA NORM  0322,C:\Users\Ali\Downloads\etib_project\etib\arabic_sentence_ending_training\data\raw\arabic_speech_corpus\arabic-speech-corpus\wav\ARA NORM  0322.wav,خَاصَّةً عَلَى شِرَاءِ الْمَوَاشِي وَالدَّوَاجِنِ,arabic_speech_corpus_wordtier,gold_diacritized_text,خاصة على شراء المواشي والدواجن
asc_main_ARA NORM  0325,C:\Users\Ali\Downloads\etib_project\etib\arabic_sentence_ending_training\data\raw\arabic_speech_corpus\arabic-speech-corpus\wav\ARA NORM  0325.wav,وَلَافِتَاتٍ كُتِبَ عَلَيْهَا عِبَارَاتُ التَّهَانِي بِالْعَامِ الْجَدِيدِ أَمَامَ الْمُؤَسَّسَاتِ الْحُكُومِيَّةِ وَالْهَيْئَاتِ الْخَاصَّةِ,arabic_speech_corpus_wordtier,gold_diacritized_text,ولافتات كتب عليها عبارات التهاني بالعام الجديد أمام المؤسسات الحكومية والهيئات الخاصة
asc_main_ARA NORM  0326,C:\Users\Ali\Downloads\etib_project\etib\arabic_sentence_ending_training\data\raw\arabic_speech_corpus\arabic-speech-corpus\wav\ARA NORM  0326.wav,وَقَالَ مُدِيرُ الصِّحَّةِ النَّفْسِيَّةِ بِالْمُنَظَّمَةِ شِيخَارْ سَاكْسِينَا خِلَالَ تَقْدِيمِهِ التَّقْرِيرَ بِجِنِيفَ السِّوِيسْرِيَّةِ أَلْخَمِيسَ إِنَّ الْإِنْتِحَارَ صَارَ مُشْكِلَةً صِحِيَّةً حَقِيقِيَّةً حَيْ^ُ إِنَّ عَدَدَ ضَحَايَاهُ كُلَّ سَنَةٍ يَفُوقُ عَدَدَ ضَحَايَا الْحُرُوبِ وَالْكَوَارِ^ِ الطَّبِيعِيَّةِ,arabic_speech_corpus_wordtier,gold_diacritized_text,"وقال مدير الصحة النفسية بالمنظمة شيخار ساكسينا خلال تقديمه التقرير بجنيفا السويسرية الخميسة: ""إن الإنتحار صار مشكلة صحية حقيقية حيث إن عدد ضحاياه كل سنة يفوق عدد ضحايا الحروب والكوارث الطبيعية""."
asc_main_ARA NORM  0327,C:\Users\Ali\Downloads\etib_project\etib\arabic_sentence_ending_training\data\raw\arabic_speech_corpus\arabic-speech-corpus\wav\ARA NORM  0327.wav,وَأَضَافَ أَنَّ نَحْوَ مَليُونٍ وَنِصفٍ يَلْقُونَ حَتْفَهُمْ كُلَّ عَامٍ فِي أَحْدَا^ٍ عَنِيفَةٍ,arabic_speech_corpus_wordtier,gold_diacritized_text,وأضاف أن نحو مليون ونصف يلقون حتفهم كل عام في أحداث عنيفة
asc_main_ARA NORM  0329,C:\Users\Ali\Downloads\etib_project\etib\arabic_sentence_ending_training\data\raw\arabic_speech_corpus\arabic-speech-corpus\wav\ARA NORM  0329.wav,إِفْتُتِحَ بِحُضُورِ وَفْدٍ مِنَ السَّفَارَةِ الْإِيطَالِيَّةِ وَالْإِتِّحَادِ الْأُورُوبِّيِّ وَتَتَوَاصَلُ فَعَالِيَّاتُهُ ^َلَا^َةَ أَشْهُرٍ,arabic_speech_corpus_wordtier,gold_diacritized_text,افتتح بحضور وفد من السفارة الإيطالية والاتحاد الأوروبي وتتواصل فعالياته ثلاثة أشهر
asc_main_ARA NORM  0331,C:\Users\Ali\Downloads\etib_project\etib\arabic_sentence_ending_training\data\raw\arabic_speech_corpus\arabic-speech-corpus\wav\ARA NORM  0331.wav,حَيْ^ُ اسْتَخْلَصَ مَادَّةَ الْبِكْتِينْ مِنْ قِشْرِ الْمُوْزِ لِيَتِمَّ بَعْدَ ذَلِكَ مَزْجُهَا بِحَلْوَى الْجِيلَاتِينِ أَوْ أَيِّ حَلْوَى لَيِّنَةٍ أُخْرَى لِيَسْهُلَ اسْتِخْدَامُهَا,arabic_speech_corpus_wordtier,gold_diacritized_text,حيث استخلص مادة البكتين من قشر الموز ليتم بعد ذلك مزجها بحلوى الجيلاتين أو أي حلوى لينة أخرى ليسهل استخدامها
asc_main_ARA NORM  0332,C:\Users\Ali\Downloads\etib_project\etib\arabic_sentence_ending_training\data\raw\arabic_speech_corpus\arabic-speech-corpus\wav\ARA NORM  0332.wav,مَادَّةُ الْبِكْتِينِ الْمُسْتَخْدَمَةُ فِي الصِّنَاعَاتِ الْغِذَائِيَّةِ تَأْتِي فِي مُعْظَمِهَا مِنْ فَوَاكِهَ مُرْتَفِعَةِ ال^َّمَنِ نِسْبِيّاً مِ^ْلَ التُّفّاحِ وَالْبُرْتُقَالِ,arabic_speech_corpus_wordtier,gold_diacritized_text,مادة البكتين المستخدمة في الصناعات الغذائية تأتي في معظمها من فواكه مرتفعة الثمن نسبياً مثل التفاح والبرتقال.
asc_main_ARA NORM  0333,C:\Users\Ali\Downloads\etib_project\etib\arabic_sentence_ending_training\data\raw\arabic_speech_corpus\arabic-speech-corpus\wav\ARA NORM  0333.wav,بَيْنَمَا يُعْتَبَرُ الْبِكْتِينُ الْمُسْتَخْلَصُ مِنْ قِشْرِ الْمَوْزِ أَرْخَصَ كَ^ِيراً نَظَراً لِأَنَّهُ يُسْتَخْلَصُ مِنَ الْقِشْرِ الَّذِي يَتُمُّ التَّخَلُّصُ مِنْهُ عَلَى شَكْلِ نُفَايَاتٍ أَوْ غِذَاءٍ لِلْمَاشِيَةِ,arabic_speech_corpus_wordtier,gold_diacritized_text,بينما يعتبر البكتين المستخلص من قشر الموز أرخص كثيراً نظراً لأنه يستخلص من القشر الذي يتم التخلص منه على شكل نفايات أو غذاء للماشية
asc_main_ARA NORM  0334,C:\Users\Ali\Downloads\etib_project\etib\arabic_sentence_ending_training\data\raw\arabic_speech_corpus\arabic-speech-corpus\wav\ARA NORM  0334.wav,وَكَانَ بِحَوْزَةِ الْيَابَانِيِّ تُوشِينَارِي تَاكَاوُكَا فِي دَوْرَةِ هِيرُوشِيمَا أَلفٍ وَتِسعِ مِئَةٍ وَأَربَعَةٍ وتَسعِينْ,arabic_speech_corpus_wordtier,gold_diacritized_text,وكان بحوزة الياباني توشيناري تاكاوكا في دورة هيروشيما 1994
asc_main_ARA NORM  0335,C:\Users\Ali\Downloads\etib_project\etib\arabic_sentence_ending_training\data\raw\arabic_speech_corpus\arabic-speech-corpus\wav\ARA NORM  0335.wav,أَحْرَزَتِ الْإِمَارَاتِيَّةُ عَلْيَاءُ مُحْمَّدْ سَعِيدْ ذَهَبِيَّةَ سِبَاقِ عَشَرَةِ آلافِ مِتْرٍ مُسَجِّلَةً وَاحِدَةً وَ^َلَا^ِينَ دَقِيقَةً وَوَاحِدَةً وَخَمسِينَ ^َانِيَّةً وَسِتٍّ وَ^َمَانِينَ جُزءاً مِنَ المِئَة,arabic_speech_corpus_wordtier,gold_diacritized_text,أحرزت الإماراتية علياء محمد سعيد ذهبية سباق 10000 متر مسجلة 31 دقيقة و 51 ثانية و 86 جزءاً من المئة
asc_main_ARA NORM  0336,C:\Users\Ali\Downloads\etib_project\etib\arabic_sentence_ending_training\data\raw\arabic_speech_corpus\arabic-speech-corpus\wav\ARA NORM  0336.wav,وَالْيَابَانِيَّةِ أَيُومِي هَاغْيُورَا وَاحِدَةً وَ^َلَا^ِينَ دَقِيقَةً وَخَمسَةً وَخَمسِينَ ^َانِيَّةً وَسَبعَ وَسِتَّينَ جُزءاً مِنَ الْمِئَة,arabic_speech_corpus_wordtier,gold_diacritized_text,و اليابانية (ويومي هاغيورا) 31 دقيقة و 55 ثانية و 67 جزءاً من المئة
asc_main_ARA NORM  0337,C:\Users\Ali\Downloads\etib_project\etib\arabic_sentence_ending_training\data\raw\arabic_speech_corpus\arabic-speech-corpus\wav\ARA NORM  0337.wav,بَيْنَمَا لَمْ تَتَجَاوَزْ صَادِرَاتُهُ نَحْوَ الْبُلْدَانِ الْخَلِيجِيَّةِ مِلْيَارَ دُولَارٍ فَاصِلَة ا^نَينْ عَامَ أَلفَينِ وَ^َلاَ^َةَ عَشَرْ,arabic_speech_corpus_wordtier,gold_diacritized_text,بينما لم تتجاوز صادراته نحو البلدان الخليجية مليار دولار فاصلة 2 عام 2013
asc_main_ARA NORM  0338,C:\Users\Ali\Downloads\etib_project\etib\arabic_sentence_ending_training\data\raw\arabic_speech_corpus\arabic-speech-corpus\wav\ARA NORM  0338.wav,وَمِنْ جِهَةٍ أُخْرَى أَشَارَ التَّقْرِيرُ إِلَى أَنَّ تَحْوِيلَاتِ الْمَغَارِبَةِ الْمُقِيمِينَ بِدُوَلِ الْخَلِيجِ جَاءَتْ فِي الْمَرْتَبَةِ ال^َّانِيَةِ فِي قَائِمَةِ تَحْوِيلَاتِ مَغَارِبَةِ الْمَهْجَرْ,arabic_speech_corpus_wordtier,gold_diacritized_text,ومن جهة أخرى أشار التقرير إلى أن تحويلات المغاربة المقيمين بدول الخليج جاءت في المرتبة الثانية في قائمة تحويلات مغاربة المهجر
asc_main_ARA NORM  0339,C:\Users\Ali\Downloads\etib_project\etib\arabic_sentence_ending_training\data\raw\arabic_speech_corpus\arabic-speech-corpus\wav\ARA NORM  0339.wav,دَانَ الْكَاتِبُ الصَّحَفِيُّ الشَّهِيرُ إِيدْوِي بْلِينالْ فِي كِتَابِهِ مِنْ أَجْلِ الْمُسْلِمِينْ أَلْمُ^َقَّفِينَ الْفَرَنْسِيِّينَ الَّذِينَ يَخْلِطُونَ عَمْداً تَحْتَ وَطْأَةِ خَلْفِيَّاتٍ أَيْدْيُولُوجِيَّةٍ عُنْصُرِيَّةٍ بَيْنَ الْإِسْلَامِ وَالْإِرْهَابِ وَالْعُنْفِ,arabic_speech_corpus_wordtier,gold_diacritized_text,"دان الكاتب الصحفي الشهير إيدوي بلينال في كتابه ""من أجل المسلمين"" المثقفين الفرنسيين الذين يخلطون عمدًا تحت وطأة خلفيات إيديولوجية عنصرية بين الإسلام والإرهاب والعنف."
asc_main_ARA NORM  0340,C:\Users\Ali\Downloads\etib_project\etib\arabic_sentence_ending_training\data\raw\arabic_speech_corpus\arabic-speech-corpus\wav\ARA NORM  0340.wav,أَحْرَزَ الْبَحْرَيْني عَلي حَسَنْ مَحْبوبْ أَلْميداليَّةَ الذَّهَبيَّة لِسِباقِ مَارا^ُونْ الرِّجالْ في دَورَةِ الْأَلْعابِ الْآسْيَوّيَّةِ أَلْيَومَ الْجُمُعَة مُتَفَوِّقَاً عَلى مُنَافِسِهِ أَلْيابانِي كوهِي ماتْسُومَارَا,arabic_speech_corpus_wordtier,gold_diacritized_text,أحرز البحريني علي حسن محبوب الميدالية الذهبية لسباق ماراثون الرجال في دورة الألعاب الآسيوية اليوم الجمعة متفوقًا على منافسه الياباني كوهي ماتسومارا
asc_main_ARA NORM  0341,C:\Users\Ali\Downloads\etib_project\etib\arabic_sentence_ending_training\data\raw\arabic_speech_corpus\arabic-speech-corpus\wav\ARA NORM  0341.wav,وَقَطَعَ مَحْبوبْ أَلْكِينيُّ الْمَولِدْ مَسافَةَ السِّباقِ في ساعَتَينِ وَإِ^نَتَا عَشرَةَ دَقيقَة وَ^َمَانِيَ و^َلا^ينَ ^انِيَةً مُتَفَوِّقاً بِ^انِيَةٍ وَاحِدَةٍ عَلى ماتْسومارا,arabic_speech_corpus_wordtier,gold_diacritized_text,وقطع محبوب الكينييو المولد مسافة السباق في ساعتين و12 دقيقة و38 ثانية متفوقًا بثانية واحدة على ماتسومارا
asc_main_ARA NORM  0343,C:\Users\Ali\Downloads\etib_project\etib\arabic_sentence_ending_training\data\raw\arabic_speech_corpus\arabic-speech-corpus\wav\ARA NORM  0343.wav,حَيْ^ُ كانَتْ مُواطِنَتَهُ الْعَدّاءَةُ مَرْيَمْ يوسِفْ جَمالْ قَدْ نالَتْ ذَهَبيَّةَ سِباقِ الْخَمسَةَ آلَافِ مِتْرٍ لِلْسَيِّداتِ بِزَمَنِ أَربَعَةَ عَشرَةَ دَقِيقَةً وَتِسعَةً وَخَمسِينَ ^َانِيَّةً وَتِسعٍ وَسِتَّينَ جُزءاً مِنَ المِئَة,arabic_speech_corpus_wordtier,gold_diacritized_text,حيث كانت مواطنته العداءة مريم يوسف جمال قد نالت ذهبية سباق الخمسة آلاف متر للسيدات بزمن 14 دقيقة و59 ثانية و69 جزءاً من المئة
asc_main_ARA NORM  0347,C:\Users\Ali\Downloads\etib_project\etib\arabic_sentence_ending_training\data\raw\arabic_speech_corpus\arabic-speech-corpus\wav\ARA NORM  0347.wav,هَرَباً مِنَ الْقِتَالِ الدَّائِرِ فِي مَدِينَةِ عَيْنِ الْعَرَبْ كُوبَانِي فِي شَمَالِيِّ سُورِيَا بَيْنَ تَنْظِيمِ الدَّوْلَةِ وَوَحَدَاتِ حِمَايَةِ الشَّعْبِ الْكُرْدِيِّ,arabic_speech_corpus_wordtier,gold_diacritized_text,هربا من القتال الدائر في مدينة عين العرب كوباني في شمالي سوريا بين تنظيم الدولة ووحدات حماية الشعب الكردي
asc_main_ARA NORM  0350,C:\Users\Ali\Downloads\etib_project\etib\arabic_sentence_ending_training\data\raw\arabic_speech_corpus\arabic-speech-corpus\wav\ARA NORM  0350.wav,وَالْحَيَّانُ هُوَ رَئِيسُ هَيْئَةِ التَّحْكِيمِ الرِّيَاضِيَّةِ فِي الْكُوَيْتِ وَعُضْوٌ فِي لَجْنَةِ الْأَخْلَاقِ فِي الْإِتِّحَادِ الدَّوْلِيِّ لِلسِّبَاحَةِ,arabic_speech_corpus_wordtier,gold_diacritized_text,والحيّان هو رئيس هيئة التحكيم الرياضية في الكويت وعضو في لجنة الأخلاق في الاتحاد الدولي للسباحة
asc_main_ARA NORM  0352,C:\Users\Ali\Downloads\etib_project\etib\arabic_sentence_ending_training\data\raw\arabic_speech_corpus\arabic-speech-corpus\wav\ARA NORM  0352.wav,لِيَخْرُجَ بِنَتِيجَةٍ مفَادُهَا أَنَّ الْمُخْرِجِينَ الْأَمرِكيِّينَ تَعَمَّدُوا وَصْفَ كُلِّ الْعَرَبِ بِالْعَدَاءِ لِلْمُجْتَمَعِ وَالْعُنْفِ وَالسَّذَاجَةِ وَالتَّخَلُّفِ وَالتَّعَصُّبِ,arabic_speech_corpus_wordtier,gold_diacritized_text,ليخرج بنتيجة مفادها أن المخرجين الأمريكيين تعمدوا وصف كل العرب بالعداء للمجتمع والعنف والسذاجة والتخلف والتعصب
asc_main_ARA NORM  0353,C:\Users\Ali\Downloads\etib_project\etib\arabic_sentence_ending_training\data\raw\arabic_speech_corpus\arabic-speech-corpus\wav\ARA NORM  0353.wav,وَضَعَ الْمُنْتَخَبُ الْجَزَائِرِيُّ السَّبْتَ قَدَماً فِي نِهَائِيَّاتِ بُطُولَةِ كَأْسِ الْأُمَمِ الْأَفْرِيقِيَّةِ لِكُرَةِ الْقَدَمِ أَلْمُقَرَّرَةِ إِقَامَتُهَا بِالْمَغْرِبِ أَلْعَامَ الْمُقْبِلَ بَعْدَ فَوْزِهِ بِهَدَفَيْنِ نَظِيفَيْنِ عَلَى مُضِيفِهِ مُنْتَخَبِ مَالَاوِي فِي الْجَوْلَةِ ال^َّالِ^َةِ بِالْمَجْمُوعَةِ ال^َّانِيَةِ لِلتَّصْفِيَاتِ,arabic_speech_corpus_wordtier,gold_diacritized_text,وضع المنتخب الجزائري السبت قدما في نهائيات بطولة كأس الأمم الإفريقية لكرة القدم المقررة إقامتها بالمغرب العام المقبل بعد فوزه بهدفين نظيفين على مضيفه منتخب مالاوي في الجولة الثالثة بالمجموعة الثانية للتصفيات.
asc_main_ARA NORM  0354,C:\Users\Ali\Downloads\etib_project\etib\arabic_sentence_ending_training\data\raw\arabic_speech_corpus\arabic-speech-corpus\wav\ARA NORM  0354.wav,وَفَرَضَ سَيْطَرَتَهُ الْكَامِلَةَ عَلَى مُجْرَيَاتِ الْأُمُورِ عَلَى مَدَارِ شَوْطَيْ أَلْمُبَارَاةِ لِيُصْبِحَ أَوَّلَ فَرِيقٍ فِي التَّصْفِيَاتِ يُحَقِّقُ ^َلَا^َةَ انْتِصَارَاتٍ مُتَتَالِيَةٍ,arabic_speech_corpus_wordtier,gold_diacritized_text,وفرض سيطرته الكاملة على مجريات الأمور على مدار شوطي المباراة ليصبح أول فريق في التصفيات يحقق ثلاثة انتصارات متتالية
asc_main_ARA NORM  0355,C:\Users\Ali\Downloads\etib_project\etib\arabic_sentence_ending_training\data\raw\arabic_speech_corpus\arabic-speech-corpus\wav\ARA NORM  0355.wav,وَتَقَدَّمَ مُنْتَخَبُ الْجَزَائِرِ مُبَكِّراً فِي الدَّقِيقَةِ الْعَاشِرَةِ عَنْ طَرِيقِ لاعِبِهِ رَفِيق حْليش مِنْ ضَرْبَةِ رَأْسٍ مُتْقَنَةٍ بَعْدَمَا تَابَعَ الرَّكْلَةَ الرُّكْنِيَّةَ أَلَّتِي نَفَّذَهَا سُفْيَان فِيغُولي,arabic_speech_corpus_wordtier,gold_diacritized_text,وتقدم منتخب الجزائر مبكراً في الدقيقة العاشرة عن طريق لاعبه رفيق حليش من ضربة رأس متقنة بعدما تابع الركلة الركنية التي نفذها سفيان فيغولي
asc_main_ARA NORM  0357,C:\Users\Ali\Downloads\etib_project\etib\arabic_sentence_ending_training\data\raw\arabic_speech_corpus\arabic-speech-corpus\wav\ARA NORM  0357.wav,إِذِ انْخَفَضَ سِعْرُ خَامَاتِ أُبِكَ إِلَى ^َمَانِيةٍ وَ ^َمَانِينَ فاصِلَة إِ^نَيْنِ وَ^َلا^ينَ دُولَاراً لِلْبِرْمَيلِ,arabic_speech_corpus_wordtier,gold_diacritized_text,إذ انخفض سعر خامات أوبك إلى 88.32 دولار للبرميل
asc_main_ARA NORM  0359,C:\Users\Ali\Downloads\etib_project\etib\arabic_sentence_ending_training\data\raw\arabic_speech_corpus\arabic-speech-corpus\wav\ARA NORM  0359.wav,أَلْفُ وَتِسْعُ مِئَةٍ وَسَبْعَةٌ وَتِسْعونْ تَرْوِي الْبَاكْسْتَانِيَّةُ مَلَالا يُوسُفْ زَاي الْحَائِزَةُ عَلَى جَائِزَةِ نوبْل لِلسَّلَامِ أَلْفَيْنِ وَأَرْبَعَةَ عَشَر,arabic_speech_corpus_wordtier,gold_diacritized_text,1997 - تروي الباكستانية ملالا يوسف زاي الحائزة على جائزة نوبل للسلام (2014)
asc_main_ARA NORM  0361,C:\Users\Ali\Downloads\etib_project\etib\arabic_sentence_ending_training\data\raw\arabic_speech_corpus\arabic-speech-corpus\wav\ARA NORM  0361.wav,طَوَّرَ عُلَمَاءُ هُولَنْدِيُّونَ أَوَّلَ بَدِيلٍ فَعَّالٍ عَنِ الْمُضَادَّاتِ الْحَيَوِيَّةِ وَهُوَ مَا يُعْتَبَرُ تَقَدُّماً هَامّاً فِي مُكَافَحَةِ الْعَدْوَى الْمُقَاوِمَةِ لِلْأَدْوِيَةِ,arabic_speech_corpus_wordtier,gold_diacritized_text,طور علماء هولنديون أول بديل فعال عن المضادات الحيوية وهو ما يعتبر تقدما هاما في مكافحة العدوى المقاومة للأدوية
asc_main_ARA NORM  0362,C:\Users\Ali\Downloads\etib_project\etib\arabic_sentence_ending_training\data\raw\arabic_speech_corpus\arabic-speech-corpus\wav\ARA NORM  0362.wav,وَيَأْمُلُ الْبَاحِ^ُونَ تَطْوِيرَ حُبُوبٍ أَوْ نُسْخَةٍ مِنَ الدَّوَاءِ قَابِلَةٍ لِلْحَقْنِ خِلَالَ خَمْسِ سَنَوَاتٍ,arabic_speech_corpus_wordtier,gold_diacritized_text,ويأمل الباحثون تطوير حبوب أو نسخة من الدواء قابلة للحقن خلال خمس سنوات
asc_main_ARA NORM  0363,C:\Users\Ali\Downloads\etib_project\etib\arabic_sentence_ending_training\data\raw\arabic_speech_corpus\arabic-speech-corpus\wav\ARA NORM  0363.wav,وَتُتِيحُ الْمَوَادُّ الَّتِي تَمَّ وَضْعُهَا عَلَى الْبَوَّابَةِ أَلْإِلكتْرُونِيَّةِ لِلْمَكْتَبَةِ مَرَاجِعَ مُهِمَّةً تَتَوَفَّرُ مَجَّاناً لِأَوَّلِ مَرَّةٍ عَلَى الْإِنْتِرْنِت لِكَافَّةِ الْمُسْتَخْدِمِينَ,arabic_speech_corpus_wordtier,gold_diacritized_text,وتتيح المواد التي تم وضعها على البوابة الإلكترونية للمكتبة مراجع مهمة تتوفر مجانا لأول مرة على الإنترنت لكافة المستخدمين.
asc_main_ARA NORM  0366,C:\Users\Ali\Downloads\etib_project\etib\arabic_sentence_ending_training\data\raw\arabic_speech_corpus\arabic-speech-corpus\wav\ARA NORM  0366.wav,مُضِيفَةً أَنَّهُ تَسَبَّبَ فِي أَرْبَع مِئَةِ أَلْفِ حَالَةِ وَفَاةٍ مُبَكَّرَةٍ عَامَ أَلْفَين وَأَحَدَ عَشَر,arabic_speech_corpus_wordtier,gold_diacritized_text,مضيفة أنه تسبب في 400 ألف حالة وفاة مبكرة عام 2011
asc_main_ARA NORM  0367,C:\Users\Ali\Downloads\etib_project\etib\arabic_sentence_ending_training\data\raw\arabic_speech_corpus\arabic-speech-corpus\wav\ARA NORM  0367.wav,قَالَتِ النَّاشِطَةُ الْحُقُوقيَّةُ فِي مَجَالِ الْعُمَّالِ هُدَى مُنْعِم فِي مُؤْتَمَرٍ صَحَفِيٍّ إِنَّ الْبَائِعَ الْمُتَجَوِّلَ يُمْكِنُ أَنْ يَكُونَ مَصْدَراً لِلدَّخْلِ الْقَوْمِيِّ إِذَا تَمَّ اسْتِغْلَالُهُ بِشَكْلٍ صَحِيحٍ,arabic_speech_corpus_wordtier,gold_diacritized_text,قالت الناشطة الحقوقية في مجال العمال هدى منعم في مؤتمر صحفي إن البائع المتجول يمكن أن يكون مصدرًا للدخل القومي إذا تم استغلاله بشكل صحيح.
asc_main_ARA NORM  0369,C:\Users\Ali\Downloads\etib_project\etib\arabic_sentence_ending_training\data\raw\arabic_speech_corpus\arabic-speech-corpus\wav\ARA NORM  0369.wav,وَهِيَ الْمَرَّةُ ال^َّانِيَةُ الَّتِي يُتَوَّجُ فِيهَا بِاللَّقَبِ عَلَى حِسَابِ مُوَاطِنِهِ أَلشُّرْبَجِي بَعْدَ الْأُولَى عَامَ أَلْفَين وَإِ^نا عَشَر وَبِ^َلَا^َةِ أَشْوَاطٍ مُقَابِلَ ^َلا^َةٌ وَعِشْرونَ عاماً شَوْطَيْنِ,arabic_speech_corpus_wordtier,gold_diacritized_text,وهي المرة الثانية التي يتوج فيها باللقب على حساب مواطنه الشربجي بعد الأولى عام 2012 وبثلاثة أشواط مقابل 23 عامًا شوطين.
asc_main_ARA NORM  0370,C:\Users\Ali\Downloads\etib_project\etib\arabic_sentence_ending_training\data\raw\arabic_speech_corpus\arabic-speech-corpus\wav\ARA NORM  0370.wav,كَوْنُهُ قَلَبَ تَخَلُّفَهُ بِشَوْطٍ لِشَوْطَيْنِ إِلَى فَوْزٍ بِ^َلَا^َةِ أَشْوَاطٍ مُقَابِلَ شَوْطَيْنِ,arabic_speech_corpus_wordtier,gold_diacritized_text,كونه قلب تخلفه بشوط لشوطين إلى فوز بثلاثة أشواط مقابل شوطين
asc_main_ARA NORM  0371,C:\Users\Ali\Downloads\etib_project\etib\arabic_sentence_ending_training\data\raw\arabic_speech_corpus\arabic-speech-corpus\wav\ARA NORM  0371.wav,نَظَراً لِكَمِّيَّةِ الْبَيَانَاتِ الشَّخْصِيَّةِ أَلَّتِي يَتِمُّ تَخْزِينُهَا عَلَيْهَا,arabic_speech_corpus_wordtier,gold_diacritized_text,نظراً لكمية البيانات الشخصية التي يتم تخزينها عليها
asc_main_ARA NORM  0373,C:\Users\Ali\Downloads\etib_project\etib\arabic_sentence_ending_training\data\raw\arabic_speech_corpus\arabic-speech-corpus\wav\ARA NORM  0373.wav,سَوَاءً كَانَ ذَلِكَ بِاسْتِخْدَامِ الرَّقْمِ السِّرِّيِّ أَوِ الْأَنْمَاطِ أَوْ بَصْمَةِ الْأَصَابِعِ أَوْ خَاصِّيَّةِ التَّعَرُّفِ عَلَى وَجْهِ الْمُسْتَخْدِمْ,arabic_speech_corpus_wordtier,gold_diacritized_text,سواء كان ذلك باستخدام الرقم السري أو الأنماط أو بصمة الأصابع أو خاصية التعرف على وجه المستخدم
asc_main_ARA NORM  0374,C:\Users\Ali\Downloads\etib_project\etib\arabic_sentence_ending_training\data\raw\arabic_speech_corpus\arabic-speech-corpus\wav\ARA NORM  0374.wav,فَيُمْكِنُ لِلْمُسْتَخْدِمِ الإِسْتِعَانَةُ بِوَظِيفَةِ تَحْدِيدِ الْمَوْقِعِ أَوْ وَظِيفَةِ حَذْفِ الْبَيَانَاتِ عَنْ بُعْدٍ لِلْحِفَاظِ عَلَى الْخُصُوصِيَّةِ,arabic_speech_corpus_wordtier,gold_diacritized_text,فيمكن للمستخدم الاستعانة بوظيفة تحديد الموقع أو وظيفة حذف البيانات عن بعد للحفاظ على الخصوصية
asc_main_ARA NORM  0376,C:\Users\Ali\Downloads\etib_project\etib\arabic_sentence_ending_training\data\raw\arabic_speech_corpus\arabic-speech-corpus\wav\ARA NORM  0376.wav,كَيْفَ تَتَصَرَّفُ لِتُوقِفَ تَسَاقُطَ شَعْرِكَ وَتُحَافِظَ عَلَى مَا تَبَقَّى مِنْهُ أَوْرَدَ مَوْقِعُ غَيْزُونْدِهَايتَّيْبْسْ أَلْأَلْمَانِيُّ أَلْإِلِكْترُونِيُّ الْمُخْتَصُّ بِالصِّحَةِ نَصَائِحَ هَامَّةً وَبَسِيطَةً قَدْ تُسَاعِدُكَ,arabic_speech_corpus_wordtier,gold_diacritized_text,كيف تتصرف لتوقف تساقط شعرك وتحافظ على ما تبقى منه؟ أورد موقع جايزوند هايد تيبس الألماني الإلكتروني المختص بالصحة نصائح هامة وبسيطة قد تساعدك
asc_main_ARA NORM  0377,C:\Users\Ali\Downloads\etib_project\etib\arabic_sentence_ending_training\data\raw\arabic_speech_corpus\arabic-speech-corpus\wav\ARA NORM  0377.wav,مِنْ أَهَمِّهَا مُرَاجَعَةُ طَبِيبٍ مُخْتَصٍّ فَوْرَ ظُهُورِ أَعْرَاضِ تَسَاقُطِ الشَّعْرِ,arabic_speech_corpus_wordtier,gold_diacritized_text,من أهمها مراجعة طبيب مختص فور ظهور أعراض تساقط الشعر
asc_main_ARA NORM  0379,C:\Users\Ali\Downloads\etib_project\etib\arabic_sentence_ending_training\data\raw\arabic_speech_corpus\arabic-speech-corpus\wav\ARA NORM  0379.wav,حَيْ^ُ يَجِبُ أَنْ يَكُونَ هُنَاكَ صَدِيقٌ لِلْمُسْتَخْدِمِ الرَّاغِبِ فِي الْإِنْضِمَامِ إِلَيْهَا,arabic_speech_corpus_wordtier,gold_diacritized_text,حيث يجب أن يكون هناك صديق للمستخدم الراغب في الانضمام إليها
asc_main_ARA NORM  0380,C:\Users\Ali\Downloads\etib_project\etib\arabic_sentence_ending_training\data\raw\arabic_speech_corpus\arabic-speech-corpus\wav\ARA NORM  0380.wav,مُوضِحَةً أَنَّهُ مِنَ الْمُحْتَمَلِ أَنْ تَبْدَأَ التَّجَارِبُ عَلَى اللِّقَاحَاتِ بِأَفْرِيقْيَا فِي دِيسَمْبَرْ كَانُونَ الْأَوَّلِ الْقَادِمْ,arabic_speech_corpus_wordtier,gold_diacritized_text,موضحة أنه من المحتمل أن تبدأ التجارب على اللقاحات بأفريقيا في ديسمبر كانون الأول القادم
